id,SKU,Nombre_Producto,Categoria,Marca,Precio_Venta_MXN,Costo_MXN,Stock_Disponible,Estado,Calificacion
8,PROD-00001,Engrapadora Industrial Vortex 323,Papelería y Oficina,Vortex,1815.52,737.38,57,Activo,3.7
PROD-00002,Sartén Antiadherente Krono 109,Hogar y Cocina,Krono,6213.92,4213.57,204,Activo,3.7
PROD-00003,Crema Hidratante Titan 393,Salud y Cuidado Personal,Titan,760.96,492.67,279,Activo,3.6
PROD-00004,Engrapadora Industrial Lumix 342,Papelería y Oficina,Lumix,188.64,116.02,301,Activo,3.9
PROD-00005,Kit de Pintura Nova 164,Juguetes y Juegos,Nova,1851.6,1032.42,51,Activo,4.6
PROD-00006,Smartwatch Urban 546,Electrónica,Urban,17793.46,12409.69,104,Activo,4.4
PROD-00007,Laptop Gamer Apex 268,Electrónica,Apex,2138.1,1511.71,107,Activo,4.3
PROD-00008,Mochila de Senderismo Apex 726,Deportes y Aire Libre,Apex,5373.57,3507.08,131,Activo,3.3
PROD-00009,Cepillo Eléctrico Nova 131,Salud y Cuidado Personal,Nova,109.14,47.29,196,Activo,3.5
PROD-00010,Novela de Ficción Aero 876,Libros y Entretenimiento,Aero,2663.52,1298.52,48,Activo,3.8
PROD-00011,Marcadores de Colores Urban 227,Papelería y Oficina,Urban,1418.77,631.98,42,Activo,4.2
PROD-00012,Cuaderno Profesional Zenith 612,Papelería y Oficina,Zenith,1696.5,692.1,442,Activo,3.4
PROD-00013,Post-it Adhesivos ProStyle 769,Papelería y Oficina,ProStyle,633.01,294.12,366,Activo,3.6
PROD-00014,Gafas de Sol Krono 292,Ropa y Moda,Krono,129.07,67.72,269,Activo,4.3
PROD-00015,Mouse Inalámbrico Urban 901,Electrónica,Urban,9248.33,5884.2,145,Activo,4.1
PROD-00016,Silla Ergonómica ProStyle 506,Papelería y Oficina,ProStyle,1937.9,1258.63,81,Activo,4.3
PROD-00017,Pantalón Mezclilla Krono 469,Ropa y Moda,Krono,1749.47,906.28,53,Activo,5.0
PROD-00018,Bandas de Resistencia Lumix 555,Deportes y Aire Libre,Lumix,8260.24,5111.17,433,Activo,4.4
PROD-00019,Set de Bloques de Construcción EcoLife 784,Juguetes y Juegos,EcoLife,3326.94,1971.16,372,Activo,3.8
PROD-00020,Libro de Finanzas Personales Nova 605,Libros y Entretenimiento,Nova,1117.28,641.25,74,Activo,3.8
PROD-00021,Kit de Cuidado Facial Vortex 294,Salud y Cuidado Personal,Vortex,140.2,67.11,272,Activo,3.9
PROD-00022,Kit de Pintura Titan 261,Juguetes y Juegos,Titan,813.27,421.41,189,Activo,4.4
PROD-00023,Audífonos Bluetooth Titan 767,Electrónica,Titan,20024.01,13923.56,247,Activo,4.1
PROD-00024,Purificador de Aire EcoLife 213,Hogar y Cocina,EcoLife,5812.76,3765.46,224,Activo,3.2
PROD-00025,Cuerda para Saltar Apex 398,Deportes y Aire Libre,Apex,2424.79,1307.3,465,Activo,3.3
PROD-00026,Organizador de Escritorio Aero 217,Papelería y Oficina,Aero,725.51,445.42,323,Activo,3.1
PROD-00027,Bicicleta de Montaña Lumix 293,Deportes y Aire Libre,Lumix,5829.72,3789.32,192,Activo,3.2
PROD-00028,Organizador de Escritorio Urban 969,Papelería y Oficina,Urban,179.8,96.51,4,Activo,3.3
PROD-00029,Libro de Desarrollo Personal EcoLife 247,Libros y Entretenimiento,EcoLife,1373.72,838.43,356,Activo,4.4
PROD-00030,Carro a Control Remoto Titan 723,Juguetes y Juegos,Titan,2215.86,1205.92,374,Activo,3.9
PROD-00031,Gel Antiséptico Vortex 101,Salud y Cuidado Personal,Vortex,1167.98,750.97,310,Activo,4.9
PROD-00032,Novela de Ficción Nexa 639,Libros y Entretenimiento,Nexa,502.55,294.98,222,Activo,4.9
PROD-00033,Juego de Cuchillos Vortex 308,Hogar y Cocina,Vortex,6831.14,3577.32,270,Activo,3.8
PROD-00034,Smartwatch Lumix 972,Electrónica,Lumix,13060.27,7340.7,355,Activo,4.4
PROD-00035,Set de Bloques de Construcción Apex 568,Juguetes y Juegos,Apex,2216.83,1020.01,418,Activo,4.7
PROD-00036,Audífonos Bluetooth Titan 965,Electrónica,Titan,9231.63,6329.94,130,Activo,4.2
PROD-00037,Casco de Ciclismo Zenith 547,Deportes y Aire Libre,Zenith,4702.9,3053.25,387,Activo,4.2
PROD-00038,Gafas de Sol ProStyle 711,Ropa y Moda,ProStyle,808.54,437.6,265,Activo,4.3
PROD-00039,Horno de Microondas ProStyle 915,Hogar y Cocina,ProStyle,8289.84,4829.01,418,Activo,4.0
PROD-00040,Juego de Sartenes EcoLife 722,Hogar y Cocina,EcoLife,4902.16,2645.35,479,Activo,4.3
PROD-00041,Peluche Gigante Titan 280,Juguetes y Juegos,Titan,2733.69,1492.96,407,Activo,4.9
PROD-00042,Masajeador Cervical Apex 496,Salud y Cuidado Personal,Apex,366.25,235.64,283,Activo,4.4
PROD-00043,Juego de Cuchillos Krono 278,Hogar y Cocina,Krono,4202.59,2480.67,356,Activo,3.4
PROD-00044,Calcetines Transpirables Nexa 917,Ropa y Moda,Nexa,2038.41,983.38,158,Activo,4.7
PROD-00045,Juego de Cuchillos Urban 899,Hogar y Cocina,Urban,6588.75,4544.59,271,Activo,3.1
PROD-00046,Juego de Sartenes ProStyle 945,Hogar y Cocina,ProStyle,8289.77,4562.24,262,Activo,4.4
PROD-00047,Lámpara de Escritorio EcoLife 402,Hogar y Cocina,EcoLife,5372.34,3267.62,395,Activo,3.1
PROD-00048,Masajeador Cervical EcoLife 462,Salud y Cuidado Personal,EcoLife,2344.51,1242.54,373,Activo,3.3
PROD-00049,Purificador de Aire Lumix 507,Hogar y Cocina,Lumix,292.14,184.06,247,Activo,4.8
PROD-00050,Destrozadora de Papel Apex 784,Papelería y Oficina,Apex,2144.21,1358.8,438,Activo,3.7
PROD-00051,Cuaderno Profesional Zenith 292,Papelería y Oficina,Zenith,2440.14,1163.68,204,Activo,4.2
PROD-00052,Cámara DSLR Nova 710,Electrónica,Nova,23613.63,15073.94,71,Activo,3.3
PROD-00053,Aspiradora Robot Apex 698,Hogar y Cocina,Apex,1099.64,558.7,106,Activo,3.3
PROD-00054,Post-it Adhesivos Titan 278,Papelería y Oficina,Titan,123.94,76.47,479,Activo,4.0
PROD-00055,Teclado Mecánico Titan 867,Electrónica,Titan,15284.61,10997.58,185,Activo,3.4
PROD-00056,Cepillo Eléctrico Vortex 130,Salud y Cuidado Personal,Vortex,2208.21,990.4,388,Activo,4.7
PROD-00057,Monitor 4K EcoLife 171,Electrónica,EcoLife,11931.94,6910.14,132,Activo,3.6
PROD-00058,Juego de Sartenes Apex 829,Hogar y Cocina,Apex,7684.99,5317.9,252,Activo,4.9
PROD-00059,Juego de Sartenes Titan 709,Hogar y Cocina,Titan,2859.95,1849.42,172,Activo,4.0
PROD-00060,Pista de Carreras EcoLife 514,Juguetes y Juegos,EcoLife,542.22,290.61,393,Activo,3.8
PROD-00061,Peluche Gigante ProStyle 350,Juguetes y Juegos,ProStyle,1601.61,732.74,320,Activo,3.4
PROD-00062,Pista de Carreras Aero 852,Juguetes y Juegos,Aero,621.69,281.09,409,Activo,4.1
PROD-00063,Pista de Carreras Nexa 101,Juguetes y Juegos,Nexa,580.47,276.08,299,Activo,3.5
PROD-00064,Chamarra de Pluma Nexa 695,Ropa y Moda,Nexa,551.48,281.35,130,Activo,4.4
PROD-00065,Libro de Finanzas Personales Vortex 101,Libros y Entretenimiento,Vortex,3282.15,1689.01,123,Activo,3.7
PROD-00066,Libro de Desarrollo Personal Titan 619,Libros y Entretenimiento,Titan,2930.14,1703.3,131,Activo,3.4
PROD-00067,Guantes de Gimnasio Lumix 793,Deportes y Aire Libre,Lumix,952.34,533.82,172,Activo,4.7
PROD-00068,Carpeta de Argollas Nexa 817,Papelería y Oficina,Nexa,713.64,313.33,391,Activo,3.5
PROD-00069,Gorra Deportiva Vortex 154,Ropa y Moda,Vortex,1209.56,671.14,313,Activo,3.5
PROD-00070,Botella de Agua Térmica ProStyle 289,Deportes y Aire Libre,ProStyle,381.63,222.4,450,Activo,4.4
PROD-00071,Consola Portátil de Videojuegos Vortex 925,Juguetes y Juegos,Vortex,1524.27,1000.94,426,Activo,3.2
PROD-00072,Rasuradora Eléctrica Nexa 979,Salud y Cuidado Personal,Nexa,589.1,259.24,95,Activo,3.7
PROD-00073,Set de Bloques de Construcción Nova 625,Juguetes y Juegos,Nova,3390.87,1725.25,388,Activo,3.4
PROD-00074,Aspiradora Robot ProStyle 668,Hogar y Cocina,ProStyle,3151.38,1860.52,168,Activo,4.2
PROD-00075,Destrozadora de Papel Nexa 710,Papelería y Oficina,Nexa,495.53,232.26,331,Activo,4.4
PROD-00076,Bandas de Resistencia Urban 118,Deportes y Aire Libre,Urban,1283.18,668.35,455,Activo,4.3
PROD-00077,Teclado Mecánico Nova 493,Electrónica,Nova,24910.95,16047.96,20,Activo,4.0
PROD-00078,Muñeca Articulada Urban 826,Juguetes y Juegos,Urban,365.49,241.11,278,Activo,3.4
PROD-00079,Secadora de Cabello Lumix 737,Salud y Cuidado Personal,Lumix,1165.28,639.07,20,Activo,4.8
PROD-00080,Sudadera con Capucha Nexa 817,Ropa y Moda,Nexa,2458.37,1329.16,26,Activo,4.7
PROD-00081,Cinturón de Piel Lumix 449,Ropa y Moda,Lumix,2340.34,1299.71,199,Activo,4.0
PROD-00082,Mochila de Senderismo Krono 481,Deportes y Aire Libre,Krono,4647.55,2901.21,149,Activo,4.4
PROD-00083,Set de Bloques de Construcción Vortex 241,Juguetes y Juegos,Vortex,542.82,369.34,48,Activo,3.9
PROD-00084,Bascula Digital Nexa 223,Salud y Cuidado Personal,Nexa,2297.39,1087.77,313,Activo,4.7
PROD-00085,Marcadores de Colores Nexa 253,Papelería y Oficina,Nexa,1594.7,838.54,105,Activo,3.1
PROD-00086,Libro de Desarrollo Personal Nova 441,Libros y Entretenimiento,Nova,2450.48,1566.32,261,Activo,4.0
PROD-00087,Libro de Desarrollo Personal Nexa 372,Libros y Entretenimiento,Nexa,2955.44,1821.14,119,Activo,4.2
PROD-00088,Calculadora Científica Vortex 242,Papelería y Oficina,Vortex,179.81,77.65,290,Activo,3.8
PROD-00089,Cámara DSLR Aero 954,Electrónica,Aero,20796.01,13002.24,453,Activo,3.6
PROD-00090,Cuento Infantil Ilustrado Nexa 807,Libros y Entretenimiento,Nexa,2342.61,1385.11,20,Activo,4.9
PROD-00091,Sartén Antiadherente Vortex 872,Hogar y Cocina,Vortex,445.78,224.68,333,Activo,4.8
PROD-00092,Tenis Deportivos Zenith 668,Ropa y Moda,Zenith,422.36,242.61,30,Activo,4.2
PROD-00093,Sartén Antiadherente EcoLife 379,Hogar y Cocina,EcoLife,641.15,444.92,495,Activo,4.3
PROD-00094,Cuaderno Profesional ProStyle 735,Papelería y Oficina,ProStyle,1652.88,769.82,423,Activo,4.9
PROD-00095,Mancuernas Ajustables Apex 275,Deportes y Aire Libre,Apex,4014.81,2400.24,129,Activo,4.7
PROD-00096,Mochila de Senderismo Nexa 171,Deportes y Aire Libre,Nexa,2348.17,1327.76,357,Activo,4.1
PROD-00097,Aspiradora Robot Titan 509,Hogar y Cocina,Titan,7396.45,5106.56,50,Activo,3.6
PROD-00098,Pantalón Mezclilla Nexa 133,Ropa y Moda,Nexa,245.9,102.84,170,Activo,3.5
PROD-00099,Kit de Pintura Aero 268,Juguetes y Juegos,Aero,3178.22,2171.84,62,Activo,4.2
PROD-00100,Tablet 10 pulgadas Nexa 366,Electrónica,Nexa,10736.81,7325.03,269,Activo,4.4
PROD-00101,Bicicleta de Montaña Vortex 507,Deportes y Aire Libre,Vortex,3443.57,2185.63,336,Activo,3.4
PROD-00102,Teclado Mecánico Urban 650,Electrónica,Urban,22245.42,16378.84,474,Activo,4.5
PROD-00103,Tenis Deportivos Zenith 940,Ropa y Moda,Zenith,1724.73,1023.96,340,Activo,3.2
PROD-00104,Purificador de Aire Apex 758,Hogar y Cocina,Apex,1047.74,632.66,23,Activo,3.8
PROD-00105,Bicicleta de Montaña ProStyle 783,Deportes y Aire Libre,ProStyle,5791.09,3501.81,114,Activo,3.6
PROD-00106,Libro de Desarrollo Personal Zenith 942,Libros y Entretenimiento,Zenith,797.23,404.56,480,Activo,3.3
PROD-00107,Post-it Adhesivos Vortex 333,Papelería y Oficina,Vortex,1691.45,697.27,485,Activo,4.8
PROD-00108,Cepillo Eléctrico ProStyle 248,Salud y Cuidado Personal,ProStyle,1275.37,512.48,334,Activo,4.9
PROD-00109,Marcadores de Colores Lumix 140,Papelería y Oficina,Lumix,2115.45,1253.04,412,Activo,4.6
PROD-00110,Carro a Control Remoto Krono 547,Juguetes y Juegos,Krono,814.99,429.47,179,Activo,4.5
PROD-00111,Cuento Infantil Ilustrado Aero 981,Libros y Entretenimiento,Aero,490.62,335.95,279,Activo,4.9
PROD-00112,Smartwatch Urban 600,Electrónica,Urban,13144.54,7486.2,475,Activo,3.4
PROD-00113,Masajeador Cervical Krono 411,Salud y Cuidado Personal,Krono,2219.86,1076.76,284,Activo,4.9
PROD-00114,Gel Antiséptico Apex 283,Salud y Cuidado Personal,Apex,1334.36,588.29,109,Activo,4.0
PROD-00115,Kit de Cuidado Facial Apex 983,Salud y Cuidado Personal,Apex,528.68,249.94,309,Activo,3.6
PROD-00116,Laptop Gamer Nexa 451,Electrónica,Nexa,20196.23,13735.96,301,Activo,4.0
PROD-00117,Vitaminas Multivitamínicas Nova 337,Salud y Cuidado Personal,Nova,1489.11,926.54,46,Activo,4.3
PROD-00118,Crema Hidratante Titan 105,Salud y Cuidado Personal,Titan,591.89,366.52,293,Activo,3.6
PROD-00119,Cepillo Eléctrico Vortex 938,Salud y Cuidado Personal,Vortex,534.15,255.25,464,Activo,4.1
PROD-00120,Mochila de Senderismo Aero 327,Deportes y Aire Libre,Aero,6917.99,4152.97,146,Activo,3.9
PROD-00121,Cuaderno Profesional Aero 204,Papelería y Oficina,Aero,2435.82,1042.88,53,Activo,3.2
PROD-00122,Bandas de Resistencia ProStyle 450,Deportes y Aire Libre,ProStyle,4954.05,2925.81,365,Activo,3.1
PROD-00123,Vestido Casual Nova 732,Ropa y Moda,Nova,751.44,305.08,410,Activo,4.0
PROD-00124,Consola Portátil de Videojuegos Apex 606,Juguetes y Juegos,Apex,1686.79,762.52,39,Activo,3.9
PROD-00125,Horno de Microondas Titan 958,Hogar y Cocina,Titan,5582.14,3057.21,473,Activo,4.3
PROD-00126,Crema Hidratante EcoLife 324,Salud y Cuidado Personal,EcoLife,1296.17,781.15,383,Activo,3.3
PROD-00127,Rasuradora Eléctrica Lumix 539,Salud y Cuidado Personal,Lumix,2097.14,1333.46,15,Activo,3.7
PROD-00128,Calculadora Científica Krono 411,Papelería y Oficina,Krono,2145.81,1064.91,78,Activo,3.7
PROD-00129,Calculadora Científica Aero 418,Papelería y Oficina,Aero,191.2,101.03,216,Activo,4.5
PROD-00130,Laptop Gamer Vortex 525,Electrónica,Vortex,18329.92,10647.06,254,Activo,5.0
PROD-00131,Muñeca Articulada Titan 841,Juguetes y Juegos,Titan,965.84,473.04,479,Activo,4.1
PROD-00132,Calcetines Transpirables Nexa 523,Ropa y Moda,Nexa,1573.17,645.33,408,Activo,3.9
PROD-00133,Enciclopedia Ilustrada ProStyle 808,Libros y Entretenimiento,ProStyle,3440.92,1995.22,108,Activo,3.6
PROD-00134,Bocina Portátil Nexa 763,Electrónica,Nexa,24033.12,14967.84,141,Activo,3.3
PROD-00135,Masajeador Cervical Zenith 490,Salud y Cuidado Personal,Zenith,1952.74,830.53,391,Activo,4.8
PROD-00136,Audífonos Bluetooth Nova 988,Electrónica,Nova,13798.48,8550.8,305,Activo,5.0
PROD-00137,Set de Bolígrafos Urban 752,Papelería y Oficina,Urban,2200.18,1277.79,472,Activo,4.8
PROD-00138,Muñeca Articulada Krono 437,Juguetes y Juegos,Krono,1034.32,543.3,368,Activo,3.4
PROD-00139,Juego de Sartenes Nexa 838,Hogar y Cocina,Nexa,4115.15,2539.67,354,Activo,3.4
PROD-00140,Teclado Mecánico Krono 933,Electrónica,Krono,5593.68,3938.34,262,Activo,3.2
PROD-00141,Protector Solar Zenith 679,Salud y Cuidado Personal,Zenith,1205.42,558.3,198,Activo,3.3
PROD-00142,Cafetera de Goteo Vortex 842,Hogar y Cocina,Vortex,2805.97,1781.0,267,Activo,3.3
PROD-00143,Mochila de Senderismo Titan 374,Deportes y Aire Libre,Titan,1084.78,562.17,66,Activo,4.8
PROD-00144,Bascula Digital Urban 331,Salud y Cuidado Personal,Urban,2257.19,1435.47,312,Activo,4.1
PROD-00145,Cinturón de Piel ProStyle 561,Ropa y Moda,ProStyle,2365.41,1011.5,140,Activo,4.3
PROD-00146,Secadora de Cabello Zenith 415,Salud y Cuidado Personal,Zenith,2431.6,1042.48,216,Activo,4.0
PROD-00147,Post-it Adhesivos Apex 683,Papelería y Oficina,Apex,395.25,230.62,57,Activo,4.6
PROD-00148,Pelota de Fútbol Lumix 158,Deportes y Aire Libre,Lumix,7432.51,4733.09,108,Activo,3.4
PROD-00149,Laptop Gamer Lumix 152,Electrónica,Lumix,24004.14,17141.18,197,Activo,5.0
PROD-00150,Calcetines Transpirables Lumix 706,Ropa y Moda,Lumix,823.04,364.31,465,Activo,3.8
PROD-00151,Silla Ergonómica Vortex 755,Papelería y Oficina,Vortex,401.95,232.31,192,Activo,3.1
PROD-00152,Playera de Algodón ProStyle 502,Ropa y Moda,ProStyle,429.45,255.97,33,Activo,3.0
PROD-00153,Cafetera de Goteo ProStyle 794,Hogar y Cocina,ProStyle,2715.76,1663.82,252,Activo,4.2
PROD-00154,Lámpara de Escritorio Nova 520,Hogar y Cocina,Nova,7061.11,4751.69,60,Activo,4.7
PROD-00155,Mochila de Senderismo Krono 810,Deportes y Aire Libre,Krono,1083.8,705.09,37,Activo,4.1
PROD-00156,Set de Bolígrafos Vortex 460,Papelería y Oficina,Vortex,894.11,517.87,324,Activo,3.1
PROD-00157,Freidora de Aire Lumix 782,Hogar y Cocina,Lumix,6140.87,4269.64,296,Activo,4.6
PROD-00158,Kit de Pintura Nova 854,Juguetes y Juegos,Nova,1326.48,608.17,134,Activo,4.0
PROD-00159,Lámpara de Escritorio Urban 281,Hogar y Cocina,Urban,7462.29,4241.95,266,Activo,3.3
PROD-00160,Libro de Poesía EcoLife 542,Libros y Entretenimiento,EcoLife,970.8,668.37,184,Activo,4.4
PROD-00161,Juego de Mesa Familiar Nova 774,Juguetes y Juegos,Nova,3134.67,1568.09,123,Activo,4.5
PROD-00162,Mouse Inalámbrico Lumix 352,Electrónica,Lumix,11172.22,6461.64,330,Activo,4.6
PROD-00163,Kit de Cuidado Facial Titan 524,Salud y Cuidado Personal,Titan,2462.13,1403.44,146,Activo,4.6
PROD-00164,Guía de Viajes Titan 477,Libros y Entretenimiento,Titan,2066.59,1034.91,322,Activo,4.6
PROD-00165,Calculadora Científica Urban 243,Papelería y Oficina,Urban,969.24,390.66,268,Activo,4.7
PROD-00166,Gel Antiséptico Vortex 384,Salud y Cuidado Personal,Vortex,1570.32,946.39,476,Activo,4.8
PROD-00167,Casco de Ciclismo Titan 728,Deportes y Aire Libre,Titan,5456.1,3607.94,423,Activo,3.2
PROD-00168,Silla Ergonómica Zenith 952,Papelería y Oficina,Zenith,1860.27,1181.94,379,Activo,3.1
PROD-00169,Juego de Sartenes Nexa 347,Hogar y Cocina,Nexa,5308.91,3208.71,475,Activo,3.4
PROD-00170,Kit de Pintura Nova 222,Juguetes y Juegos,Nova,2668.69,1564.01,100,Activo,4.3
PROD-00171,Monitor 4K Vortex 177,Electrónica,Vortex,11808.59,8629.23,233,Activo,4.6
PROD-00172,Enciclopedia Ilustrada Aero 442,Libros y Entretenimiento,Aero,2297.04,1354.99,321,Activo,5.0
PROD-00173,Cinturón de Piel Vortex 834,Ropa y Moda,Vortex,1547.48,952.31,437,Activo,3.6
PROD-00174,Gel Antiséptico Lumix 937,Salud y Cuidado Personal,Lumix,1942.52,1090.02,95,Activo,3.5
PROD-00175,Carpeta de Argollas ProStyle 349,Papelería y Oficina,ProStyle,1425.09,707.86,151,Activo,3.4
PROD-00176,Pista de Carreras Urban 397,Juguetes y Juegos,Urban,648.22,306.14,173,Activo,3.9
PROD-00177,Bandas de Resistencia Aero 280,Deportes y Aire Libre,Aero,5026.95,3002.16,314,Activo,3.7
PROD-00178,Peluche Gigante Zenith 932,Juguetes y Juegos,Zenith,1017.83,649.22,254,Activo,4.6
PROD-00179,Chamarra de Pluma ProStyle 642,Ropa y Moda,ProStyle,1766.63,1084.1,103,Activo,3.8
PROD-00180,Cuerda para Saltar Titan 429,Deportes y Aire Libre,Titan,8053.71,5220.67,326,Activo,4.6
PROD-00181,Organizador de Escritorio Apex 466,Papelería y Oficina,Apex,1324.27,629.48,131,Activo,3.1
PROD-00182,Juego de Cuchillos Krono 129,Hogar y Cocina,Krono,4005.56,2327.91,302,Activo,3.7
PROD-00183,Playera de Algodón Titan 385,Ropa y Moda,Titan,396.4,171.41,237,Activo,4.4
PROD-00184,Pantalón Mezclilla Nova 806,Ropa y Moda,Nova,362.22,227.69,215,Activo,5.0
PROD-00185,Novela de Ficción Zenith 609,Libros y Entretenimiento,Zenith,2410.85,1504.9,150,Activo,4.8
PROD-00186,Guantes de Gimnasio EcoLife 113,Deportes y Aire Libre,EcoLife,3317.25,1901.91,58,Activo,3.6
PROD-00187,Cafetera de Goteo Vortex 842,Hogar y Cocina,Vortex,2772.96,1677.83,483,Activo,4.9
PROD-00188,Vestido Casual Apex 993,Ropa y Moda,Apex,824.89,509.52,407,Activo,4.5
PROD-00189,Destrozadora de Papel ProStyle 713,Papelería y Oficina,ProStyle,495.32,213.89,56,Activo,4.0
PROD-00190,Sudadera con Capucha Krono 517,Ropa y Moda,Krono,1788.67,918.8,495,Activo,3.0
PROD-00191,Cinturón de Piel EcoLife 561,Ropa y Moda,EcoLife,59.11,32.46,8,Activo,3.4
PROD-00192,Post-it Adhesivos Krono 696,Papelería y Oficina,Krono,792.39,472.61,86,Activo,4.9
PROD-00193,Muñeca Articulada Vortex 346,Juguetes y Juegos,Vortex,3443.98,2057.44,433,Activo,4.0
PROD-00194,Horno de Microondas Nexa 955,Hogar y Cocina,Nexa,6962.43,3600.45,254,Activo,3.4
PROD-00195,Set de Bolígrafos Aero 950,Papelería y Oficina,Aero,921.82,472.49,250,Activo,3.5
PROD-00196,Smartwatch Zenith 925,Electrónica,Zenith,8071.42,5925.48,12,Activo,4.6
PROD-00197,Pista de Carreras Lumix 827,Juguetes y Juegos,Lumix,1082.46,512.98,110,Activo,4.6
PROD-00198,Carpeta de Argollas Zenith 922,Papelería y Oficina,Zenith,642.9,335.93,215,Activo,4.3
PROD-00199,Libro de Finanzas Personales ProStyle 880,Libros y Entretenimiento,ProStyle,1543.09,844.7,294,Activo,3.7
PROD-00200,Libro de Finanzas Personales Urban 836,Libros y Entretenimiento,Urban,1737.37,994.68,148,Activo,3.7
PROD-00201,Lámpara de Escritorio Titan 913,Hogar y Cocina,Titan,5866.79,4060.7,181,Activo,3.9
PROD-00202,Novela de Ficción Vortex 410,Libros y Entretenimiento,Vortex,287.58,133.09,197,Activo,3.1
PROD-00203,Chamarra de Pluma Titan 492,Ropa y Moda,Titan,2096.68,1139.52,439,Activo,4.5
PROD-00204,Marcadores de Colores Lumix 105,Papelería y Oficina,Lumix,981.97,443.1,119,Activo,3.5
PROD-00205,Rompecabezas 1000 piezas Urban 556,Juguetes y Juegos,Urban,719.91,345.73,140,Activo,4.2
PROD-00206,Cepillo Eléctrico Nova 537,Salud y Cuidado Personal,Nova,1050.32,628.8,301,Activo,3.5
PROD-00207,Freidora de Aire Titan 848,Hogar y Cocina,Titan,1579.42,1085.61,82,Activo,3.7
PROD-00208,Sudadera con Capucha Urban 514,Ropa y Moda,Urban,832.23,440.79,97,Activo,4.2
PROD-00209,Calculadora Científica Apex 896,Papelería y Oficina,Apex,1329.45,549.39,185,Activo,4.6
PROD-00210,Silla Ergonómica ProStyle 697,Papelería y Oficina,ProStyle,1783.24,1145.16,81,Activo,3.7
PROD-00211,Tablet 10 pulgadas EcoLife 376,Electrónica,EcoLife,15753.47,9848.65,426,Activo,3.1
PROD-00212,Engrapadora Industrial Aero 776,Papelería y Oficina,Aero,1349.99,593.21,256,Activo,4.2
PROD-00213,Silla Ergonómica Lumix 599,Papelería y Oficina,Lumix,222.37,92.26,57,Activo,3.7
PROD-00214,Audífonos Bluetooth Aero 816,Electrónica,Aero,6031.41,4143.11,412,Activo,3.8
PROD-00215,Bicicleta de Montaña Urban 582,Deportes y Aire Libre,Urban,3709.01,2397.86,252,Activo,4.5
PROD-00216,Tablet 10 pulgadas Krono 955,Electrónica,Krono,23062.19,15385.74,374,Activo,3.2
PROD-00217,Audífonos Bluetooth Lumix 336,Electrónica,Lumix,12967.24,7206.34,313,Activo,3.6
PROD-00218,Novela de Ficción Urban 376,Libros y Entretenimiento,Urban,1715.64,1151.52,279,Activo,4.4
PROD-00219,Marcadores de Colores Aero 371,Papelería y Oficina,Aero,1320.51,737.01,207,Activo,3.9
PROD-00220,Libro de Desarrollo Personal Nova 289,Libros y Entretenimiento,Nova,3431.58,1816.2,25,Activo,4.4
PROD-00221,Libro de Finanzas Personales Aero 447,Libros y Entretenimiento,Aero,2026.43,1404.66,219,Activo,4.5
PROD-00222,Juego de Mesa Familiar Lumix 127,Juguetes y Juegos,Lumix,3435.13,1593.62,244,Activo,3.9
PROD-00223,Freidora de Aire EcoLife 706,Hogar y Cocina,EcoLife,556.33,373.94,125,Activo,5.0
PROD-00224,Mochila de Senderismo Aero 966,Deportes y Aire Libre,Aero,5377.58,2792.08,487,Activo,4.9
PROD-00225,Pista de Carreras Nova 317,Juguetes y Juegos,Nova,1838.04,847.87,297,Activo,3.1
PROD-00226,Cafetera de Goteo Nova 492,Hogar y Cocina,Nova,5239.52,3076.76,322,Activo,3.9
PROD-00227,Libro de Poesía EcoLife 440,Libros y Entretenimiento,EcoLife,1129.82,555.01,49,Activo,3.2
PROD-00228,Protector Solar Nexa 963,Salud y Cuidado Personal,Nexa,1609.52,693.93,356,Activo,3.1
PROD-00229,Tenis Deportivos Vortex 150,Ropa y Moda,Vortex,1643.66,933.71,114,Activo,4.0
PROD-00230,Set de Bolígrafos EcoLife 244,Papelería y Oficina,EcoLife,497.9,247.73,229,Activo,3.1
PROD-00231,Bicicleta de Montaña EcoLife 444,Deportes y Aire Libre,EcoLife,6128.14,3974.73,481,Activo,4.7
PROD-00232,Guía de Viajes Nexa 178,Libros y Entretenimiento,Nexa,1431.07,784.62,135,Activo,4.6
PROD-00233,Guía de Viajes Krono 573,Libros y Entretenimiento,Krono,1699.45,1175.45,485,Activo,3.8
PROD-00234,Engrapadora Industrial Apex 606,Papelería y Oficina,Apex,2248.27,1117.61,56,Activo,4.4
PROD-00235,Cafetera de Goteo Vortex 285,Hogar y Cocina,Vortex,5840.1,3692.97,317,Activo,5.0
PROD-00236,Carro a Control Remoto Zenith 570,Juguetes y Juegos,Zenith,2260.0,1446.84,478,Activo,3.3
PROD-00237,Cepillo Eléctrico ProStyle 268,Salud y Cuidado Personal,ProStyle,1340.01,754.68,354,Activo,4.1
PROD-00238,Cámara DSLR Nova 535,Electrónica,Nova,15834.5,9076.67,126,Activo,4.7
PROD-00239,Secadora de Cabello Zenith 244,Salud y Cuidado Personal,Zenith,1060.43,645.09,38,Activo,4.7
PROD-00240,Lámpara de Escritorio Nexa 817,Hogar y Cocina,Nexa,2049.81,1155.5,99,Activo,4.8
PROD-00241,Guía de Viajes Krono 917,Libros y Entretenimiento,Krono,2437.71,1545.73,58,Activo,4.8
PROD-00242,Tenis Deportivos Titan 452,Ropa y Moda,Titan,963.93,520.43,155,Activo,4.1
PROD-00243,Vestido Casual Nexa 662,Ropa y Moda,Nexa,1725.79,773.27,1,Activo,4.3
PROD-00244,Audífonos Bluetooth Zenith 541,Electrónica,Zenith,21618.9,14465.96,106,Activo,3.9
PROD-00245,Freidora de Aire Vortex 408,Hogar y Cocina,Vortex,289.71,151.25,368,Activo,3.1
PROD-00246,Vitaminas Multivitamínicas Nexa 980,Salud y Cuidado Personal,Nexa,645.45,402.8,336,Activo,5.0
PROD-00247,Tablet 10 pulgadas EcoLife 889,Electrónica,EcoLife,11662.47,6538.86,256,Activo,3.4
PROD-00248,Audífonos Bluetooth Vortex 829,Electrónica,Vortex,3585.08,2528.76,169,Activo,3.1
PROD-00249,Juego de Mesa Familiar Apex 692,Juguetes y Juegos,Apex,2384.98,1319.66,395,Activo,3.8
PROD-00250,Juego de Sartenes Krono 984,Hogar y Cocina,Krono,2786.57,1565.2,13,Activo,3.0
PROD-00251,Mochila de Senderismo Lumix 929,Deportes y Aire Libre,Lumix,994.43,523.12,113,Activo,4.9
PROD-00252,Tapete de Yoga Titan 276,Deportes y Aire Libre,Titan,7406.32,4781.01,139,Activo,4.3
PROD-00253,Calculadora Científica Titan 982,Papelería y Oficina,Titan,1207.86,499.62,196,Activo,3.2
PROD-00254,Chamarra de Pluma Apex 849,Ropa y Moda,Apex,1269.65,819.97,364,Activo,3.8
PROD-00255,Tablet 10 pulgadas Apex 386,Electrónica,Apex,4992.31,3067.88,443,Activo,4.7
PROD-00256,Pista de Carreras Aero 755,Juguetes y Juegos,Aero,1741.18,886.43,400,Activo,4.6
PROD-00257,Laptop Gamer ProStyle 322,Electrónica,ProStyle,15337.9,10346.84,394,Activo,4.7
PROD-00258,Libro de Desarrollo Personal EcoLife 417,Libros y Entretenimiento,EcoLife,2215.7,1274.66,84,Activo,4.0
PROD-00259,Smartwatch Vortex 225,Electrónica,Vortex,8512.61,5245.65,85,Activo,4.3
PROD-00260,Guía de Viajes ProStyle 644,Libros y Entretenimiento,ProStyle,2220.2,1449.98,402,Activo,4.3
PROD-00261,Secadora de Cabello Nova 790,Salud y Cuidado Personal,Nova,1974.36,794.17,88,Activo,3.3
PROD-00262,Monitor 4K Aero 339,Electrónica,Aero,12639.9,9102.11,338,Activo,4.8
PROD-00263,Crema Hidratante ProStyle 123,Salud y Cuidado Personal,ProStyle,1163.4,677.14,91,Activo,3.1
PROD-00264,Freidora de Aire Vortex 213,Hogar y Cocina,Vortex,8498.51,5942.32,50,Activo,3.1
PROD-00265,Vitaminas Multivitamínicas Aero 936,Salud y Cuidado Personal,Aero,545.21,331.76,494,Activo,3.9
PROD-00266,Silla Ergonómica Lumix 739,Papelería y Oficina,Lumix,2416.6,1278.16,432,Activo,3.7
PROD-00267,Engrapadora Industrial Apex 151,Papelería y Oficina,Apex,2414.53,1065.57,145,Activo,4.0
PROD-00268,Marcadores de Colores ProStyle 632,Papelería y Oficina,ProStyle,106.75,50.51,77,Activo,4.4
PROD-00269,Mochila de Senderismo Vortex 213,Deportes y Aire Libre,Vortex,7788.68,4572.11,75,Activo,3.7
PROD-00270,Enciclopedia Ilustrada Lumix 150,Libros y Entretenimiento,Lumix,220.84,145.94,24,Activo,4.1
PROD-00271,Cepillo Eléctrico Nexa 618,Salud y Cuidado Personal,Nexa,562.36,338.75,487,Activo,3.2
PROD-00272,Libro de Poesía Nexa 689,Libros y Entretenimiento,Nexa,2733.38,1594.5,109,Activo,3.9
PROD-00273,Silla Ergonómica Nova 661,Papelería y Oficina,Nova,669.32,303.15,215,Activo,3.9
PROD-00274,Vestido Casual Nova 491,Ropa y Moda,Nova,2256.33,1030.92,442,Activo,4.9
PROD-00275,Pista de Carreras Zenith 956,Juguetes y Juegos,Zenith,2934.92,2050.3,304,Activo,3.4
PROD-00276,Mochila de Senderismo EcoLife 417,Deportes y Aire Libre,EcoLife,2548.93,1769.86,68,Activo,3.5
PROD-00277,Biografía Histórica Lumix 229,Libros y Entretenimiento,Lumix,1374.34,932.76,474,Activo,4.4
PROD-00278,Pista de Carreras EcoLife 697,Juguetes y Juegos,EcoLife,355.51,178.83,190,Activo,4.7
PROD-00279,Enciclopedia Ilustrada Lumix 532,Libros y Entretenimiento,Lumix,571.66,380.81,167,Activo,3.5
PROD-00280,Calcetines Transpirables Zenith 725,Ropa y Moda,Zenith,2117.57,1031.32,483,Activo,4.5
PROD-00281,Organizador de Escritorio Nexa 267,Papelería y Oficina,Nexa,1621.43,953.67,459,Activo,4.2
PROD-00282,Laptop Gamer Zenith 611,Electrónica,Zenith,18778.45,13432.43,453,Activo,3.4
PROD-00283,Chamarra de Pluma Krono 571,Ropa y Moda,Krono,1652.46,727.42,382,Activo,3.6
PROD-00284,Guantes de Gimnasio EcoLife 461,Deportes y Aire Libre,EcoLife,6602.43,3771.08,394,Activo,4.9
PROD-00285,Calculadora Científica EcoLife 874,Papelería y Oficina,EcoLife,904.49,434.95,122,Activo,4.3
PROD-00286,Biografía Histórica Vortex 778,Libros y Entretenimiento,Vortex,1635.62,1134.77,194,Activo,3.0
PROD-00287,Horno de Microondas Vortex 947,Hogar y Cocina,Vortex,4213.34,2373.57,69,Activo,3.1
PROD-00288,Biografía Histórica Titan 239,Libros y Entretenimiento,Titan,219.7,120.77,11,Activo,3.8
PROD-00289,Biografía Histórica Aero 179,Libros y Entretenimiento,Aero,3399.74,1954.82,187,Activo,3.5
PROD-00290,Calcetines Transpirables Krono 368,Ropa y Moda,Krono,252.92,122.91,248,Activo,4.2
PROD-00291,Freidora de Aire Aero 461,Hogar y Cocina,Aero,7061.52,4302.98,92,Activo,4.4
PROD-00292,Teclado Mecánico Krono 955,Electrónica,Krono,20288.14,12274.79,198,Activo,4.4
PROD-00293,Horno de Microondas Lumix 870,Hogar y Cocina,Lumix,277.44,143.02,198,Activo,4.0
PROD-00294,Libro de Finanzas Personales ProStyle 692,Libros y Entretenimiento,ProStyle,2593.13,1811.39,179,Activo,3.5
PROD-00295,Protector Solar Titan 161,Salud y Cuidado Personal,Titan,1807.4,1030.41,248,Activo,3.3
PROD-00296,Botella de Agua Térmica Aero 924,Deportes y Aire Libre,Aero,7354.83,4872.7,285,Activo,3.5
PROD-00297,Aspiradora Robot Nova 744,Hogar y Cocina,Nova,2827.97,1971.24,249,Activo,3.4
PROD-00298,Gafas de Sol Apex 759,Ropa y Moda,Apex,1076.28,570.19,421,Activo,4.9
PROD-00299,Post-it Adhesivos Krono 914,Papelería y Oficina,Krono,175.88,77.5,308,Activo,3.4
PROD-00300,Vitaminas Multivitamínicas Lumix 874,Salud y Cuidado Personal,Lumix,1196.55,631.17,359,Activo,4.0
PROD-00301,Rompecabezas 1000 piezas Lumix 235,Juguetes y Juegos,Lumix,2433.12,1287.17,333,Activo,3.8
PROD-00302,Novela de Ficción Krono 484,Libros y Entretenimiento,Krono,2846.76,1458.56,216,Activo,4.1
PROD-00303,Masajeador Cervical Apex 739,Salud y Cuidado Personal,Apex,783.4,506.36,478,Activo,4.2
PROD-00304,Laptop Gamer EcoLife 809,Electrónica,EcoLife,20026.26,14869.34,203,Activo,3.0
PROD-00305,Lámpara de Escritorio Zenith 485,Hogar y Cocina,Zenith,7177.82,3625.63,39,Activo,3.4
PROD-00306,Marcadores de Colores Zenith 146,Papelería y Oficina,Zenith,2333.67,1246.72,233,Activo,4.0
PROD-00307,Gorra Deportiva Aero 195,Ropa y Moda,Aero,1861.4,973.22,200,Activo,3.4
PROD-00308,Sudadera con Capucha Urban 999,Ropa y Moda,Urban,313.95,197.53,315,Activo,3.3
PROD-00309,Lámpara de Escritorio Aero 145,Hogar y Cocina,Aero,7168.92,5008.08,123,Activo,4.5
PROD-00310,Laptop Gamer Aero 105,Electrónica,Aero,2020.29,1237.31,421,Activo,3.9
PROD-00311,Pelota de Fútbol Vortex 660,Deportes y Aire Libre,Vortex,8000.68,4470.91,427,Activo,3.5
PROD-00312,Horno de Microondas Urban 505,Hogar y Cocina,Urban,2816.21,1768.49,16,Activo,3.7
PROD-00313,Laptop Gamer Lumix 404,Electrónica,Lumix,15903.05,9678.72,78,Activo,4.9
PROD-00314,Licuadora de Alta Potencia Urban 915,Hogar y Cocina,Urban,3455.61,2329.94,392,Activo,4.8
PROD-00315,Guantes de Gimnasio Titan 825,Deportes y Aire Libre,Titan,7504.11,4366.18,200,Activo,3.8
PROD-00316,Destrozadora de Papel EcoLife 305,Papelería y Oficina,EcoLife,1098.25,562.59,204,Activo,3.5
PROD-00317,Juego de Mesa Familiar Aero 867,Juguetes y Juegos,Aero,2888.88,1501.25,334,Activo,5.0
PROD-00318,Carpeta de Argollas Lumix 953,Papelería y Oficina,Lumix,1889.13,886.7,266,Activo,4.7
PROD-00319,Freidora de Aire ProStyle 540,Hogar y Cocina,ProStyle,796.31,491.18,182,Activo,3.3
PROD-00320,Sartén Antiadherente Aero 689,Hogar y Cocina,Aero,3450.84,2204.36,63,Activo,3.9
PROD-00321,Kit de Pintura Urban 898,Juguetes y Juegos,Urban,1019.57,586.79,221,Activo,3.9
PROD-00322,Comic Edición de Colección Nova 346,Libros y Entretenimiento,Nova,3278.52,1865.55,471,Activo,4.3
PROD-00323,Dron para Niños Apex 922,Juguetes y Juegos,Apex,1485.72,855.5,198,Activo,3.5
PROD-00324,Destrozadora de Papel Krono 880,Papelería y Oficina,Krono,760.05,443.61,467,Activo,4.4
PROD-00325,Lámpara de Escritorio Apex 521,Hogar y Cocina,Apex,5574.62,3371.95,88,Activo,4.2
PROD-00326,Vestido Casual Lumix 654,Ropa y Moda,Lumix,1711.54,749.5,342,Activo,4.8
PROD-00327,Teclado Mecánico Vortex 496,Electrónica,Vortex,11119.46,8179.75,114,Activo,3.7
PROD-00328,Cinturón de Piel Titan 377,Ropa y Moda,Titan,647.8,336.57,335,Activo,4.3
PROD-00329,Rasuradora Eléctrica Aero 914,Salud y Cuidado Personal,Aero,286.59,157.93,338,Activo,3.4
PROD-00330,Organizador de Escritorio Nexa 549,Papelería y Oficina,Nexa,2197.66,920.77,59,Activo,3.2
PROD-00331,Mouse Inalámbrico Krono 455,Electrónica,Krono,13936.81,7974.16,208,Activo,3.6
PROD-00332,Horno de Microondas Zenith 375,Hogar y Cocina,Zenith,2646.86,1348.5,94,Activo,4.7
PROD-00333,Sudadera con Capucha Nexa 937,Ropa y Moda,Nexa,332.89,206.29,211,Activo,3.1
PROD-00334,Libro de Finanzas Personales Aero 887,Libros y Entretenimiento,Aero,930.3,645.47,448,Activo,4.5
PROD-00335,Bicicleta de Montaña Nexa 548,Deportes y Aire Libre,Nexa,3969.14,2201.88,182,Activo,3.3
PROD-00336,Cepillo Eléctrico Apex 598,Salud y Cuidado Personal,Apex,69.47,41.46,251,Activo,4.1
PROD-00337,Playera de Algodón Lumix 497,Ropa y Moda,Lumix,1335.01,637.03,2,Activo,3.6
PROD-00338,Vestido Casual Vortex 153,Ropa y Moda,Vortex,189.96,117.29,54,Activo,4.2
PROD-00339,Chamarra de Pluma Aero 721,Ropa y Moda,Aero,2048.51,1255.85,7,Activo,3.5
PROD-00340,Consola Portátil de Videojuegos Titan 207,Juguetes y Juegos,Titan,123.65,60.54,34,Activo,3.6
PROD-00341,Guía de Viajes Vortex 744,Libros y Entretenimiento,Vortex,718.36,478.4,285,Activo,4.3
PROD-00342,Enciclopedia Ilustrada Lumix 187,Libros y Entretenimiento,Lumix,2895.48,1423.91,412,Activo,3.7
PROD-00343,Gorra Deportiva Apex 147,Ropa y Moda,Apex,942.59,463.77,185,Activo,4.3
PROD-00344,Juego de Sartenes Titan 844,Hogar y Cocina,Titan,7026.61,4337.92,233,Activo,5.0
PROD-00345,Comic Edición de Colección ProStyle 236,Libros y Entretenimiento,ProStyle,2205.68,1415.88,476,Activo,4.1
PROD-00346,Carpeta de Argollas Nexa 707,Papelería y Oficina,Nexa,2357.13,1179.97,364,Activo,4.3
PROD-00347,Novela de Ficción Lumix 850,Libros y Entretenimiento,Lumix,1013.0,541.17,328,Activo,3.6
PROD-00348,Novela de Ficción Nova 869,Libros y Entretenimiento,Nova,1401.8,939.45,226,Activo,3.2
PROD-00349,Cámara DSLR Titan 316,Electrónica,Titan,4813.84,3492.18,464,Activo,5.0
PROD-00350,Aspiradora Robot ProStyle 452,Hogar y Cocina,ProStyle,3652.54,2521.91,89,Activo,4.3
PROD-00351,Smartphone Pro ProStyle 589,Electrónica,ProStyle,1936.15,1269.59,470,Activo,4.8
PROD-00352,Libro de Poesía Lumix 469,Libros y Entretenimiento,Lumix,1360.1,825.46,16,Activo,4.7
PROD-00353,Silla Ergonómica Nexa 308,Papelería y Oficina,Nexa,1848.46,923.84,263,Activo,4.4
PROD-00354,Smartwatch Lumix 343,Electrónica,Lumix,10971.96,7014.83,389,Activo,4.3
PROD-00355,Teclado Mecánico Krono 586,Electrónica,Krono,5844.63,3413.31,314,Activo,4.0
PROD-00356,Novela de Ficción Lumix 999,Libros y Entretenimiento,Lumix,278.97,186.01,3,Activo,3.5
PROD-00357,Novela de Ficción EcoLife 570,Libros y Entretenimiento,EcoLife,1710.58,877.82,456,Activo,3.5
PROD-00358,Cuaderno Profesional Lumix 656,Papelería y Oficina,Lumix,602.58,355.52,336,Activo,3.0
PROD-00359,Cafetera de Goteo Krono 996,Hogar y Cocina,Krono,5762.62,3299.7,87,Activo,5.0
PROD-00360,Novela de Ficción Krono 740,Libros y Entretenimiento,Krono,1257.4,649.76,117,Activo,4.6
PROD-00361,Smartphone Pro EcoLife 200,Electrónica,EcoLife,5542.36,3296.88,55,Activo,4.0
PROD-00362,Playera de Algodón Zenith 832,Ropa y Moda,Zenith,1638.05,820.95,67,Activo,3.5
PROD-00363,Bascula Digital Apex 260,Salud y Cuidado Personal,Apex,318.6,152.23,17,Activo,4.6
PROD-00364,Silla Ergonómica EcoLife 340,Papelería y Oficina,EcoLife,103.76,61.24,439,Activo,3.8
PROD-00365,Tapete de Yoga EcoLife 769,Deportes y Aire Libre,EcoLife,7898.39,3961.78,98,Activo,4.0
PROD-00366,Kit de Pintura Krono 267,Juguetes y Juegos,Krono,3495.52,1911.09,10,Activo,4.6
PROD-00367,Cinturón de Piel Zenith 178,Ropa y Moda,Zenith,1377.88,877.68,308,Activo,4.0
PROD-00368,Silla Ergonómica Vortex 828,Papelería y Oficina,Vortex,1847.06,756.29,71,Activo,3.8
PROD-00369,Laptop Gamer Aero 227,Electrónica,Aero,19431.53,12322.75,260,Activo,4.3
PROD-00370,Aspiradora Robot Krono 354,Hogar y Cocina,Krono,4779.46,3271.16,472,Activo,3.4
PROD-00371,Dron para Niños EcoLife 422,Juguetes y Juegos,EcoLife,2800.01,1548.51,225,Activo,3.2
PROD-00372,Guantes de Gimnasio Zenith 750,Deportes y Aire Libre,Zenith,4759.5,2752.61,357,Activo,5.0
PROD-00373,Vestido Casual Nova 169,Ropa y Moda,Nova,2436.89,984.36,175,Activo,3.1
PROD-00374,Tablet 10 pulgadas EcoLife 700,Electrónica,EcoLife,20410.16,15028.7,57,Activo,3.4
PROD-00375,Destrozadora de Papel EcoLife 970,Papelería y Oficina,EcoLife,1596.76,641.9,37,Activo,3.9
PROD-00376,Cuerda para Saltar Apex 321,Deportes y Aire Libre,Apex,490.06,301.68,251,Activo,3.7
PROD-00377,Bocina Portátil Vortex 533,Electrónica,Vortex,4924.66,3373.13,390,Activo,3.0
PROD-00378,Tenis Deportivos Nexa 889,Ropa y Moda,Nexa,1529.86,746.21,390,Activo,4.2
PROD-00379,Mancuernas Ajustables Zenith 250,Deportes y Aire Libre,Zenith,843.2,462.15,325,Activo,4.3
PROD-00380,Pantalón Mezclilla Vortex 192,Ropa y Moda,Vortex,2154.32,1221.0,278,Activo,3.5
PROD-00381,Juego de Sartenes Vortex 763,Hogar y Cocina,Vortex,2799.83,1560.99,465,Activo,4.4
PROD-00382,Enciclopedia Ilustrada Zenith 177,Libros y Entretenimiento,Zenith,3070.69,1448.31,130,Activo,4.9
PROD-00383,Carro a Control Remoto Nexa 150,Juguetes y Juegos,Nexa,1395.2,667.36,92,Activo,4.0
PROD-00384,Guantes de Gimnasio Urban 959,Deportes y Aire Libre,Urban,6172.96,3307.07,310,Activo,3.2
PROD-00385,Peluche Gigante Zenith 798,Juguetes y Juegos,Zenith,2081.4,1207.82,484,Activo,4.4
PROD-00386,Freidora de Aire Apex 889,Hogar y Cocina,Apex,326.08,193.57,286,Activo,4.3
PROD-00387,Consola Portátil de Videojuegos Apex 610,Juguetes y Juegos,Apex,2992.7,1924.52,254,Activo,4.1
PROD-00388,Cafetera de Goteo Apex 796,Hogar y Cocina,Apex,3682.58,2574.7,303,Activo,3.4
PROD-00389,Rasuradora Eléctrica Lumix 233,Salud y Cuidado Personal,Lumix,526.72,257.79,350,Activo,4.8
PROD-00390,Sudadera con Capucha Titan 158,Ropa y Moda,Titan,1553.07,790.23,400,Activo,3.9
PROD-00391,Enciclopedia Ilustrada Urban 653,Libros y Entretenimiento,Urban,3369.76,1557.44,50,Activo,4.4
PROD-00392,Licuadora de Alta Potencia Lumix 774,Hogar y Cocina,Lumix,4385.76,2595.97,74,Activo,3.3
PROD-00393,Vitaminas Multivitamínicas Urban 262,Salud y Cuidado Personal,Urban,837.48,462.16,119,Activo,4.2
PROD-00394,Lámpara de Escritorio Lumix 961,Hogar y Cocina,Lumix,1560.07,1051.34,257,Activo,4.8
PROD-00395,Tenis Deportivos Vortex 700,Ropa y Moda,Vortex,1858.98,802.27,343,Activo,3.8
PROD-00396,Guía de Viajes Zenith 295,Libros y Entretenimiento,Zenith,1260.76,847.7,345,Activo,4.0
PROD-00397,Gorra Deportiva Krono 126,Ropa y Moda,Krono,887.18,387.58,430,Activo,3.1
PROD-00398,Juego de Cuchillos Nova 642,Hogar y Cocina,Nova,1060.84,645.37,221,Activo,3.8
PROD-00399,Rasuradora Eléctrica Aero 252,Salud y Cuidado Personal,Aero,822.42,330.77,201,Activo,4.0
PROD-00400,Peluche Gigante Lumix 353,Juguetes y Juegos,Lumix,707.7,366.83,196,Activo,4.0
PROD-00401,Gafas de Sol Lumix 416,Ropa y Moda,Lumix,479.93,288.58,194,Activo,4.8
PROD-00402,Mochila de Senderismo Zenith 164,Deportes y Aire Libre,Zenith,1330.67,713.76,453,Activo,4.2
PROD-00403,Marcadores de Colores Zenith 866,Papelería y Oficina,Zenith,581.78,346.0,52,Activo,4.6
PROD-00404,Dron para Niños Urban 676,Juguetes y Juegos,Urban,3132.31,1950.99,475,Activo,3.5
PROD-00405,Comic Edición de Colección ProStyle 578,Libros y Entretenimiento,ProStyle,2563.32,1319.85,495,Activo,4.7
PROD-00406,Horno de Microondas Aero 391,Hogar y Cocina,Aero,6840.06,4696.39,390,Activo,4.4
PROD-00407,Set de Bloques de Construcción ProStyle 558,Juguetes y Juegos,ProStyle,2132.14,1352.6,455,Activo,4.9
PROD-00408,Calcetines Transpirables Krono 488,Ropa y Moda,Krono,700.19,378.18,267,Activo,4.2
PROD-00409,Carro a Control Remoto Titan 565,Juguetes y Juegos,Titan,1774.45,904.21,465,Activo,3.7
PROD-00410,Laptop Gamer Vortex 140,Electrónica,Vortex,13196.34,7718.43,363,Activo,4.1
PROD-00411,Marcadores de Colores Urban 335,Papelería y Oficina,Urban,519.17,252.52,226,Activo,3.2
PROD-00412,Cepillo Eléctrico Lumix 301,Salud y Cuidado Personal,Lumix,550.79,223.29,279,Activo,3.3
PROD-00413,Rasuradora Eléctrica Lumix 505,Salud y Cuidado Personal,Lumix,1169.46,514.43,227,Activo,4.8
PROD-00414,Marcadores de Colores Zenith 289,Papelería y Oficina,Zenith,692.38,445.39,271,Activo,3.3
PROD-00415,Biografía Histórica Titan 966,Libros y Entretenimiento,Titan,3070.86,1716.93,58,Activo,3.3
PROD-00416,Monitor 4K Zenith 564,Electrónica,Zenith,5582.69,3848.08,336,Activo,4.0
PROD-00417,Gorra Deportiva Nexa 339,Ropa y Moda,Nexa,1042.12,663.06,391,Activo,3.7
PROD-00418,Cámara DSLR Vortex 712,Electrónica,Vortex,8850.17,6221.81,320,Activo,3.8
PROD-00419,Monitor 4K Titan 704,Electrónica,Titan,16428.59,11644.32,467,Activo,3.4
PROD-00420,Sartén Antiadherente EcoLife 190,Hogar y Cocina,EcoLife,2042.36,1056.49,413,Activo,3.7
PROD-00421,Peluche Gigante Titan 355,Juguetes y Juegos,Titan,3278.44,1813.53,192,Activo,4.9
PROD-00422,Chamarra de Pluma Aero 211,Ropa y Moda,Aero,568.66,326.52,220,Activo,3.5
PROD-00423,Tapete de Yoga Krono 321,Deportes y Aire Libre,Krono,5994.16,3185.53,436,Activo,3.4
PROD-00424,Calcetines Transpirables Nova 590,Ropa y Moda,Nova,917.65,471.82,257,Activo,4.8
PROD-00425,Crema Hidratante Titan 599,Salud y Cuidado Personal,Titan,1337.26,820.96,119,Activo,3.1
PROD-00426,Protector Solar EcoLife 344,Salud y Cuidado Personal,EcoLife,2059.12,937.64,16,Activo,4.7
PROD-00427,Sudadera con Capucha Urban 839,Ropa y Moda,Urban,484.94,239.15,79,Activo,3.5
PROD-00428,Cuerda para Saltar Urban 674,Deportes y Aire Libre,Urban,7414.49,3958.48,380,Activo,4.1
PROD-00429,Novela de Ficción Nova 424,Libros y Entretenimiento,Nova,2988.39,1902.39,20,Activo,4.1
PROD-00430,Cinturón de Piel Vortex 460,Ropa y Moda,Vortex,1978.26,1284.59,180,Activo,4.3
PROD-00431,Audífonos Bluetooth EcoLife 143,Electrónica,EcoLife,18630.18,10852.88,362,Activo,4.2
PROD-00432,Cuento Infantil Ilustrado EcoLife 887,Libros y Entretenimiento,EcoLife,1959.47,1176.12,89,Activo,4.1
PROD-00433,Freidora de Aire Zenith 878,Hogar y Cocina,Zenith,858.32,431.71,118,Activo,4.1
PROD-00434,Pantalón Mezclilla Lumix 305,Ropa y Moda,Lumix,1033.3,505.62,160,Activo,3.1
PROD-00435,Carpeta de Argollas Nova 998,Papelería y Oficina,Nova,351.09,208.98,260,Activo,3.7
PROD-00436,Enciclopedia Ilustrada Aero 848,Libros y Entretenimiento,Aero,2539.14,1693.53,54,Activo,3.8
PROD-00437,Rompecabezas 1000 piezas Aero 380,Juguetes y Juegos,Aero,335.9,234.04,65,Activo,3.9
PROD-00438,Chamarra de Pluma Nexa 236,Ropa y Moda,Nexa,1380.61,561.11,14,Activo,5.0
PROD-00439,Masajeador Cervical ProStyle 917,Salud y Cuidado Personal,ProStyle,2108.74,1010.07,277,Activo,3.1
PROD-00440,Smartwatch Zenith 948,Electrónica,Zenith,13430.09,8861.06,449,Activo,3.1
PROD-00441,Tenis Deportivos EcoLife 821,Ropa y Moda,EcoLife,384.61,205.65,426,Activo,4.3
PROD-00442,Set de Bloques de Construcción Vortex 764,Juguetes y Juegos,Vortex,305.96,211.74,296,Activo,4.9
PROD-00443,Lámpara de Escritorio Lumix 263,Hogar y Cocina,Lumix,3224.22,1679.15,221,Activo,3.6
PROD-00444,Carro a Control Remoto Nexa 582,Juguetes y Juegos,Nexa,2958.48,1580.81,2,Activo,4.1
PROD-00445,Juego de Sartenes Lumix 522,Hogar y Cocina,Lumix,4702.92,2800.19,25,Activo,3.4
PROD-00446,Dron para Niños Urban 882,Juguetes y Juegos,Urban,2539.39,1342.76,472,Activo,4.0
PROD-00447,Carpeta de Argollas Aero 132,Papelería y Oficina,Aero,1274.8,616.91,16,Activo,4.5
PROD-00448,Libro de Poesía Zenith 139,Libros y Entretenimiento,Zenith,1782.2,877.82,9,Activo,3.3
PROD-00449,Cuento Infantil Ilustrado Urban 888,Libros y Entretenimiento,Urban,328.33,229.21,126,Activo,4.1
PROD-00450,Casco de Ciclismo Nexa 843,Deportes y Aire Libre,Nexa,5910.3,3769.12,429,Activo,4.2
PROD-00451,Peluche Gigante Urban 108,Juguetes y Juegos,Urban,2938.37,1653.77,449,Activo,3.7
PROD-00452,Calculadora Científica Nova 639,Papelería y Oficina,Nova,1009.41,555.78,209,Activo,3.5
PROD-00453,Gorra Deportiva Aero 635,Ropa y Moda,Aero,1413.59,892.02,333,Activo,3.6
PROD-00454,Post-it Adhesivos Urban 605,Papelería y Oficina,Urban,1935.45,1057.36,220,Activo,3.5
PROD-00455,Smartwatch Lumix 193,Electrónica,Lumix,1893.86,1192.82,388,Activo,4.9
PROD-00456,Consola Portátil de Videojuegos Krono 698,Juguetes y Juegos,Krono,3072.16,1866.75,327,Activo,4.9
PROD-00457,Secadora de Cabello Nova 794,Salud y Cuidado Personal,Nova,1764.34,1105.57,324,Activo,3.0
PROD-00458,Post-it Adhesivos Nova 483,Papelería y Oficina,Nova,1694.23,953.64,237,Activo,3.5
PROD-00459,Guía de Viajes Nova 445,Libros y Entretenimiento,Nova,645.56,441.97,431,Activo,4.1
PROD-00460,Rasuradora Eléctrica Nova 878,Salud y Cuidado Personal,Nova,2011.07,1003.58,294,Activo,4.8
PROD-00461,Chamarra de Pluma Aero 257,Ropa y Moda,Aero,2057.36,1155.06,371,Activo,3.1
PROD-00462,Smartphone Pro Vortex 195,Electrónica,Vortex,12817.63,7104.86,143,Activo,4.9
PROD-00463,Gorra Deportiva Apex 224,Ropa y Moda,Apex,564.38,347.87,372,Activo,4.1
PROD-00464,Vestido Casual Krono 309,Ropa y Moda,Krono,1517.22,803.46,27,Activo,4.1
PROD-00465,Libro de Desarrollo Personal Lumix 967,Libros y Entretenimiento,Lumix,244.12,130.31,82,Activo,3.3
PROD-00466,Pelota de Fútbol Titan 654,Deportes y Aire Libre,Titan,2925.53,1483.99,162,Activo,4.6
PROD-00467,Libro de Desarrollo Personal Vortex 940,Libros y Entretenimiento,Vortex,2206.01,1107.17,166,Activo,3.0
PROD-00468,Masajeador Cervical ProStyle 798,Salud y Cuidado Personal,ProStyle,2169.91,1156.22,334,Activo,4.4
PROD-00469,Chamarra de Pluma Aero 499,Ropa y Moda,Aero,2422.9,1532.99,477,Activo,3.3
PROD-00470,Smartphone Pro Apex 162,Electrónica,Apex,4582.96,3391.18,381,Activo,3.5
PROD-00471,Gel Antiséptico Aero 406,Salud y Cuidado Personal,Aero,437.59,188.4,440,Activo,4.6
PROD-00472,Lámpara de Escritorio Nexa 613,Hogar y Cocina,Nexa,2318.05,1569.2,262,Activo,4.3
PROD-00473,Mochila de Senderismo Aero 614,Deportes y Aire Libre,Aero,5926.94,3023.44,388,Activo,3.4
PROD-00474,Calcetines Transpirables Nova 141,Ropa y Moda,Nova,1262.26,743.72,3,Activo,3.1
PROD-00475,Laptop Gamer Titan 179,Electrónica,Titan,8423.77,5617.62,477,Activo,4.1
PROD-00476,Libro de Poesía Apex 237,Libros y Entretenimiento,Apex,1737.58,1106.78,158,Activo,4.7
PROD-00477,Mouse Inalámbrico Nexa 787,Electrónica,Nexa,20010.49,11309.01,372,Activo,3.1
PROD-00478,Organizador de Escritorio EcoLife 476,Papelería y Oficina,EcoLife,1916.82,1073.69,285,Activo,4.2
PROD-00479,Casco de Ciclismo Nova 655,Deportes y Aire Libre,Nova,3956.34,2681.18,158,Activo,3.5
PROD-00480,Peluche Gigante Apex 710,Juguetes y Juegos,Apex,3133.9,1804.79,250,Activo,3.2
PROD-00481,Tenis Deportivos Krono 310,Ropa y Moda,Krono,1214.54,684.38,471,Activo,3.3
PROD-00482,Muñeca Articulada Titan 479,Juguetes y Juegos,Titan,3486.31,1872.02,136,Activo,3.8
PROD-00483,Guía de Viajes EcoLife 128,Libros y Entretenimiento,EcoLife,1690.56,799.69,390,Activo,4.6
PROD-00484,Guantes de Gimnasio Nexa 487,Deportes y Aire Libre,Nexa,5818.36,3016.42,288,Activo,4.9
PROD-00485,Muñeca Articulada Titan 548,Juguetes y Juegos,Titan,1809.84,823.34,123,Activo,4.6
PROD-00486,Mancuernas Ajustables Apex 678,Deportes y Aire Libre,Apex,740.66,447.4,65,Activo,3.0
PROD-00487,Monitor 4K ProStyle 535,Electrónica,ProStyle,1180.36,654.59,437,Activo,4.1
PROD-00488,Pelota de Fútbol Vortex 983,Deportes y Aire Libre,Vortex,4832.12,2700.06,214,Activo,4.1
PROD-00489,Libro de Finanzas Personales Aero 106,Libros y Entretenimiento,Aero,843.54,565.79,398,Activo,3.6
PROD-00490,Juego de Mesa Familiar Lumix 117,Juguetes y Juegos,Lumix,2261.2,1386.99,202,Activo,3.4
PROD-00491,Destrozadora de Papel EcoLife 166,Papelería y Oficina,EcoLife,2198.5,1278.85,112,Activo,3.9
PROD-00492,Masajeador Cervical Krono 263,Salud y Cuidado Personal,Krono,1970.87,1148.11,38,Activo,4.6
PROD-00493,Enciclopedia Ilustrada Nova 446,Libros y Entretenimiento,Nova,2456.54,1705.27,71,Activo,4.9
PROD-00494,Horno de Microondas ProStyle 143,Hogar y Cocina,ProStyle,4818.6,2832.39,462,Activo,3.3
PROD-00495,Carro a Control Remoto Lumix 840,Juguetes y Juegos,Lumix,3277.75,2263.99,194,Activo,3.7
PROD-00496,Pantalón Mezclilla ProStyle 789,Ropa y Moda,ProStyle,167.17,96.27,224,Activo,3.3
PROD-00497,Organizador de Escritorio Lumix 320,Papelería y Oficina,Lumix,111.46,58.27,132,Activo,4.9
PROD-00498,Calcetines Transpirables EcoLife 302,Ropa y Moda,EcoLife,1115.0,540.97,161,Activo,3.1
PROD-00499,Libro de Finanzas Personales EcoLife 244,Libros y Entretenimiento,EcoLife,2847.78,1343.5,208,Activo,3.4
PROD-00500,Bicicleta de Montaña EcoLife 978,Deportes y Aire Libre,EcoLife,8034.86,4464.99,45,Activo,3.7
PROD-00501,Gel Antiséptico Nova 716,Salud y Cuidado Personal,Nova,640.42,291.93,468,Activo,3.9
PROD-00502,Destrozadora de Papel Zenith 194,Papelería y Oficina,Zenith,1515.44,637.82,275,Activo,3.2
PROD-00503,Cámara DSLR Vortex 989,Electrónica,Vortex,18453.19,13724.56,68,Activo,3.7
PROD-00504,Calculadora Científica Titan 908,Papelería y Oficina,Titan,867.99,520.87,310,Activo,4.0
PROD-00505,Set de Bloques de Construcción Nova 669,Juguetes y Juegos,Nova,1546.87,874.77,97,Activo,3.7
PROD-00506,Biografía Histórica Apex 467,Libros y Entretenimiento,Apex,1798.95,868.36,455,Activo,4.5
PROD-00507,Sudadera con Capucha Apex 792,Ropa y Moda,Apex,1091.18,643.0,81,Activo,4.6
PROD-00508,Bicicleta de Montaña EcoLife 502,Deportes y Aire Libre,EcoLife,2992.35,1815.67,498,Activo,4.4
PROD-00509,Guantes de Gimnasio Titan 439,Deportes y Aire Libre,Titan,1384.15,804.81,117,Activo,4.8
PROD-00510,Libro de Finanzas Personales Apex 407,Libros y Entretenimiento,Apex,2052.83,1332.83,467,Activo,3.5
PROD-00511,Novela de Ficción Zenith 443,Libros y Entretenimiento,Zenith,474.51,297.16,211,Activo,4.5
PROD-00512,Set de Bloques de Construcción Vortex 500,Juguetes y Juegos,Vortex,1243.98,627.61,345,Activo,3.9
PROD-00513,Muñeca Articulada Aero 365,Juguetes y Juegos,Aero,517.6,246.3,25,Activo,3.8
PROD-00514,Gafas de Sol Lumix 696,Ropa y Moda,Lumix,2146.63,880.12,288,Activo,3.5
PROD-00515,Set de Bloques de Construcción Apex 614,Juguetes y Juegos,Apex,2447.13,1338.78,454,Activo,4.6
PROD-00516,Horno de Microondas Nexa 242,Hogar y Cocina,Nexa,6300.63,3858.2,123,Activo,4.2
PROD-00517,Cuerda para Saltar Aero 496,Deportes y Aire Libre,Aero,2895.88,1747.76,304,Activo,3.4
PROD-00518,Cuaderno Profesional ProStyle 729,Papelería y Oficina,ProStyle,769.83,393.41,103,Activo,4.7
PROD-00519,Lámpara de Escritorio Aero 743,Hogar y Cocina,Aero,4342.52,2706.18,190,Activo,3.0
PROD-00520,Comic Edición de Colección Krono 408,Libros y Entretenimiento,Krono,189.49,120.68,22,Activo,4.6
PROD-00521,Cuerda para Saltar EcoLife 272,Deportes y Aire Libre,EcoLife,1063.94,661.78,225,Activo,4.4
PROD-00522,Cuento Infantil Ilustrado Zenith 670,Libros y Entretenimiento,Zenith,364.73,207.79,212,Activo,3.9
PROD-00523,Consola Portátil de Videojuegos Nexa 726,Juguetes y Juegos,Nexa,453.09,246.18,307,Activo,3.0
PROD-00524,Bocina Portátil ProStyle 594,Electrónica,ProStyle,13417.3,9829.34,97,Activo,3.9
PROD-00525,Cámara DSLR Zenith 828,Electrónica,Zenith,962.58,706.52,281,Activo,5.0
PROD-00526,Cámara DSLR Aero 121,Electrónica,Aero,21385.43,15719.95,397,Activo,3.8
PROD-00527,Engrapadora Industrial Nova 301,Papelería y Oficina,Nova,886.09,464.38,15,Activo,4.0
PROD-00528,Pista de Carreras Apex 927,Juguetes y Juegos,Apex,1067.44,743.34,306,Activo,4.2
PROD-00529,Comic Edición de Colección ProStyle 287,Libros y Entretenimiento,ProStyle,554.97,317.3,303,Activo,3.5
PROD-00530,Guantes de Gimnasio Titan 855,Deportes y Aire Libre,Titan,2301.82,1219.62,434,Activo,3.8
PROD-00531,Smartphone Pro Lumix 379,Electrónica,Lumix,8671.65,5700.56,349,Activo,4.1
PROD-00532,Calculadora Científica Nova 185,Papelería y Oficina,Nova,2472.38,1265.49,236,Activo,3.8
PROD-00533,Teclado Mecánico Zenith 124,Electrónica,Zenith,10797.28,7450.97,340,Activo,4.2
PROD-00534,Libro de Desarrollo Personal Urban 325,Libros y Entretenimiento,Urban,1315.76,713.42,110,Activo,3.2
PROD-00535,Bandas de Resistencia Krono 639,Deportes y Aire Libre,Krono,7438.43,3771.24,114,Activo,4.2
PROD-00536,Consola Portátil de Videojuegos Krono 299,Juguetes y Juegos,Krono,1765.98,923.0,454,Activo,4.4
PROD-00537,Cámara DSLR Titan 401,Electrónica,Titan,9866.79,6095.84,286,Activo,3.9
PROD-00538,Mancuernas Ajustables Lumix 767,Deportes y Aire Libre,Lumix,2817.07,1891.78,297,Activo,3.5
PROD-00539,Bandas de Resistencia Lumix 127,Deportes y Aire Libre,Lumix,6528.41,4359.26,154,Activo,3.4
PROD-00540,Set de Bolígrafos Titan 773,Papelería y Oficina,Titan,1943.38,936.4,130,Activo,5.0
PROD-00541,Cuaderno Profesional Nova 318,Papelería y Oficina,Nova,737.85,466.91,416,Activo,4.4
PROD-00542,Marcadores de Colores Aero 584,Papelería y Oficina,Aero,979.62,457.78,173,Activo,4.3
PROD-00543,Calculadora Científica Lumix 175,Papelería y Oficina,Lumix,437.31,203.4,134,Activo,3.5
PROD-00544,Libro de Finanzas Personales Zenith 654,Libros y Entretenimiento,Zenith,423.46,251.11,260,Activo,4.4
PROD-00545,Audífonos Bluetooth Nova 231,Electrónica,Nova,3371.96,1855.75,0,Agotado,3.3
PROD-00546,Chamarra de Pluma ProStyle 795,Ropa y Moda,ProStyle,1966.76,1229.95,459,Activo,4.9
PROD-00547,Mouse Inalámbrico Vortex 793,Electrónica,Vortex,3704.86,2433.67,249,Activo,3.8
PROD-00548,Pista de Carreras Vortex 814,Juguetes y Juegos,Vortex,2626.72,1306.53,288,Activo,4.5
PROD-00549,Set de Bloques de Construcción Nova 176,Juguetes y Juegos,Nova,3412.9,1580.16,340,Activo,3.8
PROD-00550,Juego de Sartenes ProStyle 332,Hogar y Cocina,ProStyle,7197.17,4786.8,100,Activo,4.3
PROD-00551,Licuadora de Alta Potencia Apex 609,Hogar y Cocina,Apex,8008.81,4419.66,381,Activo,4.2
PROD-00552,Silla Ergonómica Krono 584,Papelería y Oficina,Krono,797.04,376.28,409,Activo,3.4
PROD-00553,Smartphone Pro ProStyle 997,Electrónica,ProStyle,9709.72,6446.01,274,Activo,3.9
PROD-00554,Sartén Antiadherente Aero 228,Hogar y Cocina,Aero,4504.26,2820.25,53,Activo,4.5
PROD-00555,Mouse Inalámbrico Nova 501,Electrónica,Nova,4156.86,2783.34,404,Activo,3.3
PROD-00556,Libro de Finanzas Personales EcoLife 949,Libros y Entretenimiento,EcoLife,534.17,271.54,225,Activo,3.5
PROD-00557,Audífonos Bluetooth Apex 352,Electrónica,Apex,10678.08,7413.77,405,Activo,3.6
PROD-00558,Guantes de Gimnasio Krono 267,Deportes y Aire Libre,Krono,5531.53,3156.89,181,Activo,5.0
PROD-00559,Juego de Sartenes Aero 961,Hogar y Cocina,Aero,6299.25,4274.79,127,Activo,3.9
PROD-00560,Kit de Pintura ProStyle 242,Juguetes y Juegos,ProStyle,556.65,367.02,126,Activo,3.2
PROD-00561,Playera de Algodón Zenith 561,Ropa y Moda,Zenith,1977.13,1133.32,137,Activo,3.3
PROD-00562,Manual de Cocina Krono 975,Libros y Entretenimiento,Krono,373.71,252.25,316,Activo,4.6
PROD-00563,Peluche Gigante Zenith 766,Juguetes y Juegos,Zenith,752.26,510.27,97,Activo,4.7
PROD-00564,Licuadora de Alta Potencia Apex 561,Hogar y Cocina,Apex,2444.58,1358.36,290,Activo,4.5
PROD-00565,Mouse Inalámbrico Urban 634,Electrónica,Urban,537.96,299.57,253,Activo,4.4
PROD-00566,Libro de Desarrollo Personal Urban 796,Libros y Entretenimiento,Urban,2337.49,1385.38,15,Activo,4.1
PROD-00567,Pantalón Mezclilla ProStyle 867,Ropa y Moda,ProStyle,1912.55,982.14,75,Activo,3.1
PROD-00568,Masajeador Cervical Urban 841,Salud y Cuidado Personal,Urban,339.72,172.25,185,Activo,4.4
PROD-00569,Smartwatch Zenith 525,Electrónica,Zenith,5526.77,3583.3,420,Activo,4.5
PROD-00570,Vitaminas Multivitamínicas Nexa 611,Salud y Cuidado Personal,Nexa,1781.23,1035.32,276,Activo,3.3
PROD-00571,Gafas de Sol Lumix 594,Ropa y Moda,Lumix,2025.45,918.32,483,Activo,4.6
PROD-00572,Carro a Control Remoto EcoLife 567,Juguetes y Juegos,EcoLife,1002.82,614.21,435,Activo,3.1
PROD-00573,Licuadora de Alta Potencia Lumix 224,Hogar y Cocina,Lumix,6405.15,3734.25,396,Activo,4.9
PROD-00574,Licuadora de Alta Potencia ProStyle 735,Hogar y Cocina,ProStyle,3758.98,2246.6,257,Activo,4.5
PROD-00575,Gorra Deportiva Lumix 216,Ropa y Moda,Lumix,1208.24,518.9,35,Activo,3.9
PROD-00576,Crema Hidratante Nova 927,Salud y Cuidado Personal,Nova,2006.63,1233.95,394,Activo,3.8
PROD-00577,Novela de Ficción Aero 493,Libros y Entretenimiento,Aero,1096.1,641.45,303,Activo,3.4
PROD-00578,Set de Bolígrafos EcoLife 543,Papelería y Oficina,EcoLife,807.01,470.0,399,Activo,3.8
PROD-00579,Pantalón Mezclilla EcoLife 248,Ropa y Moda,EcoLife,1110.39,561.56,2,Activo,3.1
PROD-00580,Audífonos Bluetooth EcoLife 129,Electrónica,EcoLife,337.82,218.87,5,Activo,4.3
PROD-00581,Teclado Mecánico Nova 696,Electrónica,Nova,13162.9,8117.81,394,Activo,3.9
PROD-00582,Mochila de Senderismo Zenith 290,Deportes y Aire Libre,Zenith,4311.78,2186.31,272,Activo,3.7
PROD-00583,Purificador de Aire Apex 759,Hogar y Cocina,Apex,8022.05,4655.61,467,Activo,3.3
PROD-00584,Set de Bloques de Construcción Urban 390,Juguetes y Juegos,Urban,2907.33,1526.88,216,Activo,3.5
PROD-00585,Consola Portátil de Videojuegos Apex 982,Juguetes y Juegos,Apex,3234.36,2182.88,208,Activo,3.3
PROD-00586,Gel Antiséptico Nexa 233,Salud y Cuidado Personal,Nexa,1930.93,1053.62,316,Activo,4.2
PROD-00587,Gorra Deportiva Zenith 366,Ropa y Moda,Zenith,1304.66,746.06,492,Activo,3.4
PROD-00588,Consola Portátil de Videojuegos Zenith 125,Juguetes y Juegos,Zenith,685.42,463.44,122,Activo,3.2
PROD-00589,Sartén Antiadherente Krono 301,Hogar y Cocina,Krono,5129.46,2915.15,0,Agotado,4.7
PROD-00590,Kit de Cuidado Facial Urban 692,Salud y Cuidado Personal,Urban,2082.83,949.22,192,Activo,3.8
PROD-00591,Gafas de Sol Urban 143,Ropa y Moda,Urban,1990.61,1042.49,119,Activo,3.7
PROD-00592,Organizador de Escritorio Lumix 900,Papelería y Oficina,Lumix,1666.75,798.64,130,Activo,3.2
PROD-00593,Smartphone Pro EcoLife 893,Electrónica,EcoLife,18893.34,12066.81,79,Activo,4.2
PROD-00594,Cuerda para Saltar Urban 967,Deportes y Aire Libre,Urban,7912.64,4123.2,62,Activo,4.3
PROD-00595,Muñeca Articulada Aero 561,Juguetes y Juegos,Aero,375.61,262.56,485,Activo,5.0
PROD-00596,Smartphone Pro Titan 755,Electrónica,Titan,13350.7,9197.07,319,Activo,3.6
PROD-00597,Enciclopedia Ilustrada Urban 261,Libros y Entretenimiento,Urban,2878.76,1429.5,61,Activo,4.9
PROD-00598,Horno de Microondas Nova 979,Hogar y Cocina,Nova,2574.69,1333.22,375,Activo,4.8
PROD-00599,Set de Bloques de Construcción Nova 965,Juguetes y Juegos,Nova,353.16,204.32,170,Activo,3.8
PROD-00600,Libro de Desarrollo Personal Apex 741,Libros y Entretenimiento,Apex,2554.95,1758.96,204,Activo,4.7
PROD-00601,Sudadera con Capucha Krono 597,Ropa y Moda,Krono,1397.58,829.51,465,Activo,4.1
PROD-00602,Gafas de Sol Urban 773,Ropa y Moda,Urban,763.94,361.35,420,Activo,4.8
PROD-00603,Carpeta de Argollas Nova 408,Papelería y Oficina,Nova,946.47,608.51,3,Activo,4.8
PROD-00604,Muñeca Articulada Zenith 825,Juguetes y Juegos,Zenith,936.63,440.02,313,Activo,3.8
PROD-00605,Cuerda para Saltar Lumix 987,Deportes y Aire Libre,Lumix,5315.12,3028.99,27,Activo,3.4
PROD-00606,Libro de Poesía Aero 789,Libros y Entretenimiento,Aero,3218.51,2162.19,381,Activo,3.5
PROD-00607,Teclado Mecánico Nova 799,Electrónica,Nova,17690.1,12935.14,256,Activo,4.4
PROD-00608,Engrapadora Industrial Zenith 387,Papelería y Oficina,Zenith,2252.02,912.58,359,Activo,3.1
PROD-00609,Guía de Viajes Apex 989,Libros y Entretenimiento,Apex,2516.44,1652.78,116,Activo,3.3
PROD-00610,Vitaminas Multivitamínicas Aero 642,Salud y Cuidado Personal,Aero,1233.92,566.45,468,Activo,3.1
PROD-00611,Tablet 10 pulgadas Nova 347,Electrónica,Nova,22456.45,14007.7,20,Activo,3.2
PROD-00612,Kit de Pintura EcoLife 159,Juguetes y Juegos,EcoLife,1941.65,912.46,396,Activo,3.7
PROD-00613,Sudadera con Capucha Zenith 191,Ropa y Moda,Zenith,1911.98,807.0,94,Activo,4.2
PROD-00614,Mancuernas Ajustables Nova 294,Deportes y Aire Libre,Nova,3333.04,2284.23,54,Activo,4.8
PROD-00615,Bicicleta de Montaña Nova 882,Deportes y Aire Libre,Nova,1410.02,809.24,59,Activo,3.3
PROD-00616,Crema Hidratante Krono 504,Salud y Cuidado Personal,Krono,1305.13,544.67,303,Activo,4.3
PROD-00617,Sartén Antiadherente Zenith 680,Hogar y Cocina,Zenith,591.82,323.17,158,Activo,4.1
PROD-00618,Mouse Inalámbrico Vortex 532,Electrónica,Vortex,20037.23,11223.92,412,Activo,3.1
PROD-00619,Secadora de Cabello Zenith 873,Salud y Cuidado Personal,Zenith,363.61,196.11,165,Activo,4.4
PROD-00620,Destrozadora de Papel EcoLife 277,Papelería y Oficina,EcoLife,1172.73,577.08,36,Activo,4.9
PROD-00621,Rompecabezas 1000 piezas Aero 761,Juguetes y Juegos,Aero,1872.6,1105.04,178,Activo,4.0
PROD-00622,Casco de Ciclismo Aero 465,Deportes y Aire Libre,Aero,8072.67,5144.74,238,Activo,4.5
PROD-00623,Peluche Gigante Zenith 415,Juguetes y Juegos,Zenith,2879.14,1465.13,53,Activo,4.7
PROD-00624,Guía de Viajes ProStyle 757,Libros y Entretenimiento,ProStyle,2752.66,1669.28,196,Activo,3.4
PROD-00625,Secadora de Cabello Lumix 654,Salud y Cuidado Personal,Lumix,1950.66,1063.87,20,Activo,3.5
PROD-00626,Laptop Gamer ProStyle 564,Electrónica,ProStyle,7862.89,4800.81,52,Activo,5.0
PROD-00627,Comic Edición de Colección Nova 917,Libros y Entretenimiento,Nova,1153.48,599.84,14,Activo,5.0
PROD-00628,Smartphone Pro Titan 582,Electrónica,Titan,7886.98,4700.41,107,Activo,3.7
PROD-00629,Guía de Viajes Krono 801,Libros y Entretenimiento,Krono,660.43,462.0,262,Activo,4.5
PROD-00630,Sudadera con Capucha Krono 132,Ropa y Moda,Krono,2269.33,1368.95,59,Activo,4.0
PROD-00631,Post-it Adhesivos ProStyle 214,Papelería y Oficina,ProStyle,882.06,553.59,153,Activo,3.2
PROD-00632,Casco de Ciclismo Vortex 257,Deportes y Aire Libre,Vortex,8214.82,4904.57,66,Activo,4.9
PROD-00633,Organizador de Escritorio Urban 354,Papelería y Oficina,Urban,2276.59,1105.13,52,Activo,4.4
PROD-00634,Bascula Digital Lumix 987,Salud y Cuidado Personal,Lumix,1385.81,663.15,463,Activo,3.8
PROD-00635,Casco de Ciclismo Nova 706,Deportes y Aire Libre,Nova,7504.31,4820.12,170,Activo,3.6
PROD-00636,Protector Solar Vortex 952,Salud y Cuidado Personal,Vortex,1987.19,1086.82,83,Activo,3.3
PROD-00637,Comic Edición de Colección Zenith 663,Libros y Entretenimiento,Zenith,1809.37,995.68,111,Activo,4.7
PROD-00638,Rompecabezas 1000 piezas Nexa 959,Juguetes y Juegos,Nexa,2251.66,1473.58,96,Activo,3.9
PROD-00639,Tenis Deportivos Urban 996,Ropa y Moda,Urban,285.11,171.65,99,Activo,4.7
PROD-00640,Licuadora de Alta Potencia Urban 843,Hogar y Cocina,Urban,437.6,289.6,470,Activo,3.4
PROD-00641,Carro a Control Remoto Lumix 514,Juguetes y Juegos,Lumix,1845.36,1094.4,360,Activo,3.5
PROD-00642,Muñeca Articulada Krono 541,Juguetes y Juegos,Krono,2907.97,1615.13,260,Activo,3.8
PROD-00643,Organizador de Escritorio Urban 540,Papelería y Oficina,Urban,1533.87,717.74,425,Activo,4.7
PROD-00644,Secadora de Cabello Vortex 120,Salud y Cuidado Personal,Vortex,2053.78,870.65,282,Activo,4.4
PROD-00645,Libro de Poesía Zenith 170,Libros y Entretenimiento,Zenith,3389.11,2127.92,224,Activo,3.0
PROD-00646,Crema Hidratante Nova 474,Salud y Cuidado Personal,Nova,145.95,67.23,88,Activo,5.0
PROD-00647,Manual de Cocina Nova 426,Libros y Entretenimiento,Nova,1704.89,1103.59,389,Activo,4.8
PROD-00648,Engrapadora Industrial Apex 391,Papelería y Oficina,Apex,1038.46,594.74,261,Activo,4.6
PROD-00649,Cuaderno Profesional Zenith 251,Papelería y Oficina,Zenith,1538.31,758.61,451,Activo,3.2
PROD-00650,Engrapadora Industrial Vortex 980,Papelería y Oficina,Vortex,1062.18,456.31,39,Activo,5.0
PROD-00651,Chamarra de Pluma Nexa 875,Ropa y Moda,Nexa,1989.47,920.26,327,Activo,4.5
PROD-00652,Casco de Ciclismo Krono 771,Deportes y Aire Libre,Krono,7128.39,3583.63,470,Activo,3.7
PROD-00653,Pelota de Fútbol Zenith 789,Deportes y Aire Libre,Zenith,8485.01,4879.57,54,Activo,3.8
PROD-00654,Juego de Mesa Familiar Nexa 195,Juguetes y Juegos,Nexa,1735.35,949.98,147,Activo,4.4
PROD-00655,Libro de Finanzas Personales EcoLife 387,Libros y Entretenimiento,EcoLife,1869.12,1124.71,79,Activo,4.7
PROD-00656,Audífonos Bluetooth Apex 803,Electrónica,Apex,2270.38,1618.91,488,Activo,3.2
PROD-00657,Organizador de Escritorio Vortex 523,Papelería y Oficina,Vortex,1122.17,462.62,235,Activo,4.8
PROD-00658,Set de Bolígrafos Lumix 177,Papelería y Oficina,Lumix,563.29,361.7,220,Activo,3.3
PROD-00659,Cafetera de Goteo Titan 535,Hogar y Cocina,Titan,2591.39,1519.03,230,Activo,4.0
PROD-00660,Set de Bloques de Construcción Zenith 969,Juguetes y Juegos,Zenith,2762.21,1410.23,248,Activo,4.2
PROD-00661,Chamarra de Pluma Lumix 325,Ropa y Moda,Lumix,518.27,243.43,120,Activo,4.5
PROD-00662,Pantalón Mezclilla Titan 424,Ropa y Moda,Titan,1510.01,647.48,306,Activo,3.6
PROD-00663,Lámpara de Escritorio Urban 273,Hogar y Cocina,Urban,3644.24,2090.25,211,Activo,4.3
PROD-00664,Licuadora de Alta Potencia Zenith 486,Hogar y Cocina,Zenith,2842.13,1608.9,239,Activo,4.4
PROD-00665,Juego de Sartenes Vortex 292,Hogar y Cocina,Vortex,5580.19,3059.68,154,Activo,4.8
PROD-00666,Casco de Ciclismo Titan 361,Deportes y Aire Libre,Titan,6538.76,3628.85,37,Activo,4.5
PROD-00667,Tapete de Yoga ProStyle 909,Deportes y Aire Libre,ProStyle,6322.43,3921.35,303,Activo,4.2
PROD-00668,Chamarra de Pluma Apex 327,Ropa y Moda,Apex,290.93,136.69,94,Activo,3.3
PROD-00669,Destrozadora de Papel Nexa 776,Papelería y Oficina,Nexa,1513.84,873.07,386,Activo,4.3
PROD-00670,Libro de Desarrollo Personal Apex 482,Libros y Entretenimiento,Apex,2660.76,1533.69,396,Activo,4.8
PROD-00671,Manual de Cocina Krono 912,Libros y Entretenimiento,Krono,1658.06,1148.16,19,Activo,4.9
PROD-00672,Smartwatch Titan 895,Electrónica,Titan,20836.1,13295.0,464,Activo,4.9
PROD-00673,Horno de Microondas Titan 123,Hogar y Cocina,Titan,2335.5,1194.73,331,Activo,3.9
PROD-00674,Monitor 4K Krono 275,Electrónica,Krono,14362.37,9272.22,415,Activo,3.7
PROD-00675,Bandas de Resistencia Aero 669,Deportes y Aire Libre,Aero,3971.68,2592.61,215,Activo,5.0
PROD-00676,Set de Bolígrafos Krono 920,Papelería y Oficina,Krono,233.1,116.25,264,Activo,4.8
PROD-00677,Cafetera de Goteo Nexa 861,Hogar y Cocina,Nexa,4672.26,2830.56,402,Activo,3.6
PROD-00678,Cepillo Eléctrico Lumix 536,Salud y Cuidado Personal,Lumix,223.1,115.84,267,Activo,4.4
PROD-00679,Consola Portátil de Videojuegos Vortex 926,Juguetes y Juegos,Vortex,3341.35,1998.08,222,Activo,4.2
PROD-00680,Juego de Cuchillos Nova 600,Hogar y Cocina,Nova,883.06,525.13,203,Activo,4.0
PROD-00681,Rasuradora Eléctrica Nova 711,Salud y Cuidado Personal,Nova,2250.01,1382.75,472,Activo,3.9
PROD-00682,Licuadora de Alta Potencia Vortex 254,Hogar y Cocina,Vortex,7428.75,5077.16,279,Activo,4.1
PROD-00683,Freidora de Aire Apex 237,Hogar y Cocina,Apex,4518.78,2304.51,263,Activo,4.3
PROD-00684,Set de Bolígrafos ProStyle 287,Papelería y Oficina,ProStyle,2434.62,1215.82,7,Activo,4.9
PROD-00685,Kit de Pintura Vortex 755,Juguetes y Juegos,Vortex,481.85,267.18,214,Activo,4.2
PROD-00686,Novela de Ficción ProStyle 790,Libros y Entretenimiento,ProStyle,2441.3,1635.74,338,Activo,4.3
PROD-00687,Lámpara de Escritorio Nova 439,Hogar y Cocina,Nova,7037.16,3834.92,459,Activo,3.8
PROD-00688,Consola Portátil de Videojuegos Apex 807,Juguetes y Juegos,Apex,2415.12,1226.52,260,Activo,4.2
PROD-00689,Destrozadora de Papel Vortex 449,Papelería y Oficina,Vortex,2154.25,1045.86,267,Activo,3.4
PROD-00690,Kit de Pintura Vortex 506,Juguetes y Juegos,Vortex,886.68,565.63,14,Activo,3.9
PROD-00691,Juego de Cuchillos Zenith 865,Hogar y Cocina,Zenith,6127.4,4174.46,390,Activo,4.3
PROD-00692,Vitaminas Multivitamínicas Urban 172,Salud y Cuidado Personal,Urban,805.67,330.25,96,Activo,4.9
PROD-00693,Pelota de Fútbol Aero 225,Deportes y Aire Libre,Aero,4187.01,2651.85,62,Activo,3.8
PROD-00694,Libro de Finanzas Personales Lumix 730,Libros y Entretenimiento,Lumix,1541.89,975.75,47,Activo,4.8
PROD-00695,Botella de Agua Térmica Lumix 260,Deportes y Aire Libre,Lumix,6309.02,4332.79,475,Activo,4.0
PROD-00696,Guía de Viajes Krono 371,Libros y Entretenimiento,Krono,294.64,153.99,118,Activo,4.2
PROD-00697,Libro de Finanzas Personales ProStyle 245,Libros y Entretenimiento,ProStyle,1775.1,938.29,378,Activo,4.0
PROD-00698,Gorra Deportiva Urban 587,Ropa y Moda,Urban,1319.27,597.15,90,Activo,4.4
PROD-00699,Casco de Ciclismo Nova 315,Deportes y Aire Libre,Nova,7860.17,4247.32,233,Activo,3.3
PROD-00700,Dron para Niños ProStyle 480,Juguetes y Juegos,ProStyle,548.61,289.45,299,Activo,3.4
PROD-00701,Carro a Control Remoto Vortex 807,Juguetes y Juegos,Vortex,184.05,111.19,74,Activo,3.9
PROD-00702,Novela de Ficción Vortex 776,Libros y Entretenimiento,Vortex,1450.97,740.21,141,Activo,4.6
PROD-00703,Libro de Finanzas Personales ProStyle 919,Libros y Entretenimiento,ProStyle,645.81,420.24,107,Activo,3.5
PROD-00704,Set de Bloques de Construcción Urban 340,Juguetes y Juegos,Urban,1823.4,1031.77,357,Activo,4.0
PROD-00705,Calcetines Transpirables Krono 954,Ropa y Moda,Krono,579.95,342.96,470,Activo,4.4
PROD-00706,Cinturón de Piel Vortex 240,Ropa y Moda,Vortex,418.85,190.19,471,Activo,4.9
PROD-00707,Cuaderno Profesional Lumix 144,Papelería y Oficina,Lumix,1240.95,804.17,277,Activo,4.8
PROD-00708,Rompecabezas 1000 piezas Aero 741,Juguetes y Juegos,Aero,2341.27,1332.11,355,Activo,3.6
PROD-00709,Protector Solar Nova 483,Salud y Cuidado Personal,Nova,1565.14,657.09,188,Activo,3.1
PROD-00710,Tablet 10 pulgadas Urban 652,Electrónica,Urban,15895.51,10621.94,196,Activo,3.5
PROD-00711,Libro de Desarrollo Personal Lumix 164,Libros y Entretenimiento,Lumix,2916.65,1321.22,212,Activo,4.4
PROD-00712,Enciclopedia Ilustrada Aero 673,Libros y Entretenimiento,Aero,1646.31,883.76,194,Activo,4.9
PROD-00713,Cafetera de Goteo Nova 457,Hogar y Cocina,Nova,2847.5,1567.96,159,Activo,3.1
PROD-00714,Libro de Poesía ProStyle 671,Libros y Entretenimiento,ProStyle,3286.41,1813.83,334,Activo,4.4
PROD-00715,Sartén Antiadherente Zenith 424,Hogar y Cocina,Zenith,3584.33,1857.55,375,Activo,3.2
PROD-00716,Crema Hidratante Vortex 468,Salud y Cuidado Personal,Vortex,1317.12,637.33,396,Activo,4.8
PROD-00717,Cepillo Eléctrico Urban 239,Salud y Cuidado Personal,Urban,350.61,186.67,170,Activo,5.0
PROD-00718,Protector Solar Zenith 443,Salud y Cuidado Personal,Zenith,2039.98,1312.0,236,Activo,3.1
PROD-00719,Rompecabezas 1000 piezas Apex 684,Juguetes y Juegos,Apex,3477.78,2100.09,321,Activo,4.5
PROD-00720,Mancuernas Ajustables Urban 357,Deportes y Aire Libre,Urban,6590.54,4101.88,115,Activo,3.1
PROD-00721,Biografía Histórica EcoLife 637,Libros y Entretenimiento,EcoLife,3106.31,1436.29,48,Activo,3.8
PROD-00722,Botella de Agua Térmica Zenith 497,Deportes y Aire Libre,Zenith,3672.47,2193.81,76,Activo,3.3
PROD-00723,Monitor 4K Titan 319,Electrónica,Titan,23905.55,14821.74,1,Activo,4.1
PROD-00724,Smartwatch ProStyle 550,Electrónica,ProStyle,20069.79,12113.18,390,Activo,5.0
PROD-00725,Post-it Adhesivos Titan 207,Papelería y Oficina,Titan,1016.0,416.85,19,Activo,3.7
PROD-00726,Peluche Gigante Apex 754,Juguetes y Juegos,Apex,459.47,227.84,212,Activo,3.1
PROD-00727,Biografía Histórica Aero 513,Libros y Entretenimiento,Aero,1555.07,742.15,148,Activo,3.6
PROD-00728,Peluche Gigante Aero 671,Juguetes y Juegos,Aero,1659.78,956.5,376,Activo,4.9
PROD-00729,Libro de Desarrollo Personal ProStyle 292,Libros y Entretenimiento,ProStyle,3082.34,1740.2,98,Activo,4.9
PROD-00730,Cuaderno Profesional Titan 184,Papelería y Oficina,Titan,1737.19,870.32,147,Activo,3.0
PROD-00731,Pista de Carreras Aero 673,Juguetes y Juegos,Aero,1865.92,981.54,427,Activo,3.5
PROD-00732,Audífonos Bluetooth Nova 942,Electrónica,Nova,7331.81,4385.01,317,Activo,3.2
PROD-00733,Enciclopedia Ilustrada Apex 741,Libros y Entretenimiento,Apex,2855.87,1965.86,96,Activo,4.6
PROD-00734,Cuaderno Profesional EcoLife 835,Papelería y Oficina,EcoLife,855.08,491.1,2,Activo,3.3
PROD-00735,Cámara DSLR Krono 920,Electrónica,Krono,21947.18,13731.85,203,Activo,3.2
PROD-00736,Libro de Finanzas Personales Urban 779,Libros y Entretenimiento,Urban,1179.44,595.16,319,Activo,4.1
PROD-00737,Pantalón Mezclilla Nova 819,Ropa y Moda,Nova,2355.72,1174.42,419,Activo,4.7
PROD-00738,Libro de Desarrollo Personal Lumix 271,Libros y Entretenimiento,Lumix,157.9,74.96,435,Activo,4.7
PROD-00739,Pantalón Mezclilla Zenith 758,Ropa y Moda,Zenith,1061.28,430.8,353,Activo,3.6
PROD-00740,Crema Hidratante Urban 384,Salud y Cuidado Personal,Urban,1965.74,847.84,211,Activo,4.7
PROD-00741,Smartphone Pro Nova 981,Electrónica,Nova,19746.03,14064.75,493,Activo,3.0
PROD-00742,Rasuradora Eléctrica Titan 492,Salud y Cuidado Personal,Titan,2460.4,1256.41,372,Activo,3.6
PROD-00743,Manual de Cocina Lumix 356,Libros y Entretenimiento,Lumix,3140.47,1511.02,132,Activo,4.3
PROD-00744,Mancuernas Ajustables Vortex 632,Deportes y Aire Libre,Vortex,6381.85,4195.42,339,Activo,3.8
PROD-00745,Audífonos Bluetooth Krono 248,Electrónica,Krono,20351.14,13682.24,295,Activo,5.0
PROD-00746,Gafas de Sol ProStyle 790,Ropa y Moda,ProStyle,952.46,404.96,414,Activo,4.2
PROD-00747,Rompecabezas 1000 piezas Nova 507,Juguetes y Juegos,Nova,1957.18,1127.03,255,Activo,4.1
PROD-00748,Bascula Digital Titan 479,Salud y Cuidado Personal,Titan,2422.61,1099.02,92,Activo,3.5
PROD-00749,Bocina Portátil Vortex 321,Electrónica,Vortex,12809.74,7228.85,111,Activo,4.9
PROD-00750,Libro de Desarrollo Personal Urban 492,Libros y Entretenimiento,Urban,2027.92,1134.37,380,Activo,4.9
PROD-00751,Playera de Algodón ProStyle 200,Ropa y Moda,ProStyle,2273.88,1141.9,451,Activo,3.8
PROD-00752,Mancuernas Ajustables ProStyle 389,Deportes y Aire Libre,ProStyle,2439.92,1523.56,487,Activo,3.6
PROD-00753,Smartwatch Urban 825,Electrónica,Urban,10132.67,6324.89,464,Activo,3.5
PROD-00754,Bicicleta de Montaña Titan 781,Deportes y Aire Libre,Titan,645.66,367.68,279,Activo,3.1
PROD-00755,Mochila de Senderismo Krono 204,Deportes y Aire Libre,Krono,3077.93,1569.51,286,Activo,3.9
PROD-00756,Teclado Mecánico Krono 428,Electrónica,Krono,17640.65,11479.44,219,Activo,4.0
PROD-00757,Calcetines Transpirables Lumix 636,Ropa y Moda,Lumix,1428.69,793.04,87,Activo,3.6
PROD-00758,Peluche Gigante EcoLife 944,Juguetes y Juegos,EcoLife,845.46,566.05,252,Activo,3.7
PROD-00759,Dron para Niños Nexa 240,Juguetes y Juegos,Nexa,2368.02,1331.64,191,Activo,4.6
PROD-00760,Cámara DSLR Titan 787,Electrónica,Titan,16854.88,9648.47,138,Activo,3.4
PROD-00761,Mancuernas Ajustables Krono 118,Deportes y Aire Libre,Krono,234.03,161.64,69,Activo,3.9
PROD-00762,Teclado Mecánico Urban 594,Electrónica,Urban,22770.37,13191.05,404,Activo,4.9
PROD-00763,Set de Bloques de Construcción Apex 607,Juguetes y Juegos,Apex,3173.42,2115.29,317,Activo,4.7
PROD-00764,Dron para Niños Krono 321,Juguetes y Juegos,Krono,2966.44,1463.66,86,Activo,4.2
PROD-00765,Dron para Niños Vortex 774,Juguetes y Juegos,Vortex,2337.59,1538.9,178,Activo,3.4
PROD-00766,Kit de Cuidado Facial Aero 732,Salud y Cuidado Personal,Aero,1850.46,1079.12,175,Activo,3.9
PROD-00767,Bascula Digital Lumix 239,Salud y Cuidado Personal,Lumix,1912.33,851.92,104,Activo,4.9
PROD-00768,Novela de Ficción ProStyle 598,Libros y Entretenimiento,ProStyle,1745.35,1067.41,281,Activo,3.1
PROD-00769,Smartwatch Titan 157,Electrónica,Titan,14055.71,9380.38,194,Activo,4.1
PROD-00770,Guía de Viajes Titan 236,Libros y Entretenimiento,Titan,2080.64,997.37,88,Activo,4.2
PROD-00771,Horno de Microondas Aero 170,Hogar y Cocina,Aero,5292.08,2931.34,494,Activo,4.3
PROD-00772,Silla Ergonómica Nova 217,Papelería y Oficina,Nova,988.74,404.71,314,Activo,4.9
PROD-00773,Consola Portátil de Videojuegos Zenith 773,Juguetes y Juegos,Zenith,1046.26,675.7,341,Activo,3.7
PROD-00774,Organizador de Escritorio Titan 313,Papelería y Oficina,Titan,1518.75,842.18,110,Activo,4.2
PROD-00775,Cuaderno Profesional ProStyle 322,Papelería y Oficina,ProStyle,1336.08,641.65,492,Activo,3.3
PROD-00776,Gafas de Sol Aero 430,Ropa y Moda,Aero,1425.37,574.57,328,Activo,3.1
PROD-00777,Cámara DSLR Apex 915,Electrónica,Apex,14429.04,8905.96,487,Activo,4.3
PROD-00778,Guía de Viajes Apex 490,Libros y Entretenimiento,Apex,3269.92,1686.14,165,Activo,4.7
PROD-00779,Casco de Ciclismo Zenith 659,Deportes y Aire Libre,Zenith,3625.37,1831.82,466,Activo,4.2
PROD-00780,Freidora de Aire Lumix 489,Hogar y Cocina,Lumix,7429.66,4963.8,4,Activo,3.1
PROD-00781,Teclado Mecánico Krono 693,Electrónica,Krono,24016.56,17555.9,480,Activo,3.9
PROD-00782,Tenis Deportivos Krono 458,Ropa y Moda,Krono,130.45,66.28,461,Activo,4.1
PROD-00783,Set de Bolígrafos Urban 991,Papelería y Oficina,Urban,1743.32,815.88,162,Activo,3.7
PROD-00784,Destrozadora de Papel EcoLife 273,Papelería y Oficina,EcoLife,2002.3,1285.49,90,Activo,3.9
PROD-00785,Manual de Cocina EcoLife 476,Libros y Entretenimiento,EcoLife,1400.38,905.23,403,Activo,3.3
PROD-00786,Masajeador Cervical ProStyle 655,Salud y Cuidado Personal,ProStyle,414.08,210.14,404,Activo,4.5
PROD-00787,Gorra Deportiva Zenith 423,Ropa y Moda,Zenith,785.71,348.82,366,Activo,4.0
PROD-00788,Pelota de Fútbol Zenith 706,Deportes y Aire Libre,Zenith,5747.15,3767.37,383,Activo,4.2
PROD-00789,Cuento Infantil Ilustrado Nova 585,Libros y Entretenimiento,Nova,3378.24,2229.37,191,Activo,3.8
PROD-00790,Juego de Cuchillos Nova 191,Hogar y Cocina,Nova,887.22,483.73,170,Activo,4.6
PROD-00791,Vitaminas Multivitamínicas Nova 296,Salud y Cuidado Personal,Nova,513.98,250.69,186,Activo,3.7
PROD-00792,Biografía Histórica Nova 636,Libros y Entretenimiento,Nova,3416.18,2074.79,84,Activo,3.1
PROD-00793,Marcadores de Colores Urban 809,Papelería y Oficina,Urban,914.4,406.51,77,Activo,4.2
PROD-00794,Cuento Infantil Ilustrado ProStyle 598,Libros y Entretenimiento,ProStyle,2956.49,1967.97,113,Activo,4.9
PROD-00795,Calculadora Científica Krono 113,Papelería y Oficina,Krono,1576.99,838.42,32,Activo,4.7
PROD-00796,Bascula Digital Nexa 101,Salud y Cuidado Personal,Nexa,2084.95,1355.06,68,Activo,3.7
PROD-00797,Horno de Microondas Titan 606,Hogar y Cocina,Titan,3993.32,2256.95,158,Activo,3.1
PROD-00798,Set de Bloques de Construcción Nova 146,Juguetes y Juegos,Nova,3034.43,1933.69,194,Activo,4.5
PROD-00799,Set de Bolígrafos Apex 591,Papelería y Oficina,Apex,490.56,296.23,372,Activo,4.9
PROD-00800,Horno de Microondas Nexa 891,Hogar y Cocina,Nexa,8173.86,5332.19,140,Activo,4.2
PROD-00801,Bicicleta de Montaña Nova 830,Deportes y Aire Libre,Nova,2897.37,1590.1,240,Activo,4.3
PROD-00802,Pelota de Fútbol Aero 204,Deportes y Aire Libre,Aero,1772.01,886.68,495,Activo,3.8
PROD-00803,Calculadora Científica Krono 835,Papelería y Oficina,Krono,2062.2,1288.24,333,Activo,3.8
PROD-00804,Audífonos Bluetooth Nexa 631,Electrónica,Nexa,15641.36,10817.33,28,Activo,4.9
PROD-00805,Juego de Mesa Familiar Nexa 687,Juguetes y Juegos,Nexa,627.51,302.96,127,Activo,3.4
PROD-00806,Chamarra de Pluma Krono 180,Ropa y Moda,Krono,1323.38,673.92,154,Activo,4.3
PROD-00807,Consola Portátil de Videojuegos Vortex 324,Juguetes y Juegos,Vortex,2968.41,1933.89,24,Activo,4.3
PROD-00808,Masajeador Cervical ProStyle 986,Salud y Cuidado Personal,ProStyle,607.21,265.58,97,Activo,4.5
PROD-00809,Monitor 4K Urban 290,Electrónica,Urban,11253.75,7392.9,460,Activo,4.7
PROD-00810,Cuerda para Saltar Apex 594,Deportes y Aire Libre,Apex,3003.57,2095.83,301,Activo,4.5
PROD-00811,Bicicleta de Montaña Nova 789,Deportes y Aire Libre,Nova,6253.67,3790.93,216,Activo,3.1
PROD-00812,Laptop Gamer Titan 220,Electrónica,Titan,11311.33,6834.82,30,Activo,3.0
PROD-00813,Manual de Cocina EcoLife 386,Libros y Entretenimiento,EcoLife,2829.73,1893.17,28,Activo,4.6
PROD-00814,Cuaderno Profesional Zenith 445,Papelería y Oficina,Zenith,575.17,289.41,290,Activo,3.5
PROD-00815,Sudadera con Capucha ProStyle 237,Ropa y Moda,ProStyle,1632.63,810.03,120,Activo,3.5
PROD-00816,Sudadera con Capucha Urban 794,Ropa y Moda,Urban,650.96,359.56,138,Activo,3.3
PROD-00817,Protector Solar Zenith 356,Salud y Cuidado Personal,Zenith,1430.35,642.84,2,Activo,4.3
PROD-00818,Organizador de Escritorio Titan 694,Papelería y Oficina,Titan,1679.97,904.83,82,Activo,3.7
PROD-00819,Vestido Casual Krono 862,Ropa y Moda,Krono,268.43,143.72,190,Activo,3.7
PROD-00820,Guía de Viajes Krono 564,Libros y Entretenimiento,Krono,1796.3,1213.23,109,Activo,3.8
PROD-00821,Aspiradora Robot Nexa 911,Hogar y Cocina,Nexa,2665.11,1552.38,370,Activo,4.2
PROD-00822,Audífonos Bluetooth Nova 115,Electrónica,Nova,14146.19,9426.2,486,Activo,4.2
PROD-00823,Cuerda para Saltar Nova 172,Deportes y Aire Libre,Nova,3534.64,2101.0,213,Activo,3.8
PROD-00824,Mancuernas Ajustables ProStyle 475,Deportes y Aire Libre,ProStyle,6273.67,3874.6,465,Activo,4.8
PROD-00825,Tapete de Yoga Krono 470,Deportes y Aire Libre,Krono,8177.52,5085.9,373,Activo,4.8
PROD-00826,Biografía Histórica Titan 586,Libros y Entretenimiento,Titan,437.3,210.7,51,Activo,3.4
PROD-00827,Cámara DSLR Vortex 871,Electrónica,Vortex,13009.3,9631.18,475,Activo,4.8
PROD-00828,Tablet 10 pulgadas ProStyle 577,Electrónica,ProStyle,20045.82,12767.92,328,Activo,4.2
PROD-00829,Horno de Microondas Lumix 691,Hogar y Cocina,Lumix,2005.82,1151.05,250,Activo,4.4
PROD-00830,Comic Edición de Colección Krono 359,Libros y Entretenimiento,Krono,1684.43,1136.8,466,Activo,3.1
PROD-00831,Sudadera con Capucha Aero 275,Ropa y Moda,Aero,2250.54,910.51,67,Activo,4.2
PROD-00832,Calculadora Científica Zenith 406,Papelería y Oficina,Zenith,487.15,256.01,465,Activo,4.4
PROD-00833,Cepillo Eléctrico Nova 853,Salud y Cuidado Personal,Nova,1925.66,994.09,403,Activo,3.0
PROD-00834,Bocina Portátil Vortex 886,Electrónica,Vortex,7157.82,4738.21,437,Activo,4.1
PROD-00835,Bicicleta de Montaña Urban 614,Deportes y Aire Libre,Urban,6754.87,4082.48,443,Activo,3.1
PROD-00836,Mancuernas Ajustables Aero 343,Deportes y Aire Libre,Aero,4784.77,2433.53,87,Activo,3.7
PROD-00837,Masajeador Cervical Nova 777,Salud y Cuidado Personal,Nova,780.89,385.6,173,Activo,4.3
PROD-00838,Lámpara de Escritorio Nova 112,Hogar y Cocina,Nova,5079.01,3013.2,361,Activo,4.2
PROD-00839,Marcadores de Colores Apex 100,Papelería y Oficina,Apex,1678.63,978.68,185,Activo,4.2
PROD-00840,Juego de Cuchillos Krono 432,Hogar y Cocina,Krono,6114.41,3510.04,403,Activo,3.2
PROD-00841,Monitor 4K ProStyle 367,Electrónica,ProStyle,6534.89,4298.01,363,Activo,4.0
PROD-00842,Kit de Pintura Nova 602,Juguetes y Juegos,Nova,2120.18,1032.84,467,Activo,4.7
PROD-00843,Marcadores de Colores Krono 962,Papelería y Oficina,Krono,243.87,136.12,167,Activo,3.3
PROD-00844,Comic Edición de Colección Nexa 141,Libros y Entretenimiento,Nexa,459.76,279.48,254,Activo,4.0
PROD-00845,Mancuernas Ajustables Urban 757,Deportes y Aire Libre,Urban,7684.93,3911.19,27,Activo,3.8
PROD-00846,Guía de Viajes Nexa 973,Libros y Entretenimiento,Nexa,1929.53,874.88,213,Activo,3.4
PROD-00847,Silla Ergonómica Nexa 678,Papelería y Oficina,Nexa,1504.56,671.71,220,Activo,3.5
PROD-00848,Juego de Mesa Familiar Zenith 867,Juguetes y Juegos,Zenith,1462.16,933.9,336,Activo,3.7
PROD-00849,Novela de Ficción Zenith 310,Libros y Entretenimiento,Zenith,1882.51,1120.33,357,Activo,3.2
PROD-00850,Bandas de Resistencia Urban 916,Deportes y Aire Libre,Urban,7070.54,3888.57,35,Activo,4.1
PROD-00851,Silla Ergonómica Krono 302,Papelería y Oficina,Krono,138.53,74.99,445,Activo,4.1
PROD-00852,Dron para Niños Titan 876,Juguetes y Juegos,Titan,680.28,438.53,159,Activo,4.4
PROD-00853,Protector Solar Aero 894,Salud y Cuidado Personal,Aero,669.34,292.09,395,Activo,4.4
PROD-00854,Masajeador Cervical Apex 814,Salud y Cuidado Personal,Apex,1513.12,635.09,458,Activo,4.0
PROD-00855,Smartphone Pro Vortex 439,Electrónica,Vortex,7561.78,4571.08,184,Activo,4.1
PROD-00856,Carpeta de Argollas Vortex 267,Papelería y Oficina,Vortex,2187.34,1236.43,44,Activo,4.3
PROD-00857,Kit de Cuidado Facial Aero 710,Salud y Cuidado Personal,Aero,2135.1,892.56,90,Activo,3.1
PROD-00858,Libro de Finanzas Personales Krono 680,Libros y Entretenimiento,Krono,2883.67,1590.04,23,Activo,4.9
PROD-00859,Gel Antiséptico Apex 250,Salud y Cuidado Personal,Apex,480.02,266.28,329,Activo,3.2
PROD-00860,Gel Antiséptico Apex 582,Salud y Cuidado Personal,Apex,2499.16,1380.58,138,Activo,4.4
PROD-00861,Chamarra de Pluma EcoLife 244,Ropa y Moda,EcoLife,2275.66,939.79,233,Activo,3.1
PROD-00862,Kit de Cuidado Facial Titan 255,Salud y Cuidado Personal,Titan,578.57,373.94,482,Activo,4.7
PROD-00863,Vitaminas Multivitamínicas Urban 808,Salud y Cuidado Personal,Urban,595.41,244.08,45,Activo,3.6
PROD-00864,Cuaderno Profesional Lumix 799,Papelería y Oficina,Lumix,1788.33,942.56,49,Activo,3.8
PROD-00865,Gorra Deportiva Titan 269,Ropa y Moda,Titan,810.57,370.73,497,Activo,3.5
PROD-00866,Bandas de Resistencia Aero 592,Deportes y Aire Libre,Aero,6436.14,4035.7,71,Activo,3.1
PROD-00867,Casco de Ciclismo Aero 363,Deportes y Aire Libre,Aero,407.04,229.51,151,Activo,3.4
PROD-00868,Juego de Cuchillos EcoLife 661,Hogar y Cocina,EcoLife,8465.17,4977.97,107,Activo,4.7
PROD-00869,Consola Portátil de Videojuegos Lumix 714,Juguetes y Juegos,Lumix,623.7,349.31,162,Activo,4.0
PROD-00870,Sudadera con Capucha EcoLife 934,Ropa y Moda,EcoLife,1294.88,836.71,244,Activo,3.4
PROD-00871,Pista de Carreras Nova 419,Juguetes y Juegos,Nova,978.61,623.38,225,Activo,4.8
PROD-00872,Secadora de Cabello Aero 737,Salud y Cuidado Personal,Aero,836.99,450.31,212,Activo,4.7
PROD-00873,Rompecabezas 1000 piezas Vortex 720,Juguetes y Juegos,Vortex,2118.51,995.83,24,Activo,3.3
PROD-00874,Licuadora de Alta Potencia Urban 924,Hogar y Cocina,Urban,3478.15,2209.09,328,Activo,3.2
PROD-00875,Sartén Antiadherente Nova 536,Hogar y Cocina,Nova,7546.18,4307.2,205,Activo,4.6
PROD-00876,Biografía Histórica EcoLife 230,Libros y Entretenimiento,EcoLife,2109.85,1352.58,33,Activo,4.4
PROD-00877,Comic Edición de Colección ProStyle 263,Libros y Entretenimiento,ProStyle,3462.7,2316.8,283,Activo,5.0
PROD-00878,Gel Antiséptico Titan 547,Salud y Cuidado Personal,Titan,2318.84,1242.5,487,Activo,4.0
PROD-00879,Carro a Control Remoto Aero 425,Juguetes y Juegos,Aero,933.85,524.17,304,Activo,4.4
PROD-00880,Set de Bloques de Construcción Nova 547,Juguetes y Juegos,Nova,3233.32,1609.71,489,Activo,3.8
PROD-00881,Muñeca Articulada Aero 730,Juguetes y Juegos,Aero,663.12,344.64,10,Activo,3.8
PROD-00882,Enciclopedia Ilustrada ProStyle 542,Libros y Entretenimiento,ProStyle,2680.97,1261.99,264,Activo,3.1
PROD-00883,Gafas de Sol EcoLife 492,Ropa y Moda,EcoLife,442.09,192.87,41,Activo,3.3
PROD-00884,Calculadora Científica Urban 560,Papelería y Oficina,Urban,52.06,22.11,58,Activo,4.8
PROD-00885,Bicicleta de Montaña Apex 897,Deportes y Aire Libre,Apex,8257.01,4729.57,42,Activo,4.5
PROD-00886,Post-it Adhesivos Nova 282,Papelería y Oficina,Nova,1530.19,637.89,108,Activo,3.1
PROD-00887,Juego de Mesa Familiar Lumix 309,Juguetes y Juegos,Lumix,3220.93,1884.91,156,Activo,4.4
PROD-00888,Casco de Ciclismo Nexa 629,Deportes y Aire Libre,Nexa,4305.38,2955.38,324,Activo,3.5
PROD-00889,Consola Portátil de Videojuegos EcoLife 561,Juguetes y Juegos,EcoLife,123.17,82.8,75,Activo,4.8
PROD-00890,Manual de Cocina Urban 329,Libros y Entretenimiento,Urban,3008.83,1926.02,248,Activo,4.9
PROD-00891,Chamarra de Pluma EcoLife 861,Ropa y Moda,EcoLife,2396.25,1230.08,297,Activo,4.7
PROD-00892,Peluche Gigante Nova 162,Juguetes y Juegos,Nova,2654.6,1760.58,177,Activo,3.2
PROD-00893,Kit de Cuidado Facial Nova 191,Salud y Cuidado Personal,Nova,1828.25,1028.51,18,Activo,3.9
PROD-00894,Rompecabezas 1000 piezas Krono 274,Juguetes y Juegos,Krono,1507.78,996.64,33,Activo,3.2
PROD-00895,Libro de Finanzas Personales Zenith 264,Libros y Entretenimiento,Zenith,1145.99,596.66,206,Activo,4.1
PROD-00896,Calcetines Transpirables Nova 922,Ropa y Moda,Nova,2188.69,1159.21,197,Activo,3.6
PROD-00897,Calcetines Transpirables Urban 522,Ropa y Moda,Urban,1260.53,756.28,58,Activo,4.6
PROD-00898,Novela de Ficción Titan 810,Libros y Entretenimiento,Titan,245.75,131.0,71,Activo,3.4
PROD-00899,Lámpara de Escritorio Urban 133,Hogar y Cocina,Urban,6328.74,3374.06,404,Activo,4.0
PROD-00900,Bicicleta de Montaña EcoLife 468,Deportes y Aire Libre,EcoLife,4564.08,2326.73,180,Activo,4.5
PROD-00901,Post-it Adhesivos Nexa 752,Papelería y Oficina,Nexa,984.29,494.26,149,Activo,4.2
PROD-00902,Consola Portátil de Videojuegos Titan 276,Juguetes y Juegos,Titan,1505.65,822.64,163,Activo,3.2
PROD-00903,Freidora de Aire Aero 802,Hogar y Cocina,Aero,6644.3,4330.01,115,Activo,4.2
PROD-00904,Juego de Sartenes Lumix 740,Hogar y Cocina,Lumix,3483.73,2433.99,444,Activo,3.6
PROD-00905,Sudadera con Capucha Aero 823,Ropa y Moda,Aero,415.59,167.89,89,Activo,4.0
PROD-00906,Vestido Casual EcoLife 750,Ropa y Moda,EcoLife,2356.29,1127.63,246,Activo,4.1
PROD-00907,Silla Ergonómica Zenith 656,Papelería y Oficina,Zenith,1527.09,707.44,241,Activo,3.3
PROD-00908,Bandas de Resistencia Vortex 189,Deportes y Aire Libre,Vortex,6418.62,4280.97,118,Activo,3.4
PROD-00909,Set de Bolígrafos ProStyle 329,Papelería y Oficina,ProStyle,96.81,38.9,11,Activo,3.7
PROD-00910,Laptop Gamer Urban 645,Electrónica,Urban,20794.41,15567.19,268,Activo,3.7
PROD-00911,Guantes de Gimnasio EcoLife 458,Deportes y Aire Libre,EcoLife,7178.51,4145.87,451,Activo,4.8
PROD-00912,Kit de Pintura Nova 545,Juguetes y Juegos,Nova,1466.28,863.1,333,Activo,4.5
PROD-00913,Set de Bloques de Construcción Vortex 306,Juguetes y Juegos,Vortex,318.5,149.1,408,Activo,3.3
PROD-00914,Enciclopedia Ilustrada Aero 631,Libros y Entretenimiento,Aero,1881.07,897.02,64,Activo,3.7
PROD-00915,Manual de Cocina Lumix 711,Libros y Entretenimiento,Lumix,2694.77,1343.97,449,Activo,3.8
PROD-00916,Gorra Deportiva Lumix 911,Ropa y Moda,Lumix,2191.01,1154.48,400,Activo,3.6
PROD-00917,Cafetera de Goteo Lumix 362,Hogar y Cocina,Lumix,7608.19,5090.14,194,Activo,4.6
PROD-00918,Mouse Inalámbrico Zenith 518,Electrónica,Zenith,22831.37,15245.6,276,Activo,3.4
PROD-00919,Vitaminas Multivitamínicas Krono 385,Salud y Cuidado Personal,Krono,615.89,354.18,133,Activo,3.8
PROD-00920,Peluche Gigante EcoLife 157,Juguetes y Juegos,EcoLife,3377.83,1755.77,305,Activo,4.4
PROD-00921,Libro de Poesía ProStyle 287,Libros y Entretenimiento,ProStyle,2709.57,1669.21,478,Activo,3.9
PROD-00922,Biografía Histórica Titan 125,Libros y Entretenimiento,Titan,1449.54,768.59,170,Activo,3.5
PROD-00923,Carpeta de Argollas Krono 610,Papelería y Oficina,Krono,1182.11,549.65,423,Activo,4.8
PROD-00924,Calcetines Transpirables Aero 827,Ropa y Moda,Aero,1065.59,584.06,108,Activo,3.2
PROD-00925,Organizador de Escritorio Lumix 282,Papelería y Oficina,Lumix,1132.53,552.42,244,Activo,4.7
PROD-00926,Bandas de Resistencia Apex 932,Deportes y Aire Libre,Apex,4751.67,2441.72,487,Activo,3.1
PROD-00927,Licuadora de Alta Potencia Lumix 238,Hogar y Cocina,Lumix,8465.06,4695.74,463,Activo,4.7
PROD-00928,Engrapadora Industrial Apex 210,Papelería y Oficina,Apex,2329.47,1240.52,190,Activo,3.9
PROD-00929,Cepillo Eléctrico Nexa 748,Salud y Cuidado Personal,Nexa,1550.89,753.27,358,Activo,5.0
PROD-00930,Rompecabezas 1000 piezas Zenith 121,Juguetes y Juegos,Zenith,1662.44,1028.36,338,Activo,4.5
PROD-00931,Licuadora de Alta Potencia Nexa 769,Hogar y Cocina,Nexa,6747.32,3766.5,480,Activo,4.9
PROD-00932,Calculadora Científica EcoLife 545,Papelería y Oficina,EcoLife,1901.1,786.49,12,Activo,4.7
PROD-00933,Teclado Mecánico Vortex 782,Electrónica,Vortex,18876.96,11964.68,78,Activo,4.3
PROD-00934,Peluche Gigante Titan 382,Juguetes y Juegos,Titan,2552.41,1363.01,36,Activo,3.8
PROD-00935,Rasuradora Eléctrica Zenith 845,Salud y Cuidado Personal,Zenith,298.35,131.03,360,Activo,3.1
PROD-00936,Libro de Poesía Titan 240,Libros y Entretenimiento,Titan,2462.2,1474.61,470,Activo,3.5
PROD-00937,Sartén Antiadherente Lumix 739,Hogar y Cocina,Lumix,5046.98,2978.02,391,Activo,3.1
PROD-00938,Pelota de Fútbol Vortex 236,Deportes y Aire Libre,Vortex,5962.53,4025.08,273,Activo,4.1
PROD-00939,Rompecabezas 1000 piezas Krono 965,Juguetes y Juegos,Krono,3376.05,1576.37,107,Activo,4.9
PROD-00940,Chamarra de Pluma Nexa 588,Ropa y Moda,Nexa,400.82,173.77,446,Activo,3.3
PROD-00941,Biografía Histórica Titan 471,Libros y Entretenimiento,Titan,656.15,321.6,106,Activo,4.7
PROD-00942,Smartphone Pro Aero 270,Electrónica,Aero,6113.21,4245.17,41,Activo,3.9
PROD-00943,Vestido Casual Vortex 744,Ropa y Moda,Vortex,2444.57,1135.24,234,Activo,3.3
PROD-00944,Marcadores de Colores Apex 644,Papelería y Oficina,Apex,257.34,115.75,90,Activo,4.3
PROD-00945,Set de Bolígrafos Zenith 472,Papelería y Oficina,Zenith,583.37,290.23,65,Activo,4.8
PROD-00946,Lámpara de Escritorio Nexa 345,Hogar y Cocina,Nexa,3271.78,1766.24,424,Activo,4.6
PROD-00947,Vestido Casual Nexa 395,Ropa y Moda,Nexa,2192.73,1128.78,48,Activo,3.8
PROD-00948,Consola Portátil de Videojuegos ProStyle 219,Juguetes y Juegos,ProStyle,238.4,136.58,179,Activo,3.4
PROD-00949,Sudadera con Capucha Apex 768,Ropa y Moda,Apex,1127.2,658.34,484,Activo,3.3
PROD-00950,Silla Ergonómica Nova 738,Papelería y Oficina,Nova,152.21,76.55,22,Activo,4.6
PROD-00951,Vestido Casual Aero 306,Ropa y Moda,Aero,2269.28,1259.93,446,Activo,3.2
PROD-00952,Pista de Carreras Vortex 177,Juguetes y Juegos,Vortex,1794.37,821.13,38,Activo,3.4
PROD-00953,Gorra Deportiva Nexa 606,Ropa y Moda,Nexa,1985.96,920.71,404,Activo,4.6
PROD-00954,Freidora de Aire Nova 712,Hogar y Cocina,Nova,3553.95,2178.57,21,Activo,3.6
PROD-00955,Rasuradora Eléctrica Nova 425,Salud y Cuidado Personal,Nova,369.56,195.98,434,Activo,4.7
PROD-00956,Vitaminas Multivitamínicas Apex 842,Salud y Cuidado Personal,Apex,2197.03,1014.81,138,Activo,4.5
PROD-00957,Gel Antiséptico Vortex 153,Salud y Cuidado Personal,Vortex,897.53,389.76,358,Activo,4.7
PROD-00958,Mochila de Senderismo Aero 794,Deportes y Aire Libre,Aero,5038.48,3504.39,264,Activo,4.1
PROD-00959,Gafas de Sol ProStyle 727,Ropa y Moda,ProStyle,969.4,405.38,444,Activo,4.1
PROD-00960,Horno de Microondas Apex 224,Hogar y Cocina,Apex,7285.92,3922.94,83,Activo,3.7
PROD-00961,Gel Antiséptico Nexa 695,Salud y Cuidado Personal,Nexa,324.1,138.7,289,Activo,4.4
PROD-00962,Freidora de Aire Nexa 405,Hogar y Cocina,Nexa,7405.42,4773.49,459,Activo,4.5
PROD-00963,Consola Portátil de Videojuegos Urban 905,Juguetes y Juegos,Urban,2373.13,1525.7,353,Activo,4.3
PROD-00964,Gel Antiséptico Lumix 594,Salud y Cuidado Personal,Lumix,2171.66,1306.44,91,Activo,3.3
PROD-00965,Organizador de Escritorio Vortex 178,Papelería y Oficina,Vortex,1982.71,843.76,369,Activo,3.3
PROD-00966,Cuerda para Saltar Aero 637,Deportes y Aire Libre,Aero,3217.1,1947.95,440,Activo,3.9
PROD-00967,Vitaminas Multivitamínicas Krono 685,Salud y Cuidado Personal,Krono,637.76,261.76,363,Activo,4.0
PROD-00968,Guantes de Gimnasio Zenith 545,Deportes y Aire Libre,Zenith,6201.88,4113.2,365,Activo,4.6
PROD-00969,Rompecabezas 1000 piezas Lumix 441,Juguetes y Juegos,Lumix,1735.8,1053.25,46,Activo,4.7
PROD-00970,Calcetines Transpirables Aero 921,Ropa y Moda,Aero,130.69,84.66,54,Activo,3.3
PROD-00971,Sudadera con Capucha EcoLife 494,Ropa y Moda,EcoLife,2159.78,1160.62,16,Activo,3.7
PROD-00972,Bicicleta de Montaña Aero 617,Deportes y Aire Libre,Aero,7367.05,5109.83,430,Activo,3.4
PROD-00973,Rasuradora Eléctrica Vortex 772,Salud y Cuidado Personal,Vortex,1075.9,452.19,185,Activo,4.5
PROD-00974,Cuento Infantil Ilustrado Titan 466,Libros y Entretenimiento,Titan,201.5,100.36,36,Activo,3.1
PROD-00975,Enciclopedia Ilustrada Nexa 449,Libros y Entretenimiento,Nexa,485.4,221.17,25,Activo,3.9
PROD-00976,Tablet 10 pulgadas Titan 682,Electrónica,Titan,10401.69,6642.69,117,Activo,3.3
PROD-00977,Dron para Niños ProStyle 269,Juguetes y Juegos,ProStyle,2507.22,1270.67,423,Activo,3.3
PROD-00978,Rompecabezas 1000 piezas Aero 660,Juguetes y Juegos,Aero,630.01,319.14,226,Activo,3.8
PROD-00979,Mancuernas Ajustables Zenith 885,Deportes y Aire Libre,Zenith,707.09,402.51,39,Activo,3.8
PROD-00980,Juego de Cuchillos Krono 156,Hogar y Cocina,Krono,2837.07,1805.17,500,Activo,3.9
PROD-00981,Dron para Niños Lumix 933,Juguetes y Juegos,Lumix,1937.03,969.33,373,Activo,4.8
PROD-00982,Carro a Control Remoto Lumix 235,Juguetes y Juegos,Lumix,2598.56,1696.48,454,Activo,4.7
PROD-00983,Set de Bolígrafos ProStyle 635,Papelería y Oficina,ProStyle,1964.56,1079.8,362,Activo,4.2
PROD-00984,Sudadera con Capucha Vortex 902,Ropa y Moda,Vortex,668.77,326.92,20,Activo,3.0
PROD-00985,Pista de Carreras Nexa 250,Juguetes y Juegos,Nexa,1157.89,560.99,87,Activo,3.0
PROD-00986,Vestido Casual Lumix 324,Ropa y Moda,Lumix,1731.71,1120.91,410,Activo,4.3
PROD-00987,Silla Ergonómica Nexa 397,Papelería y Oficina,Nexa,558.77,247.53,229,Activo,3.0
PROD-00988,Pantalón Mezclilla Apex 829,Ropa y Moda,Apex,1787.89,979.49,277,Activo,3.7
PROD-00989,Purificador de Aire Apex 645,Hogar y Cocina,Apex,2833.21,1802.16,49,Activo,3.8
PROD-00990,Silla Ergonómica Titan 728,Papelería y Oficina,Titan,647.75,375.77,340,Activo,3.8
PROD-00991,Tenis Deportivos Urban 550,Ropa y Moda,Urban,692.27,303.38,354,Activo,4.7
PROD-00992,Secadora de Cabello EcoLife 634,Salud y Cuidado Personal,EcoLife,346.87,164.87,229,Activo,3.5
PROD-00993,Lámpara de Escritorio ProStyle 838,Hogar y Cocina,ProStyle,7789.34,4979.15,438,Activo,3.2
PROD-00994,Cepillo Eléctrico Nova 821,Salud y Cuidado Personal,Nova,590.11,374.6,135,Activo,5.0
PROD-00995,Smartwatch Vortex 409,Electrónica,Vortex,20553.54,14154.39,290,Activo,4.8
PROD-00996,Playera de Algodón Nexa 254,Ropa y Moda,Nexa,1064.12,429.48,193,Activo,4.7
PROD-00997,Rasuradora Eléctrica Aero 100,Salud y Cuidado Personal,Aero,1799.55,747.73,65,Activo,3.7
PROD-00998,Mouse Inalámbrico Krono 287,Electrónica,Krono,23445.4,14295.49,197,Activo,3.9
PROD-00999,Monitor 4K Lumix 580,Electrónica,Lumix,7787.78,5346.95,198,Activo,4.4
PROD-01000,Set de Bloques de Construcción Nova 392,Juguetes y Juegos,Nova,798.03,476.02,246,Activo,4.6
PROD-01001,Juego de Sartenes Nova 692,Hogar y Cocina,Nova,1136.0,671.73,153,Activo,3.2
PROD-01002,Gorra Deportiva Apex 851,Ropa y Moda,Apex,1792.01,844.46,380,Activo,4.4
PROD-01003,Cepillo Eléctrico Vortex 502,Salud y Cuidado Personal,Vortex,291.39,120.13,54,Activo,4.2
PROD-01004,Enciclopedia Ilustrada Nexa 908,Libros y Entretenimiento,Nexa,1250.36,773.38,121,Activo,5.0
PROD-01005,Consola Portátil de Videojuegos Titan 207,Juguetes y Juegos,Titan,1578.02,758.5,159,Activo,3.9
PROD-01006,Rasuradora Eléctrica Apex 341,Salud y Cuidado Personal,Apex,1006.96,576.01,126,Activo,4.2
PROD-01007,Guía de Viajes Lumix 167,Libros y Entretenimiento,Lumix,445.44,278.37,78,Activo,4.9
PROD-01008,Gafas de Sol Titan 600,Ropa y Moda,Titan,1788.4,1015.39,455,Activo,4.2
PROD-01009,Consola Portátil de Videojuegos Titan 444,Juguetes y Juegos,Titan,2834.66,1931.79,0,Agotado,5.0
PROD-01010,Pelota de Fútbol Zenith 584,Deportes y Aire Libre,Zenith,1269.08,870.63,407,Activo,3.8
PROD-01011,Cuento Infantil Ilustrado ProStyle 483,Libros y Entretenimiento,ProStyle,848.07,582.3,93,Activo,4.4
PROD-01012,Bocina Portátil Lumix 496,Electrónica,Lumix,18120.35,10437.91,426,Activo,3.7
PROD-01013,Set de Bolígrafos Lumix 793,Papelería y Oficina,Lumix,1469.18,629.56,333,Activo,3.2
PROD-01014,Kit de Pintura Vortex 743,Juguetes y Juegos,Vortex,103.03,63.75,266,Activo,4.9
PROD-01015,Marcadores de Colores ProStyle 844,Papelería y Oficina,ProStyle,1042.52,656.02,315,Activo,4.1
PROD-01016,Pista de Carreras Vortex 720,Juguetes y Juegos,Vortex,2597.23,1280.72,188,Activo,4.5
PROD-01017,Cuento Infantil Ilustrado Zenith 819,Libros y Entretenimiento,Zenith,1727.99,1080.35,1,Activo,4.9
PROD-01018,Monitor 4K Krono 466,Electrónica,Krono,1132.73,672.88,249,Activo,4.5
PROD-01019,Novela de Ficción Aero 632,Libros y Entretenimiento,Aero,2384.32,1572.23,465,Activo,3.3
PROD-01020,Cafetera de Goteo Aero 119,Hogar y Cocina,Aero,6015.62,3509.92,94,Activo,4.0
PROD-01021,Post-it Adhesivos Urban 413,Papelería y Oficina,Urban,386.98,168.62,59,Activo,4.4
PROD-01022,Aspiradora Robot Titan 287,Hogar y Cocina,Titan,3431.26,2056.18,132,Activo,4.2
PROD-01023,Libro de Poesía Lumix 295,Libros y Entretenimiento,Lumix,312.11,140.46,3,Activo,3.7
PROD-01024,Tapete de Yoga Nova 690,Deportes y Aire Libre,Nova,6105.86,3427.71,25,Activo,4.6
PROD-01025,Muñeca Articulada Lumix 757,Juguetes y Juegos,Lumix,555.11,289.04,135,Activo,4.1
PROD-01026,Botella de Agua Térmica Nova 119,Deportes y Aire Libre,Nova,4694.54,3270.69,330,Activo,3.7
PROD-01027,Comic Edición de Colección Apex 792,Libros y Entretenimiento,Apex,2194.79,1246.47,267,Activo,3.6
PROD-01028,Gorra Deportiva Nova 811,Ropa y Moda,Nova,965.23,576.15,316,Activo,3.2
PROD-01029,Smartwatch Lumix 154,Electrónica,Lumix,7283.14,4942.59,479,Activo,3.1
PROD-01030,Laptop Gamer Krono 424,Electrónica,Krono,5248.58,3409.14,488,Activo,4.9
PROD-01031,Biografía Histórica Zenith 269,Libros y Entretenimiento,Zenith,3266.11,1810.85,445,Activo,4.3
PROD-01032,Vitaminas Multivitamínicas Lumix 417,Salud y Cuidado Personal,Lumix,1387.64,571.04,313,Activo,3.1
PROD-01033,Teclado Mecánico Nova 140,Electrónica,Nova,23937.99,17382.43,286,Activo,3.0
PROD-01034,Rasuradora Eléctrica Apex 622,Salud y Cuidado Personal,Apex,1850.38,855.35,119,Activo,3.5
PROD-01035,Gorra Deportiva Krono 791,Ropa y Moda,Krono,1980.9,1212.49,376,Activo,3.5
PROD-01036,Destrozadora de Papel Apex 620,Papelería y Oficina,Apex,638.33,369.63,249,Activo,3.3
PROD-01037,Guía de Viajes ProStyle 859,Libros y Entretenimiento,ProStyle,571.1,373.9,329,Activo,3.5
PROD-01038,Mancuernas Ajustables ProStyle 525,Deportes y Aire Libre,ProStyle,7188.16,4795.37,23,Activo,3.8
PROD-01039,Muñeca Articulada Apex 196,Juguetes y Juegos,Apex,1461.27,726.81,333,Activo,3.5
PROD-01040,Cuerda para Saltar Zenith 871,Deportes y Aire Libre,Zenith,2775.52,1799.45,100,Activo,4.8
PROD-01041,Bandas de Resistencia Titan 460,Deportes y Aire Libre,Titan,3074.46,1751.71,25,Activo,4.2
PROD-01042,Aspiradora Robot Zenith 383,Hogar y Cocina,Zenith,2525.98,1722.47,469,Activo,3.1
PROD-01043,Rasuradora Eléctrica Apex 304,Salud y Cuidado Personal,Apex,446.19,197.78,434,Activo,4.4
PROD-01044,Mancuernas Ajustables Nova 208,Deportes y Aire Libre,Nova,3703.4,1941.45,287,Activo,5.0
PROD-01045,Freidora de Aire Apex 717,Hogar y Cocina,Apex,2345.87,1616.66,169,Activo,3.0
PROD-01046,Cafetera de Goteo Vortex 770,Hogar y Cocina,Vortex,1217.72,678.12,330,Activo,3.9
PROD-01047,Botella de Agua Térmica Krono 504,Deportes y Aire Libre,Krono,7971.52,5260.19,78,Activo,3.1
PROD-01048,Bocina Portátil ProStyle 883,Electrónica,ProStyle,12705.4,9205.81,299,Activo,3.7
PROD-01049,Silla Ergonómica Krono 751,Papelería y Oficina,Krono,1466.07,786.89,224,Activo,3.4
PROD-01050,Cuerda para Saltar ProStyle 794,Deportes y Aire Libre,ProStyle,6343.15,4247.36,101,Activo,4.3
PROD-01051,Mouse Inalámbrico ProStyle 990,Electrónica,ProStyle,21714.95,12101.75,45,Activo,4.0
PROD-01052,Purificador de Aire Krono 975,Hogar y Cocina,Krono,1497.94,953.05,326,Activo,3.5
PROD-01053,Bocina Portátil EcoLife 313,Electrónica,EcoLife,22847.25,13022.75,435,Activo,3.5
PROD-01054,Silla Ergonómica Urban 485,Papelería y Oficina,Urban,2496.26,1030.22,121,Activo,3.6
PROD-01055,Cuaderno Profesional Lumix 303,Papelería y Oficina,Lumix,318.59,185.24,416,Activo,4.4
PROD-01056,Guía de Viajes ProStyle 737,Libros y Entretenimiento,ProStyle,1019.0,683.7,224,Activo,3.7
PROD-01057,Tapete de Yoga Vortex 399,Deportes y Aire Libre,Vortex,5540.33,3323.97,432,Activo,5.0
PROD-01058,Libro de Finanzas Personales Urban 218,Libros y Entretenimiento,Urban,2523.51,1729.85,403,Activo,5.0
PROD-01059,Set de Bolígrafos Nexa 903,Papelería y Oficina,Nexa,65.53,35.85,165,Activo,5.0
PROD-01060,Kit de Cuidado Facial Nova 147,Salud y Cuidado Personal,Nova,2112.82,1003.35,208,Activo,4.3
PROD-01061,Libro de Desarrollo Personal Lumix 489,Libros y Entretenimiento,Lumix,2569.1,1285.67,363,Activo,3.8
PROD-01062,Cuaderno Profesional Krono 203,Papelería y Oficina,Krono,1975.1,824.44,56,Activo,4.4
PROD-01063,Calculadora Científica Zenith 252,Papelería y Oficina,Zenith,293.39,133.45,71,Activo,3.3
PROD-01064,Enciclopedia Ilustrada EcoLife 187,Libros y Entretenimiento,EcoLife,2450.21,1123.54,224,Activo,4.2
PROD-01065,Playera de Algodón Aero 203,Ropa y Moda,Aero,349.07,205.32,124,Activo,3.9
PROD-01066,Masajeador Cervical Nexa 152,Salud y Cuidado Personal,Nexa,1529.77,665.02,301,Activo,4.1
PROD-01067,Destrozadora de Papel EcoLife 631,Papelería y Oficina,EcoLife,471.82,202.65,453,Activo,3.4
PROD-01068,Chamarra de Pluma Apex 171,Ropa y Moda,Apex,556.68,231.87,19,Activo,3.8
PROD-01069,Consola Portátil de Videojuegos Zenith 783,Juguetes y Juegos,Zenith,3380.53,1623.92,181,Activo,3.2
PROD-01070,Tenis Deportivos Lumix 403,Ropa y Moda,Lumix,2070.5,1194.04,102,Activo,4.8
PROD-01071,Silla Ergonómica Lumix 358,Papelería y Oficina,Lumix,1548.4,735.68,224,Activo,3.9
PROD-01072,Libro de Desarrollo Personal Nova 267,Libros y Entretenimiento,Nova,2664.25,1645.93,213,Activo,3.4
PROD-01073,Cámara DSLR Nova 977,Electrónica,Nova,22400.27,14298.97,187,Activo,5.0
PROD-01074,Purificador de Aire EcoLife 290,Hogar y Cocina,EcoLife,8302.21,4691.27,474,Activo,4.4
PROD-01075,Engrapadora Industrial Nova 812,Papelería y Oficina,Nova,2123.2,1353.56,212,Activo,3.4
PROD-01076,Monitor 4K Nexa 183,Electrónica,Nexa,15892.24,11097.54,325,Activo,4.7
PROD-01077,Muñeca Articulada Vortex 346,Juguetes y Juegos,Vortex,3293.22,2116.97,326,Activo,3.9
PROD-01078,Dron para Niños Nexa 175,Juguetes y Juegos,Nexa,2655.44,1369.12,135,Activo,4.8
PROD-01079,Dron para Niños EcoLife 483,Juguetes y Juegos,EcoLife,1130.56,760.97,23,Activo,4.7
PROD-01080,Gel Antiséptico Vortex 816,Salud y Cuidado Personal,Vortex,2007.22,832.43,279,Activo,4.1
PROD-01081,Freidora de Aire Apex 589,Hogar y Cocina,Apex,4798.57,2940.92,211,Activo,3.9
PROD-01082,Casco de Ciclismo Aero 289,Deportes y Aire Libre,Aero,319.52,168.32,385,Activo,4.4
PROD-01083,Teclado Mecánico Krono 180,Electrónica,Krono,11087.66,7099.6,237,Activo,3.5
PROD-01084,Bandas de Resistencia Apex 901,Deportes y Aire Libre,Apex,7838.62,4683.69,333,Activo,4.9
PROD-01085,Bandas de Resistencia Titan 563,Deportes y Aire Libre,Titan,6113.57,3443.8,113,Activo,3.4
PROD-01086,Bandas de Resistencia Vortex 882,Deportes y Aire Libre,Vortex,3656.81,2336.09,63,Activo,5.0
PROD-01087,Crema Hidratante Apex 246,Salud y Cuidado Personal,Apex,2376.61,1294.23,292,Activo,4.7
PROD-01088,Cinturón de Piel Urban 705,Ropa y Moda,Urban,1420.17,838.22,103,Activo,3.1
PROD-01089,Mochila de Senderismo Titan 328,Deportes y Aire Libre,Titan,2709.49,1397.23,141,Activo,4.7
PROD-01090,Silla Ergonómica Aero 998,Papelería y Oficina,Aero,684.33,405.19,299,Activo,4.8
PROD-01091,Chamarra de Pluma EcoLife 997,Ropa y Moda,EcoLife,591.67,259.2,455,Activo,4.2
PROD-01092,Set de Bloques de Construcción Lumix 240,Juguetes y Juegos,Lumix,2605.03,1811.04,287,Activo,5.0
PROD-01093,Cepillo Eléctrico Apex 763,Salud y Cuidado Personal,Apex,2244.58,1335.27,355,Activo,3.7
PROD-01094,Vitaminas Multivitamínicas Zenith 429,Salud y Cuidado Personal,Zenith,1765.94,986.13,490,Activo,4.4
PROD-01095,Protector Solar Urban 336,Salud y Cuidado Personal,Urban,1688.82,840.39,2,Activo,4.2
PROD-01096,Masajeador Cervical Zenith 736,Salud y Cuidado Personal,Zenith,990.8,587.65,177,Activo,4.4
PROD-01097,Smartphone Pro Apex 205,Electrónica,Apex,5237.56,3843.21,396,Activo,4.3
PROD-01098,Juego de Cuchillos Krono 151,Hogar y Cocina,Krono,3649.76,2368.95,404,Activo,4.7
PROD-01099,Rompecabezas 1000 piezas Nexa 854,Juguetes y Juegos,Nexa,3428.51,1771.69,386,Activo,3.7
PROD-01100,Guantes de Gimnasio Nexa 786,Deportes y Aire Libre,Nexa,5345.29,3385.01,346,Activo,3.9
PROD-01101,Botella de Agua Térmica Nova 655,Deportes y Aire Libre,Nova,2861.27,1522.55,331,Activo,5.0
PROD-01102,Rasuradora Eléctrica EcoLife 960,Salud y Cuidado Personal,EcoLife,2017.67,1160.74,83,Activo,4.8
PROD-01103,Cuento Infantil Ilustrado Titan 713,Libros y Entretenimiento,Titan,1478.33,861.5,82,Activo,3.7
PROD-01104,Monitor 4K Aero 415,Electrónica,Aero,13217.14,9294.31,436,Activo,3.4
PROD-01105,Guantes de Gimnasio ProStyle 886,Deportes y Aire Libre,ProStyle,4695.88,3134.34,41,Activo,4.3
PROD-01106,Guía de Viajes Nexa 223,Libros y Entretenimiento,Nexa,611.86,299.29,469,Activo,4.0
PROD-01107,Novela de Ficción Nova 894,Libros y Entretenimiento,Nova,2738.72,1233.41,9,Activo,3.8
PROD-01108,Crema Hidratante Nexa 800,Salud y Cuidado Personal,Nexa,1832.18,895.7,177,Activo,4.2
PROD-01109,Manual de Cocina Krono 606,Libros y Entretenimiento,Krono,3454.43,2146.72,390,Activo,4.7
PROD-01110,Teclado Mecánico Urban 708,Electrónica,Urban,4784.74,3164.78,7,Activo,3.7
PROD-01111,Engrapadora Industrial Zenith 221,Papelería y Oficina,Zenith,63.88,39.38,392,Activo,3.4
PROD-01112,Cuaderno Profesional Lumix 162,Papelería y Oficina,Lumix,1885.37,992.21,191,Activo,3.6
PROD-01113,Comic Edición de Colección Vortex 221,Libros y Entretenimiento,Vortex,1999.38,1126.83,256,Activo,3.4
PROD-01114,Masajeador Cervical Lumix 785,Salud y Cuidado Personal,Lumix,2477.45,1318.72,111,Activo,3.4
PROD-01115,Peluche Gigante Lumix 355,Juguetes y Juegos,Lumix,1548.59,753.28,57,Activo,4.6
PROD-01116,Libro de Finanzas Personales Titan 504,Libros y Entretenimiento,Titan,2368.46,1102.78,117,Activo,3.5
PROD-01117,Secadora de Cabello Apex 692,Salud y Cuidado Personal,Apex,1308.54,737.68,329,Activo,4.4
PROD-01118,Calculadora Científica Titan 859,Papelería y Oficina,Titan,1257.07,752.1,51,Activo,3.0
PROD-01119,Engrapadora Industrial Aero 836,Papelería y Oficina,Aero,1321.87,552.73,483,Activo,5.0
PROD-01120,Gafas de Sol Nova 151,Ropa y Moda,Nova,821.26,439.95,454,Activo,4.3
PROD-01121,Set de Bloques de Construcción ProStyle 300,Juguetes y Juegos,ProStyle,446.77,305.5,346,Activo,4.1
PROD-01122,Manual de Cocina Apex 163,Libros y Entretenimiento,Apex,1813.5,1136.19,416,Activo,3.6
PROD-01123,Pantalón Mezclilla Apex 633,Ropa y Moda,Apex,700.41,355.18,75,Activo,3.4
PROD-01124,Destrozadora de Papel Urban 525,Papelería y Oficina,Urban,2491.91,1287.98,281,Activo,4.8
PROD-01125,Teclado Mecánico ProStyle 749,Electrónica,ProStyle,13607.06,7725.14,173,Activo,3.5
PROD-01126,Gorra Deportiva Krono 158,Ropa y Moda,Krono,1699.73,684.38,283,Activo,4.3
PROD-01127,Rompecabezas 1000 piezas Krono 997,Juguetes y Juegos,Krono,1588.35,1061.71,218,Activo,3.9
PROD-01128,Protector Solar Apex 206,Salud y Cuidado Personal,Apex,980.84,589.65,41,Activo,4.6
PROD-01129,Manual de Cocina Titan 820,Libros y Entretenimiento,Titan,683.36,364.69,210,Activo,3.8
PROD-01130,Secadora de Cabello Lumix 449,Salud y Cuidado Personal,Lumix,572.62,251.02,119,Activo,3.3
PROD-01131,Aspiradora Robot Nova 492,Hogar y Cocina,Nova,7929.23,4020.12,293,Activo,4.2
PROD-01132,Guía de Viajes Nova 643,Libros y Entretenimiento,Nova,297.83,182.55,390,Activo,3.8
PROD-01133,Novela de Ficción ProStyle 168,Libros y Entretenimiento,ProStyle,511.73,273.6,500,Activo,4.0
PROD-01134,Guantes de Gimnasio Lumix 156,Deportes y Aire Libre,Lumix,7368.09,4164.52,360,Activo,4.6
PROD-01135,Consola Portátil de Videojuegos ProStyle 896,Juguetes y Juegos,ProStyle,3003.93,1725.18,270,Activo,4.5
PROD-01136,Gorra Deportiva EcoLife 246,Ropa y Moda,EcoLife,915.31,491.09,423,Activo,3.9
PROD-01137,Botella de Agua Térmica EcoLife 514,Deportes y Aire Libre,EcoLife,2480.81,1709.88,48,Activo,4.1
PROD-01138,Libro de Desarrollo Personal Urban 707,Libros y Entretenimiento,Urban,2174.03,1468.61,424,Activo,4.6
PROD-01139,Juego de Mesa Familiar Zenith 736,Juguetes y Juegos,Zenith,740.74,482.04,222,Activo,4.6
PROD-01140,Lámpara de Escritorio Aero 919,Hogar y Cocina,Aero,2644.75,1560.43,341,Activo,4.1
PROD-01141,Cuaderno Profesional Urban 215,Papelería y Oficina,Urban,1306.38,798.82,313,Activo,3.5
PROD-01142,Bascula Digital Vortex 312,Salud y Cuidado Personal,Vortex,1119.84,448.56,82,Activo,4.3
PROD-01143,Set de Bolígrafos ProStyle 521,Papelería y Oficina,ProStyle,1497.92,687.92,453,Activo,3.8
PROD-01144,Masajeador Cervical Vortex 159,Salud y Cuidado Personal,Vortex,2095.54,859.37,285,Activo,3.9
PROD-01145,Bicicleta de Montaña Urban 741,Deportes y Aire Libre,Urban,4217.3,2117.62,122,Activo,3.8
PROD-01146,Bocina Portátil Zenith 273,Electrónica,Zenith,12092.04,8848.42,186,Activo,3.5
PROD-01147,Sartén Antiadherente Zenith 914,Hogar y Cocina,Zenith,5871.62,3570.01,264,Activo,3.1
PROD-01148,Sartén Antiadherente Lumix 844,Hogar y Cocina,Lumix,7072.89,4883.33,147,Activo,3.1
PROD-01149,Rompecabezas 1000 piezas Titan 729,Juguetes y Juegos,Titan,2903.1,1878.73,244,Activo,3.4
PROD-01150,Vestido Casual Zenith 959,Ropa y Moda,Zenith,2039.33,1066.62,329,Activo,4.1
PROD-01151,Muñeca Articulada Nexa 192,Juguetes y Juegos,Nexa,2901.26,1675.43,127,Activo,4.1
PROD-01152,Cuerda para Saltar Urban 699,Deportes y Aire Libre,Urban,7449.29,4795.31,437,Activo,4.1
PROD-01153,Comic Edición de Colección Titan 668,Libros y Entretenimiento,Titan,2940.41,1453.41,215,Activo,3.2
PROD-01154,Aspiradora Robot Vortex 455,Hogar y Cocina,Vortex,7178.38,4322.67,456,Activo,3.3
PROD-01155,Cuerda para Saltar Urban 734,Deportes y Aire Libre,Urban,1536.79,1022.2,312,Activo,3.7
PROD-01156,Vestido Casual ProStyle 466,Ropa y Moda,ProStyle,2016.52,1183.53,228,Activo,4.3
PROD-01157,Cuerda para Saltar Krono 120,Deportes y Aire Libre,Krono,7734.15,4157.51,127,Activo,4.4
PROD-01158,Pista de Carreras Nexa 525,Juguetes y Juegos,Nexa,2261.6,1543.0,98,Activo,5.0
PROD-01159,Horno de Microondas ProStyle 603,Hogar y Cocina,ProStyle,5383.03,3173.63,210,Activo,4.2
PROD-01160,Manual de Cocina Aero 786,Libros y Entretenimiento,Aero,2875.15,1875.29,52,Activo,3.9
PROD-01161,Aspiradora Robot ProStyle 131,Hogar y Cocina,ProStyle,4713.28,2984.95,296,Activo,4.7
PROD-01162,Biografía Histórica Vortex 454,Libros y Entretenimiento,Vortex,1595.98,884.31,93,Activo,3.4
PROD-01163,Crema Hidratante Apex 107,Salud y Cuidado Personal,Apex,1509.11,752.73,261,Activo,4.7
PROD-01164,Marcadores de Colores Aero 180,Papelería y Oficina,Aero,1085.98,583.16,454,Activo,4.8
PROD-01165,Bascula Digital Lumix 106,Salud y Cuidado Personal,Lumix,1970.04,1198.15,35,Activo,3.7
PROD-01166,Tapete de Yoga Aero 652,Deportes y Aire Libre,Aero,1885.79,1016.73,318,Activo,4.2
PROD-01167,Gafas de Sol Vortex 972,Ropa y Moda,Vortex,184.28,74.49,485,Activo,3.1
PROD-01168,Kit de Pintura Nova 814,Juguetes y Juegos,Nova,1102.49,602.09,302,Activo,3.3
PROD-01169,Mancuernas Ajustables EcoLife 647,Deportes y Aire Libre,EcoLife,8479.38,5433.94,137,Activo,3.5
PROD-01170,Gel Antiséptico ProStyle 375,Salud y Cuidado Personal,ProStyle,2458.43,1140.11,361,Activo,4.1
PROD-01171,Rompecabezas 1000 piezas Urban 130,Juguetes y Juegos,Urban,785.4,460.07,495,Activo,4.0
PROD-01172,Bandas de Resistencia Aero 415,Deportes y Aire Libre,Aero,5908.3,4048.56,467,Activo,3.8
PROD-01173,Rompecabezas 1000 piezas Apex 592,Juguetes y Juegos,Apex,1882.82,1187.19,113,Activo,3.4
PROD-01174,Calcetines Transpirables Krono 394,Ropa y Moda,Krono,2298.55,1377.56,174,Activo,3.5
PROD-01175,Kit de Cuidado Facial Zenith 922,Salud y Cuidado Personal,Zenith,1984.38,1007.2,143,Activo,4.4
PROD-01176,Casco de Ciclismo EcoLife 556,Deportes y Aire Libre,EcoLife,6908.32,4566.14,495,Activo,4.3
PROD-01177,Cuerda para Saltar Nexa 797,Deportes y Aire Libre,Nexa,657.8,419.47,73,Activo,4.8
PROD-01178,Libro de Desarrollo Personal Nexa 883,Libros y Entretenimiento,Nexa,2037.12,1184.28,9,Activo,4.3
PROD-01179,Cepillo Eléctrico Lumix 380,Salud y Cuidado Personal,Lumix,690.02,371.84,437,Activo,4.3
PROD-01180,Secadora de Cabello Lumix 847,Salud y Cuidado Personal,Lumix,921.74,437.29,445,Activo,4.6
PROD-01181,Libro de Desarrollo Personal Nexa 867,Libros y Entretenimiento,Nexa,289.14,192.54,465,Activo,4.8
PROD-01182,Smartwatch Apex 941,Electrónica,Apex,19280.68,13337.48,86,Activo,4.5
PROD-01183,Gorra Deportiva Apex 305,Ropa y Moda,Apex,1163.31,639.59,206,Activo,4.0
PROD-01184,Sartén Antiadherente Titan 904,Hogar y Cocina,Titan,299.13,206.09,15,Activo,4.7
PROD-01185,Guantes de Gimnasio Nexa 291,Deportes y Aire Libre,Nexa,755.62,486.08,462,Activo,3.2
PROD-01186,Smartwatch Krono 938,Electrónica,Krono,5469.59,3394.35,204,Activo,3.7
PROD-01187,Crema Hidratante Aero 350,Salud y Cuidado Personal,Aero,2050.54,916.99,369,Activo,3.0
PROD-01188,Playera de Algodón Nexa 760,Ropa y Moda,Nexa,1123.22,597.68,71,Activo,3.6
PROD-01189,Dron para Niños Titan 527,Juguetes y Juegos,Titan,1092.59,748.9,341,Activo,5.0
PROD-01190,Cafetera de Goteo Apex 764,Hogar y Cocina,Apex,6936.36,3685.21,466,Activo,4.3
PROD-01191,Botella de Agua Térmica Apex 738,Deportes y Aire Libre,Apex,5599.79,3104.99,220,Activo,4.8
PROD-01192,Tablet 10 pulgadas Vortex 306,Electrónica,Vortex,6882.26,4434.94,306,Activo,4.6
PROD-01193,Mouse Inalámbrico Nova 780,Electrónica,Nova,21891.92,12951.68,211,Activo,3.3
PROD-01194,Laptop Gamer Apex 325,Electrónica,Apex,16539.44,10092.76,19,Activo,4.1
PROD-01195,Sartén Antiadherente Vortex 991,Hogar y Cocina,Vortex,8463.03,4467.93,9,Activo,4.4
PROD-01196,Biografía Histórica Aero 228,Libros y Entretenimiento,Aero,3016.18,1465.48,256,Activo,4.9
PROD-01197,Freidora de Aire EcoLife 432,Hogar y Cocina,EcoLife,8143.3,5499.29,14,Activo,3.2
PROD-01198,Kit de Pintura Zenith 669,Juguetes y Juegos,Zenith,3227.99,2114.11,187,Activo,4.8
PROD-01199,Laptop Gamer Zenith 769,Electrónica,Zenith,5672.4,4142.72,101,Activo,4.1
PROD-01200,Enciclopedia Ilustrada Urban 967,Libros y Entretenimiento,Urban,1095.18,653.04,495,Activo,4.4
PROD-01201,Libro de Poesía Urban 190,Libros y Entretenimiento,Urban,340.18,203.74,300,Activo,3.2
PROD-01202,Teclado Mecánico EcoLife 895,Electrónica,EcoLife,3543.49,2236.21,142,Activo,4.6
PROD-01203,Tapete de Yoga EcoLife 696,Deportes y Aire Libre,EcoLife,4020.49,2142.75,73,Activo,3.0
PROD-01204,Tenis Deportivos Nova 752,Ropa y Moda,Nova,1392.61,753.39,200,Activo,3.7
PROD-01205,Aspiradora Robot Vortex 623,Hogar y Cocina,Vortex,2618.25,1762.1,129,Activo,3.1
PROD-01206,Vitaminas Multivitamínicas EcoLife 452,Salud y Cuidado Personal,EcoLife,2073.75,914.59,471,Activo,4.4
PROD-01207,Cámara DSLR Nexa 351,Electrónica,Nexa,2537.22,1644.68,341,Activo,3.2
PROD-01208,Cámara DSLR Urban 261,Electrónica,Urban,7187.04,5377.95,131,Activo,3.1
PROD-01209,Smartwatch Nexa 855,Electrónica,Nexa,15933.29,10598.46,106,Activo,3.0
PROD-01210,Aspiradora Robot Aero 530,Hogar y Cocina,Aero,687.02,372.42,498,Activo,4.2
PROD-01211,Masajeador Cervical Nexa 208,Salud y Cuidado Personal,Nexa,2250.86,1242.8,176,Activo,4.0
PROD-01212,Gorra Deportiva EcoLife 821,Ropa y Moda,EcoLife,1114.98,529.64,138,Activo,4.9
PROD-01213,Tablet 10 pulgadas Zenith 400,Electrónica,Zenith,18841.46,11648.03,349,Activo,3.1
PROD-01214,Juego de Cuchillos Vortex 356,Hogar y Cocina,Vortex,1170.28,739.97,23,Activo,3.6
PROD-01215,Botella de Agua Térmica Lumix 139,Deportes y Aire Libre,Lumix,2124.63,1380.53,105,Activo,3.7
PROD-01216,Cuento Infantil Ilustrado Krono 435,Libros y Entretenimiento,Krono,3363.59,2002.93,270,Activo,3.7
PROD-01217,Calculadora Científica ProStyle 121,Papelería y Oficina,ProStyle,1104.91,521.59,215,Activo,4.0
PROD-01218,Rompecabezas 1000 piezas Krono 131,Juguetes y Juegos,Krono,1590.61,872.48,121,Activo,3.3
PROD-01219,Monitor 4K Urban 749,Electrónica,Urban,7940.2,4917.8,170,Activo,4.2
PROD-01220,Botella de Agua Térmica Urban 252,Deportes y Aire Libre,Urban,7522.96,4477.74,292,Activo,4.8
PROD-01221,Muñeca Articulada Apex 222,Juguetes y Juegos,Apex,404.91,191.43,182,Activo,4.3
PROD-01222,Kit de Pintura Urban 505,Juguetes y Juegos,Urban,3213.96,2058.41,91,Activo,4.5
PROD-01223,Mouse Inalámbrico Titan 226,Electrónica,Titan,4330.77,3041.52,441,Activo,3.7
PROD-01224,Smartphone Pro Zenith 803,Electrónica,Zenith,22662.75,15260.6,153,Activo,3.6
PROD-01225,Casco de Ciclismo Urban 263,Deportes y Aire Libre,Urban,5683.6,2994.07,258,Activo,4.8
PROD-01226,Guantes de Gimnasio Apex 397,Deportes y Aire Libre,Apex,542.98,285.85,261,Activo,3.1
PROD-01227,Libro de Finanzas Personales Nova 787,Libros y Entretenimiento,Nova,1733.54,1097.7,428,Activo,4.2
PROD-01228,Libro de Poesía Krono 652,Libros y Entretenimiento,Krono,1824.35,1254.58,80,Activo,3.8
PROD-01229,Gel Antiséptico Krono 474,Salud y Cuidado Personal,Krono,602.38,327.69,89,Activo,4.1
PROD-01230,Bicicleta de Montaña Lumix 710,Deportes y Aire Libre,Lumix,7135.76,4920.66,391,Activo,4.8
PROD-01231,Casco de Ciclismo Zenith 454,Deportes y Aire Libre,Zenith,7310.8,4641.41,60,Activo,3.0
PROD-01232,Vitaminas Multivitamínicas Titan 368,Salud y Cuidado Personal,Titan,1415.99,717.02,194,Activo,3.5
PROD-01233,Sudadera con Capucha Zenith 504,Ropa y Moda,Zenith,2079.23,856.15,215,Activo,3.2
PROD-01234,Playera de Algodón EcoLife 949,Ropa y Moda,EcoLife,463.66,237.26,160,Activo,3.5
PROD-01235,Manual de Cocina ProStyle 524,Libros y Entretenimiento,ProStyle,1641.36,1039.32,332,Activo,3.1
PROD-01236,Muñeca Articulada Nova 441,Juguetes y Juegos,Nova,2573.91,1167.79,361,Activo,4.7
PROD-01237,Set de Bloques de Construcción Titan 639,Juguetes y Juegos,Titan,131.89,66.85,223,Activo,4.9
PROD-01238,Pelota de Fútbol EcoLife 692,Deportes y Aire Libre,EcoLife,7154.68,4828.89,209,Activo,4.3
PROD-01239,Consola Portátil de Videojuegos Titan 373,Juguetes y Juegos,Titan,3356.09,1811.42,11,Activo,4.2
PROD-01240,Mochila de Senderismo Titan 741,Deportes y Aire Libre,Titan,7511.53,4443.16,354,Activo,3.3
PROD-01241,Calcetines Transpirables Zenith 647,Ropa y Moda,Zenith,1171.85,499.04,483,Activo,3.8
PROD-01242,Tapete de Yoga Apex 265,Deportes y Aire Libre,Apex,290.94,160.97,135,Activo,3.7
PROD-01243,Tapete de Yoga Nova 963,Deportes y Aire Libre,Nova,340.58,189.87,485,Activo,4.8
PROD-01244,Sudadera con Capucha ProStyle 279,Ropa y Moda,ProStyle,708.56,390.06,425,Activo,3.3
PROD-01245,Monitor 4K Krono 668,Electrónica,Krono,8327.21,5123.96,36,Activo,3.6
PROD-01246,Purificador de Aire Titan 922,Hogar y Cocina,Titan,211.35,144.56,474,Activo,4.3
PROD-01247,Carpeta de Argollas Krono 785,Papelería y Oficina,Krono,1420.84,645.33,442,Activo,3.0
PROD-01248,Purificador de Aire Zenith 403,Hogar y Cocina,Zenith,4739.82,3189.52,395,Activo,3.2
PROD-01249,Set de Bolígrafos Aero 535,Papelería y Oficina,Aero,359.98,167.62,259,Activo,3.6
PROD-01250,Carpeta de Argollas ProStyle 606,Papelería y Oficina,ProStyle,420.88,231.81,193,Activo,4.0
PROD-01251,Libro de Desarrollo Personal Zenith 483,Libros y Entretenimiento,Zenith,2571.45,1588.51,468,Activo,3.8
PROD-01252,Consola Portátil de Videojuegos Titan 944,Juguetes y Juegos,Titan,2607.87,1669.9,85,Activo,4.7
PROD-01253,Muñeca Articulada ProStyle 655,Juguetes y Juegos,ProStyle,2964.3,1640.25,143,Activo,3.7
PROD-01254,Set de Bloques de Construcción Apex 877,Juguetes y Juegos,Apex,2370.53,1278.11,252,Activo,4.1
PROD-01255,Gorra Deportiva EcoLife 652,Ropa y Moda,EcoLife,343.27,219.93,161,Activo,3.7
PROD-01256,Muñeca Articulada Urban 701,Juguetes y Juegos,Urban,3388.52,1608.33,231,Activo,4.5
PROD-01257,Rompecabezas 1000 piezas ProStyle 973,Juguetes y Juegos,ProStyle,1616.17,1101.53,73,Activo,4.2
PROD-01258,Bandas de Resistencia Aero 505,Deportes y Aire Libre,Aero,3540.52,2298.6,277,Activo,4.2
PROD-01259,Purificador de Aire EcoLife 598,Hogar y Cocina,EcoLife,720.69,430.06,212,Activo,3.1
PROD-01260,Set de Bolígrafos EcoLife 761,Papelería y Oficina,EcoLife,651.2,320.46,44,Activo,4.8
PROD-01261,Marcadores de Colores ProStyle 516,Papelería y Oficina,ProStyle,1761.29,796.55,101,Activo,3.1
PROD-01262,Kit de Pintura Titan 393,Juguetes y Juegos,Titan,3104.35,1955.0,156,Activo,4.8
PROD-01263,Smartwatch Krono 697,Electrónica,Krono,4389.99,2976.91,109,Activo,3.6
PROD-01264,Mouse Inalámbrico Apex 344,Electrónica,Apex,2783.2,1992.55,288,Activo,3.1
PROD-01265,Cuento Infantil Ilustrado Zenith 103,Libros y Entretenimiento,Zenith,1961.66,1135.05,306,Activo,4.0
PROD-01266,Carro a Control Remoto Nexa 289,Juguetes y Juegos,Nexa,781.77,390.94,149,Activo,4.7
PROD-01267,Kit de Pintura Zenith 508,Juguetes y Juegos,Zenith,306.63,185.81,103,Activo,4.4
PROD-01268,Gel Antiséptico Urban 880,Salud y Cuidado Personal,Urban,971.94,594.2,253,Activo,3.6
PROD-01269,Peluche Gigante Vortex 124,Juguetes y Juegos,Vortex,1432.48,998.91,420,Activo,4.6
PROD-01270,Consola Portátil de Videojuegos Lumix 860,Juguetes y Juegos,Lumix,1109.76,773.32,251,Activo,4.1
PROD-01271,Consola Portátil de Videojuegos Urban 387,Juguetes y Juegos,Urban,2344.6,1486.85,53,Activo,3.8
PROD-01272,Calcetines Transpirables ProStyle 189,Ropa y Moda,ProStyle,2300.5,1012.98,414,Activo,4.9
PROD-01273,Tenis Deportivos EcoLife 206,Ropa y Moda,EcoLife,2022.48,1247.87,310,Activo,3.5
PROD-01274,Tenis Deportivos EcoLife 282,Ropa y Moda,EcoLife,672.23,292.54,129,Activo,4.3
PROD-01275,Laptop Gamer ProStyle 438,Electrónica,ProStyle,22708.11,17026.37,419,Activo,3.7
PROD-01276,Muñeca Articulada EcoLife 603,Juguetes y Juegos,EcoLife,2599.8,1261.08,304,Activo,4.3
PROD-01277,Sudadera con Capucha Vortex 102,Ropa y Moda,Vortex,551.21,355.51,201,Activo,3.4
PROD-01278,Tapete de Yoga Aero 686,Deportes y Aire Libre,Aero,6777.19,3889.46,419,Activo,4.0
PROD-01279,Lámpara de Escritorio ProStyle 569,Hogar y Cocina,ProStyle,1730.04,1149.32,405,Activo,4.0
PROD-01280,Secadora de Cabello Nova 857,Salud y Cuidado Personal,Nova,1669.64,1055.36,97,Activo,3.4
PROD-01281,Comic Edición de Colección Vortex 582,Libros y Entretenimiento,Vortex,3238.03,1830.73,227,Activo,4.4
PROD-01282,Muñeca Articulada Nexa 692,Juguetes y Juegos,Nexa,104.02,53.98,363,Activo,4.8
PROD-01283,Vitaminas Multivitamínicas Titan 451,Salud y Cuidado Personal,Titan,238.3,121.98,95,Activo,3.6
PROD-01284,Tapete de Yoga Vortex 434,Deportes y Aire Libre,Vortex,1642.29,1057.58,185,Activo,4.5
PROD-01285,Muñeca Articulada Apex 245,Juguetes y Juegos,Apex,3438.1,2272.29,39,Activo,3.7
PROD-01286,Biografía Histórica Nexa 792,Libros y Entretenimiento,Nexa,2009.08,1046.41,187,Activo,3.1
PROD-01287,Novela de Ficción Lumix 768,Libros y Entretenimiento,Lumix,1860.31,846.64,469,Activo,3.1
PROD-01288,Libro de Poesía Zenith 115,Libros y Entretenimiento,Zenith,3207.3,2118.26,237,Activo,4.0
PROD-01289,Juego de Cuchillos Vortex 688,Hogar y Cocina,Vortex,8198.71,4971.22,481,Activo,3.3
PROD-01290,Kit de Pintura Nexa 508,Juguetes y Juegos,Nexa,1498.25,702.51,294,Activo,4.8
PROD-01291,Casco de Ciclismo Apex 687,Deportes y Aire Libre,Apex,281.81,171.1,156,Activo,3.3
PROD-01292,Crema Hidratante EcoLife 359,Salud y Cuidado Personal,EcoLife,2364.6,1499.38,471,Activo,3.2
PROD-01293,Aspiradora Robot Krono 630,Hogar y Cocina,Krono,6073.72,3376.33,234,Activo,4.8
PROD-01294,Destrozadora de Papel Lumix 841,Papelería y Oficina,Lumix,2234.09,940.18,7,Activo,4.2
PROD-01295,Consola Portátil de Videojuegos EcoLife 247,Juguetes y Juegos,EcoLife,1684.51,1047.3,248,Activo,3.3
PROD-01296,Crema Hidratante Vortex 810,Salud y Cuidado Personal,Vortex,812.0,329.71,98,Activo,3.0
PROD-01297,Bandas de Resistencia Apex 615,Deportes y Aire Libre,Apex,6249.12,4219.41,415,Activo,4.1
PROD-01298,Libro de Desarrollo Personal Titan 421,Libros y Entretenimiento,Titan,3332.23,1978.42,421,Activo,4.9
PROD-01299,Tablet 10 pulgadas EcoLife 767,Electrónica,EcoLife,12119.13,8547.78,52,Activo,3.7
PROD-01300,Muñeca Articulada Krono 736,Juguetes y Juegos,Krono,203.35,138.19,160,Activo,3.5
PROD-01301,Chamarra de Pluma Zenith 272,Ropa y Moda,Zenith,1308.48,554.88,358,Activo,4.5
PROD-01302,Vitaminas Multivitamínicas Titan 437,Salud y Cuidado Personal,Titan,572.31,296.94,322,Activo,3.1
PROD-01303,Masajeador Cervical EcoLife 552,Salud y Cuidado Personal,EcoLife,1639.08,669.15,368,Activo,3.1
PROD-01304,Biografía Histórica EcoLife 676,Libros y Entretenimiento,EcoLife,1249.25,653.66,186,Activo,4.4
PROD-01305,Freidora de Aire Krono 953,Hogar y Cocina,Krono,5902.63,4090.48,402,Activo,3.4
PROD-01306,Calculadora Científica Aero 566,Papelería y Oficina,Aero,697.84,298.54,89,Activo,3.3
PROD-01307,Organizador de Escritorio Nova 596,Papelería y Oficina,Nova,454.68,251.32,31,Activo,3.6
PROD-01308,Bicicleta de Montaña Zenith 275,Deportes y Aire Libre,Zenith,3923.19,2666.96,272,Activo,4.0
PROD-01309,Freidora de Aire Nexa 879,Hogar y Cocina,Nexa,487.53,255.0,398,Activo,3.7
PROD-01310,Playera de Algodón Krono 725,Ropa y Moda,Krono,434.13,209.57,281,Activo,3.5
PROD-01311,Enciclopedia Ilustrada Nova 388,Libros y Entretenimiento,Nova,1677.28,1108.66,9,Activo,4.3
PROD-01312,Biografía Histórica Titan 827,Libros y Entretenimiento,Titan,1300.91,797.79,311,Activo,4.1
PROD-01313,Dron para Niños Apex 537,Juguetes y Juegos,Apex,1430.45,654.15,322,Activo,3.7
PROD-01314,Engrapadora Industrial Lumix 982,Papelería y Oficina,Lumix,1343.82,756.84,206,Activo,3.3
PROD-01315,Cuerda para Saltar Nova 911,Deportes y Aire Libre,Nova,6696.45,4553.64,333,Activo,4.6
PROD-01316,Cafetera de Goteo Zenith 341,Hogar y Cocina,Zenith,3338.78,2232.43,422,Activo,4.8
PROD-01317,Secadora de Cabello Lumix 343,Salud y Cuidado Personal,Lumix,1892.03,1157.07,150,Activo,3.5
PROD-01318,Freidora de Aire Krono 998,Hogar y Cocina,Krono,7010.02,4015.19,493,Activo,4.9
PROD-01319,Pelota de Fútbol Apex 162,Deportes y Aire Libre,Apex,7028.75,4166.85,369,Activo,3.4
PROD-01320,Enciclopedia Ilustrada ProStyle 860,Libros y Entretenimiento,ProStyle,535.12,357.01,279,Activo,3.5
PROD-01321,Juego de Sartenes Apex 953,Hogar y Cocina,Apex,7862.25,4860.12,377,Activo,3.2
PROD-01322,Guantes de Gimnasio Nova 146,Deportes y Aire Libre,Nova,4516.96,2948.34,222,Activo,4.6
PROD-01323,Audífonos Bluetooth EcoLife 666,Electrónica,EcoLife,15644.55,10905.03,111,Activo,4.0
PROD-01324,Set de Bloques de Construcción Titan 583,Juguetes y Juegos,Titan,1823.49,1255.13,28,Activo,4.6
PROD-01325,Pantalón Mezclilla ProStyle 521,Ropa y Moda,ProStyle,559.85,304.68,21,Activo,3.9
PROD-01326,Novela de Ficción ProStyle 761,Libros y Entretenimiento,ProStyle,2951.39,1674.79,43,Activo,3.7
PROD-01327,Gel Antiséptico Titan 740,Salud y Cuidado Personal,Titan,1550.1,775.08,73,Activo,4.8
PROD-01328,Dron para Niños Aero 921,Juguetes y Juegos,Aero,1172.73,734.64,468,Activo,4.6
PROD-01329,Cuaderno Profesional Vortex 349,Papelería y Oficina,Vortex,1145.93,568.26,292,Activo,3.6
PROD-01330,Manual de Cocina Nexa 769,Libros y Entretenimiento,Nexa,2475.16,1658.75,218,Activo,4.5
PROD-01331,Gafas de Sol Titan 699,Ropa y Moda,Titan,335.56,197.13,330,Activo,4.0
PROD-01332,Juego de Mesa Familiar Zenith 786,Juguetes y Juegos,Zenith,2571.61,1777.79,411,Activo,3.9
PROD-01333,Freidora de Aire ProStyle 553,Hogar y Cocina,ProStyle,4850.37,3162.36,62,Activo,4.8
PROD-01334,Kit de Pintura Aero 514,Juguetes y Juegos,Aero,2520.37,1376.06,0,Agotado,3.3
PROD-01335,Cámara DSLR EcoLife 513,Electrónica,EcoLife,11852.35,7052.89,418,Activo,3.7
PROD-01336,Juego de Cuchillos Nova 530,Hogar y Cocina,Nova,6187.87,4126.7,288,Activo,3.4
PROD-01337,Smartwatch Nexa 553,Electrónica,Nexa,10511.37,7056.73,65,Activo,3.9
PROD-01338,Aspiradora Robot Lumix 398,Hogar y Cocina,Lumix,4385.87,2800.92,494,Activo,4.2
PROD-01339,Destrozadora de Papel Vortex 311,Papelería y Oficina,Vortex,856.43,465.0,448,Activo,4.5
PROD-01340,Peluche Gigante Nova 133,Juguetes y Juegos,Nova,3142.4,1737.27,153,Activo,4.0
PROD-01341,Casco de Ciclismo ProStyle 128,Deportes y Aire Libre,ProStyle,1041.76,559.11,186,Activo,4.1
PROD-01342,Monitor 4K Aero 995,Electrónica,Aero,1759.91,1098.45,458,Activo,3.3
PROD-01343,Freidora de Aire Apex 422,Hogar y Cocina,Apex,2979.97,1972.08,403,Activo,3.3
PROD-01344,Pantalón Mezclilla Zenith 756,Ropa y Moda,Zenith,2170.55,1040.41,164,Activo,3.8
PROD-01345,Pista de Carreras Aero 773,Juguetes y Juegos,Aero,3162.16,1873.62,259,Activo,4.1
PROD-01346,Sartén Antiadherente Titan 680,Hogar y Cocina,Titan,6448.1,4070.49,233,Activo,4.0
PROD-01347,Guantes de Gimnasio Zenith 146,Deportes y Aire Libre,Zenith,4848.35,3266.43,126,Activo,3.6
PROD-01348,Smartphone Pro Lumix 310,Electrónica,Lumix,16868.55,11963.02,8,Activo,4.6
PROD-01349,Marcadores de Colores Nexa 315,Papelería y Oficina,Nexa,1669.91,850.89,395,Activo,3.8
PROD-01350,Teclado Mecánico Apex 284,Electrónica,Apex,21410.62,13141.74,248,Activo,4.1
PROD-01351,Tenis Deportivos EcoLife 615,Ropa y Moda,EcoLife,702.03,454.17,132,Activo,4.4
PROD-01352,Masajeador Cervical Krono 152,Salud y Cuidado Personal,Krono,1217.25,514.13,194,Activo,4.0
PROD-01353,Engrapadora Industrial Vortex 741,Papelería y Oficina,Vortex,1235.66,561.69,328,Activo,3.0
PROD-01354,Set de Bloques de Construcción Titan 529,Juguetes y Juegos,Titan,1276.76,855.57,25,Activo,4.2
PROD-01355,Vitaminas Multivitamínicas Nova 884,Salud y Cuidado Personal,Nova,1775.27,934.56,187,Activo,4.8
PROD-01356,Tapete de Yoga Vortex 711,Deportes y Aire Libre,Vortex,3029.97,1957.18,122,Activo,4.8
PROD-01357,Gorra Deportiva Urban 399,Ropa y Moda,Urban,2308.21,1427.96,422,Activo,3.8
PROD-01358,Cuaderno Profesional Lumix 776,Papelería y Oficina,Lumix,1438.89,851.76,111,Activo,3.7
PROD-01359,Cepillo Eléctrico Nova 436,Salud y Cuidado Personal,Nova,2496.82,1015.0,6,Activo,3.3
PROD-01360,Guantes de Gimnasio Lumix 684,Deportes y Aire Libre,Lumix,452.42,313.95,53,Activo,3.1
PROD-01361,Manual de Cocina ProStyle 369,Libros y Entretenimiento,ProStyle,1248.55,859.79,76,Activo,4.3
PROD-01362,Dron para Niños Krono 247,Juguetes y Juegos,Krono,2708.79,1683.78,473,Activo,4.3
PROD-01363,Monitor 4K Urban 961,Electrónica,Urban,14568.67,9670.26,386,Activo,4.4
PROD-01364,Bocina Portátil ProStyle 735,Electrónica,ProStyle,17120.81,9602.93,98,Activo,4.5
PROD-01365,Tapete de Yoga Nova 661,Deportes y Aire Libre,Nova,7138.7,4020.54,34,Activo,4.1
PROD-01366,Gafas de Sol Vortex 971,Ropa y Moda,Vortex,1966.25,961.52,476,Activo,3.2
PROD-01367,Gorra Deportiva Krono 279,Ropa y Moda,Krono,434.91,203.91,65,Activo,4.1
PROD-01368,Sudadera con Capucha Nexa 594,Ropa y Moda,Nexa,392.8,157.56,282,Activo,4.2
PROD-01369,Crema Hidratante ProStyle 942,Salud y Cuidado Personal,ProStyle,1714.49,934.98,123,Activo,4.9
PROD-01370,Post-it Adhesivos Urban 275,Papelería y Oficina,Urban,1712.46,993.21,225,Activo,3.8
PROD-01371,Smartphone Pro Vortex 211,Electrónica,Vortex,10129.81,6246.73,318,Activo,4.0
PROD-01372,Cinturón de Piel Lumix 232,Ropa y Moda,Lumix,1029.45,563.27,97,Activo,3.7
PROD-01373,Comic Edición de Colección Nexa 383,Libros y Entretenimiento,Nexa,1981.43,1286.76,119,Activo,3.9
PROD-01374,Mancuernas Ajustables Apex 787,Deportes y Aire Libre,Apex,8291.54,4537.76,123,Activo,4.9
PROD-01375,Smartwatch Lumix 720,Electrónica,Lumix,22027.32,13878.69,421,Activo,4.8
PROD-01376,Libro de Desarrollo Personal Lumix 128,Libros y Entretenimiento,Lumix,1702.3,1119.03,404,Activo,4.9
PROD-01377,Manual de Cocina Aero 133,Libros y Entretenimiento,Aero,2431.45,1648.82,336,Activo,3.5
PROD-01378,Rompecabezas 1000 piezas Zenith 702,Juguetes y Juegos,Zenith,2577.69,1399.05,461,Activo,4.8
PROD-01379,Cuento Infantil Ilustrado Vortex 803,Libros y Entretenimiento,Vortex,970.34,658.1,405,Activo,4.0
PROD-01380,Juego de Sartenes Lumix 562,Hogar y Cocina,Lumix,6778.03,4230.24,350,Activo,3.1
PROD-01381,Botella de Agua Térmica Lumix 848,Deportes y Aire Libre,Lumix,754.39,447.49,17,Activo,4.6
PROD-01382,Bicicleta de Montaña EcoLife 171,Deportes y Aire Libre,EcoLife,3739.47,2046.98,325,Activo,4.2
PROD-01383,Carpeta de Argollas Zenith 658,Papelería y Oficina,Zenith,1807.83,952.35,171,Activo,4.3
PROD-01384,Aspiradora Robot Vortex 161,Hogar y Cocina,Vortex,5289.71,3371.66,258,Activo,4.0
PROD-01385,Horno de Microondas Titan 304,Hogar y Cocina,Titan,1335.13,708.27,78,Activo,4.2
PROD-01386,Monitor 4K Lumix 364,Electrónica,Lumix,10652.75,7583.11,468,Activo,3.6
PROD-01387,Casco de Ciclismo Titan 119,Deportes y Aire Libre,Titan,2243.5,1423.33,367,Activo,4.1
PROD-01388,Libro de Finanzas Personales Titan 345,Libros y Entretenimiento,Titan,1218.75,714.15,7,Activo,4.4
PROD-01389,Chamarra de Pluma Titan 815,Ropa y Moda,Titan,2036.86,885.27,48,Activo,4.2
PROD-01390,Cafetera de Goteo Titan 403,Hogar y Cocina,Titan,7958.31,4436.38,484,Activo,4.7
PROD-01391,Libro de Finanzas Personales Zenith 356,Libros y Entretenimiento,Zenith,3288.92,2146.62,95,Activo,4.0
PROD-01392,Mochila de Senderismo Krono 630,Deportes y Aire Libre,Krono,5165.17,2674.78,196,Activo,4.6
PROD-01393,Vestido Casual Titan 457,Ropa y Moda,Titan,98.77,62.19,62,Activo,4.7
PROD-01394,Teclado Mecánico Apex 567,Electrónica,Apex,18627.57,12270.59,118,Activo,4.2
PROD-01395,Pelota de Fútbol ProStyle 861,Deportes y Aire Libre,ProStyle,6479.33,3312.87,334,Activo,4.2
PROD-01396,Set de Bolígrafos Vortex 402,Papelería y Oficina,Vortex,1525.74,762.7,289,Activo,3.5
PROD-01397,Licuadora de Alta Potencia EcoLife 463,Hogar y Cocina,EcoLife,1961.1,1083.77,352,Activo,3.2
PROD-01398,Tablet 10 pulgadas Krono 475,Electrónica,Krono,16023.01,10845.84,105,Activo,4.3
PROD-01399,Silla Ergonómica EcoLife 630,Papelería y Oficina,EcoLife,872.18,559.09,487,Activo,3.9
PROD-01400,Licuadora de Alta Potencia Nexa 206,Hogar y Cocina,Nexa,3766.96,2565.1,170,Activo,4.3
PROD-01401,Audífonos Bluetooth Urban 331,Electrónica,Urban,1352.75,928.28,212,Activo,4.8
PROD-01402,Peluche Gigante Krono 670,Juguetes y Juegos,Krono,1599.71,1084.42,238,Activo,4.2
PROD-01403,Aspiradora Robot Apex 401,Hogar y Cocina,Apex,524.7,314.16,360,Activo,4.5
PROD-01404,Horno de Microondas Titan 548,Hogar y Cocina,Titan,3153.39,1744.74,498,Activo,4.7
PROD-01405,Engrapadora Industrial Nova 186,Papelería y Oficina,Nova,1451.69,908.11,95,Activo,4.5
PROD-01406,Lámpara de Escritorio Nova 252,Hogar y Cocina,Nova,3858.11,2180.25,184,Activo,3.3
PROD-01407,Playera de Algodón Nova 129,Ropa y Moda,Nova,1268.76,650.98,100,Activo,4.4
PROD-01408,Cuerda para Saltar Nova 395,Deportes y Aire Libre,Nova,3244.94,1792.48,71,Activo,4.0
PROD-01409,Sudadera con Capucha Vortex 532,Ropa y Moda,Vortex,1554.23,659.6,198,Activo,3.9
PROD-01410,Mochila de Senderismo Aero 739,Deportes y Aire Libre,Aero,2458.98,1276.01,386,Activo,4.2
PROD-01411,Destrozadora de Papel Vortex 662,Papelería y Oficina,Vortex,1433.17,672.86,382,Activo,3.8
PROD-01412,Mancuernas Ajustables Zenith 333,Deportes y Aire Libre,Zenith,5497.94,2994.46,117,Activo,4.4
PROD-01413,Protector Solar Aero 645,Salud y Cuidado Personal,Aero,1241.84,785.98,359,Activo,3.2
PROD-01414,Playera de Algodón Lumix 288,Ropa y Moda,Lumix,754.93,445.86,275,Activo,3.8
PROD-01415,Comic Edición de Colección Aero 645,Libros y Entretenimiento,Aero,1992.82,947.26,238,Activo,3.1
PROD-01416,Crema Hidratante Krono 690,Salud y Cuidado Personal,Krono,1210.2,695.95,155,Activo,4.3
PROD-01417,Novela de Ficción Lumix 565,Libros y Entretenimiento,Lumix,2644.52,1687.87,9,Activo,4.7
PROD-01418,Gafas de Sol EcoLife 532,Ropa y Moda,EcoLife,664.63,412.79,289,Activo,5.0
PROD-01419,Dron para Niños Nova 819,Juguetes y Juegos,Nova,1879.77,947.94,49,Activo,4.5
PROD-01420,Guantes de Gimnasio Vortex 402,Deportes y Aire Libre,Vortex,1337.89,714.41,214,Activo,3.0
PROD-01421,Aspiradora Robot ProStyle 406,Hogar y Cocina,ProStyle,3594.35,2114.67,467,Activo,4.6
PROD-01422,Purificador de Aire Lumix 589,Hogar y Cocina,Lumix,1790.63,1179.95,4,Activo,3.1
PROD-01423,Bocina Portátil Aero 634,Electrónica,Aero,1080.6,798.89,425,Activo,4.8
PROD-01424,Laptop Gamer Titan 989,Electrónica,Titan,24148.79,15502.69,232,Activo,4.3
PROD-01425,Juego de Sartenes ProStyle 987,Hogar y Cocina,ProStyle,7526.29,5018.21,132,Activo,3.7
PROD-01426,Gel Antiséptico Nexa 745,Salud y Cuidado Personal,Nexa,2374.7,1039.01,176,Activo,4.8
PROD-01427,Organizador de Escritorio Apex 202,Papelería y Oficina,Apex,2297.93,1073.24,465,Activo,4.4
PROD-01428,Crema Hidratante Apex 880,Salud y Cuidado Personal,Apex,1317.57,542.7,457,Activo,3.7
PROD-01429,Kit de Cuidado Facial Titan 935,Salud y Cuidado Personal,Titan,560.6,253.65,46,Activo,4.6
PROD-01430,Gafas de Sol Vortex 531,Ropa y Moda,Vortex,2168.03,1066.83,249,Activo,4.4
PROD-01431,Cuerda para Saltar EcoLife 409,Deportes y Aire Libre,EcoLife,660.81,357.96,258,Activo,4.0
PROD-01432,Smartphone Pro Krono 795,Electrónica,Krono,8477.39,5749.78,39,Activo,3.8
PROD-01433,Mouse Inalámbrico Vortex 799,Electrónica,Vortex,5178.52,3863.92,303,Activo,3.2
PROD-01434,Peluche Gigante Titan 244,Juguetes y Juegos,Titan,1723.05,894.71,453,Activo,4.5
PROD-01435,Consola Portátil de Videojuegos Aero 968,Juguetes y Juegos,Aero,411.56,223.02,108,Activo,4.9
PROD-01436,Pelota de Fútbol Apex 433,Deportes y Aire Libre,Apex,1022.68,603.19,476,Activo,3.8
PROD-01437,Calculadora Científica Urban 101,Papelería y Oficina,Urban,1825.11,930.06,249,Activo,3.1
PROD-01438,Set de Bloques de Construcción Aero 731,Juguetes y Juegos,Aero,2279.13,1202.74,159,Activo,3.7
PROD-01439,Smartwatch Aero 758,Electrónica,Aero,13940.57,10303.56,362,Activo,3.7
PROD-01440,Set de Bolígrafos Lumix 480,Papelería y Oficina,Lumix,884.03,439.77,156,Activo,4.0
PROD-01441,Tapete de Yoga ProStyle 318,Deportes y Aire Libre,ProStyle,2107.64,1075.51,223,Activo,3.5
PROD-01442,Licuadora de Alta Potencia Apex 982,Hogar y Cocina,Apex,3595.49,2176.59,376,Activo,3.0
PROD-01443,Chamarra de Pluma Lumix 836,Ropa y Moda,Lumix,508.36,328.56,432,Activo,4.1
PROD-01444,Horno de Microondas Apex 177,Hogar y Cocina,Apex,5095.74,2936.78,0,Agotado,4.3
PROD-01445,Tenis Deportivos Urban 845,Ropa y Moda,Urban,2096.47,1135.45,83,Activo,4.8
PROD-01446,Tapete de Yoga Zenith 676,Deportes y Aire Libre,Zenith,5481.07,3002.65,165,Activo,4.6
PROD-01447,Biografía Histórica Zenith 809,Libros y Entretenimiento,Zenith,983.53,601.71,282,Activo,4.7
PROD-01448,Gafas de Sol ProStyle 563,Ropa y Moda,ProStyle,721.86,361.39,218,Activo,4.8
PROD-01449,Silla Ergonómica Apex 958,Papelería y Oficina,Apex,2461.94,1543.49,97,Activo,3.6
PROD-01450,Laptop Gamer EcoLife 142,Electrónica,EcoLife,11263.33,7218.36,271,Activo,3.4
PROD-01451,Purificador de Aire ProStyle 633,Hogar y Cocina,ProStyle,5522.25,3525.49,255,Activo,3.1
PROD-01452,Gel Antiséptico Krono 415,Salud y Cuidado Personal,Krono,2409.69,1117.65,374,Activo,4.0
PROD-01453,Purificador de Aire EcoLife 436,Hogar y Cocina,EcoLife,2719.36,1408.57,357,Activo,4.3
PROD-01454,Cuento Infantil Ilustrado Vortex 457,Libros y Entretenimiento,Vortex,1084.11,631.54,270,Activo,4.8
PROD-01455,Rasuradora Eléctrica Nova 940,Salud y Cuidado Personal,Nova,2264.2,1129.11,431,Activo,4.7
PROD-01456,Secadora de Cabello Aero 479,Salud y Cuidado Personal,Aero,2235.06,1088.23,362,Activo,4.9
PROD-01457,Horno de Microondas Vortex 254,Hogar y Cocina,Vortex,3575.54,2408.51,285,Activo,3.6
PROD-01458,Smartphone Pro Nova 624,Electrónica,Nova,17872.65,10928.28,17,Activo,4.6
PROD-01459,Botella de Agua Térmica Krono 577,Deportes y Aire Libre,Krono,7656.97,5227.14,21,Activo,3.7
PROD-01460,Cuerda para Saltar ProStyle 997,Deportes y Aire Libre,ProStyle,8035.62,4164.82,321,Activo,4.6
PROD-01461,Pelota de Fútbol Nova 236,Deportes y Aire Libre,Nova,5803.1,3233.51,355,Activo,3.3
PROD-01462,Lámpara de Escritorio Apex 371,Hogar y Cocina,Apex,3773.25,2112.13,252,Activo,5.0
PROD-01463,Protector Solar EcoLife 257,Salud y Cuidado Personal,EcoLife,86.28,42.29,307,Activo,4.5
PROD-01464,Calcetines Transpirables ProStyle 391,Ropa y Moda,ProStyle,567.02,366.08,278,Activo,3.7
PROD-01465,Calculadora Científica Vortex 523,Papelería y Oficina,Vortex,185.41,103.97,362,Activo,3.2
PROD-01466,Audífonos Bluetooth Apex 411,Electrónica,Apex,9497.58,6221.43,204,Activo,3.9
PROD-01467,Post-it Adhesivos Krono 228,Papelería y Oficina,Krono,2402.15,1558.04,219,Activo,3.6
PROD-01468,Secadora de Cabello Lumix 752,Salud y Cuidado Personal,Lumix,1045.6,537.54,323,Activo,4.7
PROD-01469,Horno de Microondas Titan 972,Hogar y Cocina,Titan,2939.24,1787.92,300,Activo,3.5
PROD-01470,Bicicleta de Montaña ProStyle 243,Deportes y Aire Libre,ProStyle,3338.42,1847.65,214,Activo,3.3
PROD-01471,Comic Edición de Colección EcoLife 282,Libros y Entretenimiento,EcoLife,698.43,365.67,248,Activo,3.3
PROD-01472,Pelota de Fútbol EcoLife 305,Deportes y Aire Libre,EcoLife,5777.39,3994.14,167,Activo,3.4
PROD-01473,Set de Bolígrafos Krono 404,Papelería y Oficina,Krono,1687.22,872.87,137,Activo,4.9
PROD-01474,Pelota de Fútbol Vortex 467,Deportes y Aire Libre,Vortex,4477.26,2523.33,329,Activo,4.4
PROD-01475,Secadora de Cabello Apex 193,Salud y Cuidado Personal,Apex,2147.89,879.28,155,Activo,3.6
PROD-01476,Kit de Cuidado Facial Urban 613,Salud y Cuidado Personal,Urban,1913.8,802.47,6,Activo,3.5
PROD-01477,Cafetera de Goteo Urban 742,Hogar y Cocina,Urban,6860.49,4638.82,113,Activo,4.6
PROD-01478,Kit de Pintura EcoLife 474,Juguetes y Juegos,EcoLife,553.08,253.62,203,Activo,4.4
PROD-01479,Silla Ergonómica Apex 140,Papelería y Oficina,Apex,1221.33,675.29,120,Activo,3.8
PROD-01480,Tablet 10 pulgadas Krono 969,Electrónica,Krono,18442.03,12628.61,479,Activo,4.7
PROD-01481,Pantalón Mezclilla ProStyle 310,Ropa y Moda,ProStyle,2258.6,994.64,321,Activo,3.0
PROD-01482,Aspiradora Robot Lumix 928,Hogar y Cocina,Lumix,2830.03,1848.4,98,Activo,4.7
PROD-01483,Set de Bloques de Construcción Vortex 568,Juguetes y Juegos,Vortex,1428.74,823.27,147,Activo,3.2
PROD-01484,Playera de Algodón ProStyle 704,Ropa y Moda,ProStyle,702.84,398.32,127,Activo,4.6
PROD-01485,Mochila de Senderismo EcoLife 566,Deportes y Aire Libre,EcoLife,8282.89,5633.75,87,Activo,4.4
PROD-01486,Teclado Mecánico ProStyle 193,Electrónica,ProStyle,17588.81,10905.3,93,Activo,4.5
PROD-01487,Dron para Niños Krono 157,Juguetes y Juegos,Krono,1566.35,1005.21,37,Activo,3.8
PROD-01488,Libro de Finanzas Personales Titan 205,Libros y Entretenimiento,Titan,1508.61,887.71,410,Activo,3.1
PROD-01489,Cinturón de Piel Titan 647,Ropa y Moda,Titan,51.06,24.68,348,Activo,4.9
PROD-01490,Dron para Niños Krono 257,Juguetes y Juegos,Krono,625.84,338.38,204,Activo,4.1
PROD-01491,Pista de Carreras EcoLife 908,Juguetes y Juegos,EcoLife,1304.59,748.35,77,Activo,4.0
PROD-01492,Mancuernas Ajustables Zenith 206,Deportes y Aire Libre,Zenith,1314.36,868.32,280,Activo,4.1
PROD-01493,Pista de Carreras EcoLife 238,Juguetes y Juegos,EcoLife,2821.67,1346.7,300,Activo,3.6
PROD-01494,Casco de Ciclismo Titan 110,Deportes y Aire Libre,Titan,1196.41,635.2,132,Activo,3.1
PROD-01495,Pantalón Mezclilla ProStyle 665,Ropa y Moda,ProStyle,2022.03,1088.91,416,Activo,4.1
PROD-01496,Tenis Deportivos Urban 125,Ropa y Moda,Urban,1310.12,651.57,461,Activo,4.8
PROD-01497,Pista de Carreras Vortex 695,Juguetes y Juegos,Vortex,2329.48,1397.66,476,Activo,3.8
PROD-01498,Vestido Casual Zenith 349,Ropa y Moda,Zenith,2407.64,1517.8,231,Activo,3.1
PROD-01499,Gafas de Sol Krono 447,Ropa y Moda,Krono,1502.73,910.44,91,Activo,4.9
PROD-01500,Cuento Infantil Ilustrado Nexa 731,Libros y Entretenimiento,Nexa,1864.14,1079.72,19,Activo,5.0
PROD-01501,Mochila de Senderismo Krono 197,Deportes y Aire Libre,Krono,6961.1,4321.21,248,Activo,4.4
PROD-01502,Calcetines Transpirables Nova 726,Ropa y Moda,Nova,1490.79,816.75,256,Activo,3.5
PROD-01503,Teclado Mecánico ProStyle 960,Electrónica,ProStyle,11883.0,7215.88,406,Activo,3.5
PROD-01504,Vestido Casual EcoLife 215,Ropa y Moda,EcoLife,820.5,472.53,200,Activo,4.1
PROD-01505,Rompecabezas 1000 piezas Titan 193,Juguetes y Juegos,Titan,139.63,90.44,236,Activo,5.0
PROD-01506,Tenis Deportivos Aero 552,Ropa y Moda,Aero,507.24,260.87,249,Activo,3.2
PROD-01507,Gorra Deportiva Zenith 423,Ropa y Moda,Zenith,453.28,189.98,28,Activo,3.0
PROD-01508,Cinturón de Piel Aero 501,Ropa y Moda,Aero,942.68,434.38,311,Activo,4.9
PROD-01509,Guantes de Gimnasio Krono 176,Deportes y Aire Libre,Krono,6763.41,3477.13,366,Activo,4.6
PROD-01510,Pelota de Fútbol Lumix 684,Deportes y Aire Libre,Lumix,1647.03,854.24,389,Activo,4.4
PROD-01511,Cuaderno Profesional Krono 778,Papelería y Oficina,Krono,454.93,186.55,137,Activo,4.9
PROD-01512,Rompecabezas 1000 piezas Urban 142,Juguetes y Juegos,Urban,1209.67,661.7,38,Activo,4.6
PROD-01513,Peluche Gigante Krono 236,Juguetes y Juegos,Krono,2630.04,1709.4,299,Activo,3.9
PROD-01514,Bandas de Resistencia Nova 981,Deportes y Aire Libre,Nova,8198.31,5611.64,18,Activo,4.5
PROD-01515,Horno de Microondas Aero 748,Hogar y Cocina,Aero,8465.58,4997.87,324,Activo,3.2
PROD-01516,Sartén Antiadherente Vortex 240,Hogar y Cocina,Vortex,2584.77,1768.85,296,Activo,4.6
PROD-01517,Calcetines Transpirables Krono 204,Ropa y Moda,Krono,1318.81,609.01,369,Activo,3.7
PROD-01518,Mochila de Senderismo EcoLife 855,Deportes y Aire Libre,EcoLife,3201.65,2057.96,486,Activo,4.1
PROD-01519,Teclado Mecánico Vortex 839,Electrónica,Vortex,6158.97,3673.69,116,Activo,3.8
PROD-01520,Destrozadora de Papel ProStyle 529,Papelería y Oficina,ProStyle,1967.82,1278.45,460,Activo,3.0
PROD-01521,Mancuernas Ajustables Nexa 947,Deportes y Aire Libre,Nexa,695.29,448.0,328,Activo,4.9
PROD-01522,Consola Portátil de Videojuegos Lumix 456,Juguetes y Juegos,Lumix,2963.81,1695.29,336,Activo,3.1
PROD-01523,Mancuernas Ajustables Nova 451,Deportes y Aire Libre,Nova,8027.59,5288.13,34,Activo,4.7
PROD-01524,Carpeta de Argollas Urban 707,Papelería y Oficina,Urban,1368.87,720.19,466,Activo,3.9
PROD-01525,Consola Portátil de Videojuegos Lumix 634,Juguetes y Juegos,Lumix,2432.22,1610.58,491,Activo,3.9
PROD-01526,Masajeador Cervical Lumix 273,Salud y Cuidado Personal,Lumix,409.92,201.83,55,Activo,3.9
PROD-01527,Masajeador Cervical Nexa 472,Salud y Cuidado Personal,Nexa,1360.11,635.28,468,Activo,3.2
PROD-01528,Smartphone Pro Zenith 701,Electrónica,Zenith,5039.09,2955.51,4,Activo,3.9
PROD-01529,Tapete de Yoga EcoLife 100,Deportes y Aire Libre,EcoLife,444.77,246.0,285,Activo,3.9
PROD-01530,Mochila de Senderismo Titan 189,Deportes y Aire Libre,Titan,8289.12,5406.64,191,Activo,3.2
PROD-01531,Mancuernas Ajustables Titan 565,Deportes y Aire Libre,Titan,7093.2,3960.08,141,Activo,4.9
PROD-01532,Comic Edición de Colección Nexa 638,Libros y Entretenimiento,Nexa,742.7,427.7,395,Activo,4.5
PROD-01533,Bicicleta de Montaña Apex 954,Deportes y Aire Libre,Apex,3678.64,2154.12,242,Activo,4.6
PROD-01534,Mouse Inalámbrico Apex 911,Electrónica,Apex,15333.74,10521.97,477,Activo,3.3
PROD-01535,Playera de Algodón ProStyle 300,Ropa y Moda,ProStyle,1810.13,965.89,198,Activo,4.3
PROD-01536,Vestido Casual Vortex 681,Ropa y Moda,Vortex,1384.1,851.18,479,Activo,4.1
PROD-01537,Cuento Infantil Ilustrado Lumix 260,Libros y Entretenimiento,Lumix,2692.06,1683.21,123,Activo,3.8
PROD-01538,Cámara DSLR Zenith 281,Electrónica,Zenith,14256.27,8246.2,163,Activo,4.7
PROD-01539,Tablet 10 pulgadas EcoLife 262,Electrónica,EcoLife,11759.91,7589.55,34,Activo,3.7
PROD-01540,Cuerda para Saltar ProStyle 714,Deportes y Aire Libre,ProStyle,245.83,142.18,142,Activo,4.8
PROD-01541,Cuento Infantil Ilustrado Nexa 709,Libros y Entretenimiento,Nexa,903.2,506.84,469,Activo,4.1
PROD-01542,Manual de Cocina Nexa 903,Libros y Entretenimiento,Nexa,1919.22,1262.04,119,Activo,3.2
PROD-01543,Cuaderno Profesional Zenith 719,Papelería y Oficina,Zenith,743.6,479.21,69,Activo,3.2
PROD-01544,Purificador de Aire Titan 116,Hogar y Cocina,Titan,7272.53,4347.53,447,Activo,4.0
PROD-01545,Juego de Mesa Familiar Urban 544,Juguetes y Juegos,Urban,2074.16,948.81,12,Activo,3.5
PROD-01546,Monitor 4K Vortex 866,Electrónica,Vortex,24419.74,17934.71,159,Activo,4.2
PROD-01547,Pantalón Mezclilla ProStyle 270,Ropa y Moda,ProStyle,2384.29,1226.62,211,Activo,4.3
PROD-01548,Manual de Cocina ProStyle 343,Libros y Entretenimiento,ProStyle,1619.78,935.38,165,Activo,4.3
PROD-01549,Calcetines Transpirables Nova 310,Ropa y Moda,Nova,2020.8,1050.07,183,Activo,3.4
PROD-01550,Guía de Viajes ProStyle 789,Libros y Entretenimiento,ProStyle,1415.58,660.57,265,Activo,4.3
PROD-01551,Silla Ergonómica Lumix 307,Papelería y Oficina,Lumix,1601.28,941.18,136,Activo,3.4
PROD-01552,Calcetines Transpirables Lumix 449,Ropa y Moda,Lumix,2118.12,1285.4,277,Activo,4.0
PROD-01553,Laptop Gamer EcoLife 572,Electrónica,EcoLife,13066.52,8976.63,325,Activo,3.6
PROD-01554,Novela de Ficción Titan 348,Libros y Entretenimiento,Titan,2037.75,1278.01,491,Activo,4.4
PROD-01555,Calcetines Transpirables Lumix 182,Ropa y Moda,Lumix,1471.16,916.33,118,Activo,3.8
PROD-01556,Libro de Finanzas Personales Vortex 142,Libros y Entretenimiento,Vortex,2978.54,1934.17,260,Activo,3.8
PROD-01557,Carpeta de Argollas Zenith 871,Papelería y Oficina,Zenith,1526.2,630.24,222,Activo,4.6
PROD-01558,Playera de Algodón EcoLife 254,Ropa y Moda,EcoLife,674.35,381.85,61,Activo,4.1
PROD-01559,Gel Antiséptico Apex 440,Salud y Cuidado Personal,Apex,365.83,212.04,468,Activo,4.6
PROD-01560,Gorra Deportiva Vortex 983,Ropa y Moda,Vortex,1397.21,863.27,84,Activo,4.3
PROD-01561,Chamarra de Pluma Zenith 584,Ropa y Moda,Zenith,85.7,43.59,234,Activo,4.0
PROD-01562,Crema Hidratante Zenith 185,Salud y Cuidado Personal,Zenith,184.34,111.9,291,Activo,4.1
PROD-01563,Sudadera con Capucha Krono 493,Ropa y Moda,Krono,1945.48,1244.42,86,Activo,4.1
PROD-01564,Smartphone Pro ProStyle 581,Electrónica,ProStyle,22478.22,16058.02,295,Activo,4.3
PROD-01565,Cepillo Eléctrico Nova 863,Salud y Cuidado Personal,Nova,1606.38,1006.57,207,Activo,4.5
PROD-01566,Pista de Carreras Vortex 365,Juguetes y Juegos,Vortex,2232.94,1152.46,441,Activo,4.8
PROD-01567,Tablet 10 pulgadas Lumix 744,Electrónica,Lumix,11376.68,7461.12,172,Activo,5.0
PROD-01568,Laptop Gamer Vortex 374,Electrónica,Vortex,14300.8,9930.29,141,Activo,3.4
PROD-01569,Teclado Mecánico Urban 566,Electrónica,Urban,10944.92,7624.41,118,Activo,4.4
PROD-01570,Mouse Inalámbrico EcoLife 651,Electrónica,EcoLife,21399.68,13530.61,462,Activo,4.6
PROD-01571,Guantes de Gimnasio Vortex 869,Deportes y Aire Libre,Vortex,1011.72,694.02,422,Activo,3.8
PROD-01572,Carpeta de Argollas Vortex 503,Papelería y Oficina,Vortex,1464.39,590.35,357,Activo,3.8
PROD-01573,Horno de Microondas Vortex 540,Hogar y Cocina,Vortex,6649.13,3666.44,362,Activo,3.2
PROD-01574,Masajeador Cervical Krono 960,Salud y Cuidado Personal,Krono,1000.5,601.66,57,Activo,4.3
PROD-01575,Set de Bloques de Construcción Titan 380,Juguetes y Juegos,Titan,1736.88,914.75,118,Activo,3.5
PROD-01576,Juego de Cuchillos EcoLife 580,Hogar y Cocina,EcoLife,630.61,366.53,82,Activo,4.7
PROD-01577,Cuerda para Saltar ProStyle 316,Deportes y Aire Libre,ProStyle,3153.4,1810.26,69,Activo,4.2
PROD-01578,Lámpara de Escritorio Nexa 301,Hogar y Cocina,Nexa,4772.51,3208.61,484,Activo,3.9
PROD-01579,Laptop Gamer Lumix 636,Electrónica,Lumix,16571.39,10523.07,55,Activo,4.7
PROD-01580,Mancuernas Ajustables Lumix 824,Deportes y Aire Libre,Lumix,3322.13,1921.23,285,Activo,4.8
PROD-01581,Pelota de Fútbol Titan 736,Deportes y Aire Libre,Titan,5597.02,3745.63,41,Activo,4.9
PROD-01582,Destrozadora de Papel Krono 481,Papelería y Oficina,Krono,1347.98,583.39,26,Activo,4.4
PROD-01583,Mancuernas Ajustables Apex 311,Deportes y Aire Libre,Apex,8281.54,4706.6,217,Activo,3.8
PROD-01584,Pista de Carreras Urban 807,Juguetes y Juegos,Urban,213.32,102.96,244,Activo,3.5
PROD-01585,Consola Portátil de Videojuegos Apex 260,Juguetes y Juegos,Apex,904.77,580.58,401,Activo,4.6
PROD-01586,Organizador de Escritorio Apex 293,Papelería y Oficina,Apex,146.44,59.68,31,Activo,4.4
PROD-01587,Consola Portátil de Videojuegos Lumix 332,Juguetes y Juegos,Lumix,901.24,593.32,494,Activo,3.4
PROD-01588,Carro a Control Remoto EcoLife 169,Juguetes y Juegos,EcoLife,1973.66,1203.73,390,Activo,3.6
PROD-01589,Playera de Algodón ProStyle 250,Ropa y Moda,ProStyle,456.04,247.19,425,Activo,3.5
PROD-01590,Novela de Ficción Nova 786,Libros y Entretenimiento,Nova,2495.13,1181.52,218,Activo,4.5
PROD-01591,Freidora de Aire Lumix 149,Hogar y Cocina,Lumix,2990.03,1671.1,410,Activo,3.5
PROD-01592,Libro de Poesía Nexa 598,Libros y Entretenimiento,Nexa,354.03,210.52,350,Activo,3.9
PROD-01593,Comic Edición de Colección Vortex 750,Libros y Entretenimiento,Vortex,3309.47,1788.15,236,Activo,4.6
PROD-01594,Bocina Portátil Apex 536,Electrónica,Apex,17269.12,10601.08,443,Activo,4.3
PROD-01595,Cafetera de Goteo Zenith 944,Hogar y Cocina,Zenith,3156.4,1653.11,409,Activo,4.7
PROD-01596,Sudadera con Capucha EcoLife 876,Ropa y Moda,EcoLife,1468.61,911.26,252,Activo,4.1
PROD-01597,Mochila de Senderismo Aero 987,Deportes y Aire Libre,Aero,5690.73,3606.91,50,Activo,4.9
PROD-01598,Cepillo Eléctrico Zenith 811,Salud y Cuidado Personal,Zenith,1687.47,773.8,368,Activo,3.4
PROD-01599,Cepillo Eléctrico Vortex 595,Salud y Cuidado Personal,Vortex,134.39,70.59,100,Activo,4.7
PROD-01600,Mochila de Senderismo Zenith 579,Deportes y Aire Libre,Zenith,4735.38,2974.77,346,Activo,4.5
PROD-01601,Freidora de Aire Titan 169,Hogar y Cocina,Titan,3188.59,2195.64,28,Activo,3.8
PROD-01602,Juego de Sartenes EcoLife 978,Hogar y Cocina,EcoLife,3552.17,2123.56,58,Activo,4.9
PROD-01603,Cuaderno Profesional Lumix 257,Papelería y Oficina,Lumix,1313.43,751.17,76,Activo,3.9
PROD-01604,Lámpara de Escritorio ProStyle 513,Hogar y Cocina,ProStyle,894.45,500.86,330,Activo,4.2
PROD-01605,Masajeador Cervical Lumix 795,Salud y Cuidado Personal,Lumix,1108.31,507.58,136,Activo,4.7
PROD-01606,Carro a Control Remoto Krono 631,Juguetes y Juegos,Krono,556.09,268.02,241,Activo,3.8
PROD-01607,Casco de Ciclismo ProStyle 490,Deportes y Aire Libre,ProStyle,3931.67,2184.12,287,Activo,3.9
PROD-01608,Silla Ergonómica ProStyle 636,Papelería y Oficina,ProStyle,471.23,257.27,386,Activo,3.5
PROD-01609,Engrapadora Industrial Apex 270,Papelería y Oficina,Apex,2275.02,1397.12,266,Activo,3.7
PROD-01610,Carpeta de Argollas Zenith 258,Papelería y Oficina,Zenith,1076.25,498.88,455,Activo,5.0
PROD-01611,Gel Antiséptico Nexa 772,Salud y Cuidado Personal,Nexa,2261.69,1313.14,209,Activo,5.0
PROD-01612,Libro de Poesía Nova 742,Libros y Entretenimiento,Nova,1563.34,736.98,189,Activo,3.1
PROD-01613,Purificador de Aire Nova 137,Hogar y Cocina,Nova,1026.52,533.18,78,Activo,4.7
PROD-01614,Carro a Control Remoto Aero 835,Juguetes y Juegos,Aero,1991.19,1118.48,10,Activo,4.5
PROD-01615,Cinturón de Piel Nova 784,Ropa y Moda,Nova,1110.62,635.04,457,Activo,3.7
PROD-01616,Purificador de Aire Aero 488,Hogar y Cocina,Aero,3979.45,2105.1,415,Activo,4.3
PROD-01617,Pista de Carreras Vortex 160,Juguetes y Juegos,Vortex,2263.02,1360.45,28,Activo,5.0
PROD-01618,Purificador de Aire EcoLife 605,Hogar y Cocina,EcoLife,1624.46,1134.69,275,Activo,4.2
PROD-01619,Pantalón Mezclilla EcoLife 591,Ropa y Moda,EcoLife,2142.92,1384.44,35,Activo,3.5
PROD-01620,Bocina Portátil ProStyle 178,Electrónica,ProStyle,16547.84,11121.3,350,Activo,3.3
PROD-01621,Pelota de Fútbol Urban 526,Deportes y Aire Libre,Urban,4413.47,2369.29,190,Activo,4.5
PROD-01622,Bandas de Resistencia Titan 799,Deportes y Aire Libre,Titan,8166.57,4712.11,353,Activo,4.8
PROD-01623,Audífonos Bluetooth Aero 579,Electrónica,Aero,909.18,653.5,232,Activo,3.7
PROD-01624,Horno de Microondas ProStyle 160,Hogar y Cocina,ProStyle,5653.26,3264.39,440,Activo,3.7
PROD-01625,Calculadora Científica Apex 606,Papelería y Oficina,Apex,854.72,455.2,441,Activo,4.7
PROD-01626,Purificador de Aire Urban 528,Hogar y Cocina,Urban,5731.92,3621.26,51,Activo,4.8
PROD-01627,Muñeca Articulada Krono 187,Juguetes y Juegos,Krono,2445.47,1540.18,28,Activo,4.8
PROD-01628,Carro a Control Remoto Nova 195,Juguetes y Juegos,Nova,2237.28,1183.75,70,Activo,4.0
PROD-01629,Cuerda para Saltar Nova 671,Deportes y Aire Libre,Nova,4592.84,2417.37,379,Activo,4.0
PROD-01630,Carro a Control Remoto Titan 626,Juguetes y Juegos,Titan,239.47,154.02,96,Activo,4.5
PROD-01631,Chamarra de Pluma Nova 269,Ropa y Moda,Nova,576.7,369.31,435,Activo,3.4
PROD-01632,Gorra Deportiva Urban 384,Ropa y Moda,Urban,918.74,399.05,125,Activo,4.4
PROD-01633,Organizador de Escritorio Nova 525,Papelería y Oficina,Nova,468.63,236.95,190,Activo,3.7
PROD-01634,Enciclopedia Ilustrada ProStyle 536,Libros y Entretenimiento,ProStyle,1576.39,818.9,7,Activo,4.0
PROD-01635,Engrapadora Industrial Urban 819,Papelería y Oficina,Urban,1467.2,586.95,188,Activo,4.1
PROD-01636,Teclado Mecánico Nova 469,Electrónica,Nova,16706.87,10609.79,104,Activo,4.7
PROD-01637,Libro de Finanzas Personales Vortex 195,Libros y Entretenimiento,Vortex,1297.98,840.54,312,Activo,3.2
PROD-01638,Vitaminas Multivitamínicas Krono 470,Salud y Cuidado Personal,Krono,1352.56,783.46,109,Activo,4.7
PROD-01639,Smartphone Pro Nova 400,Electrónica,Nova,8185.83,5203.06,175,Activo,4.7
PROD-01640,Set de Bolígrafos Titan 140,Papelería y Oficina,Titan,2163.86,1129.31,398,Activo,4.4
PROD-01641,Licuadora de Alta Potencia Nova 306,Hogar y Cocina,Nova,3455.54,1912.4,441,Activo,4.2
PROD-01642,Lámpara de Escritorio Zenith 500,Hogar y Cocina,Zenith,1768.52,1222.65,337,Activo,4.1
PROD-01643,Silla Ergonómica ProStyle 814,Papelería y Oficina,ProStyle,1350.33,706.59,424,Activo,4.9
PROD-01644,Carro a Control Remoto Urban 136,Juguetes y Juegos,Urban,1340.78,901.48,201,Activo,3.3
PROD-01645,Novela de Ficción Aero 512,Libros y Entretenimiento,Aero,1108.4,771.04,31,Activo,4.7
PROD-01646,Carro a Control Remoto Zenith 600,Juguetes y Juegos,Zenith,1158.86,708.1,40,Activo,4.6
PROD-01647,Libro de Poesía Zenith 560,Libros y Entretenimiento,Zenith,3116.15,1947.5,324,Activo,4.7
PROD-01648,Consola Portátil de Videojuegos Nova 198,Juguetes y Juegos,Nova,226.36,117.84,296,Activo,4.4
PROD-01649,Chamarra de Pluma Urban 311,Ropa y Moda,Urban,601.78,260.14,396,Activo,3.8
PROD-01650,Cuaderno Profesional Apex 823,Papelería y Oficina,Apex,404.2,243.27,236,Activo,3.9
PROD-01651,Libro de Desarrollo Personal Urban 145,Libros y Entretenimiento,Urban,510.88,310.54,189,Activo,4.8
PROD-01652,Aspiradora Robot Titan 349,Hogar y Cocina,Titan,3873.39,2698.31,212,Activo,4.4
PROD-01653,Cinturón de Piel Lumix 754,Ropa y Moda,Lumix,2105.77,1125.05,267,Activo,3.4
PROD-01654,Teclado Mecánico Apex 392,Electrónica,Apex,5014.92,2814.18,316,Activo,4.9
PROD-01655,Lámpara de Escritorio Vortex 950,Hogar y Cocina,Vortex,1526.74,970.61,219,Activo,4.0
PROD-01656,Cepillo Eléctrico Nova 675,Salud y Cuidado Personal,Nova,424.28,226.44,100,Activo,4.5
PROD-01657,Organizador de Escritorio ProStyle 219,Papelería y Oficina,ProStyle,1251.8,645.25,190,Activo,4.0
PROD-01658,Freidora de Aire Aero 356,Hogar y Cocina,Aero,2367.88,1485.16,217,Activo,4.2
PROD-01659,Libro de Poesía Zenith 560,Libros y Entretenimiento,Zenith,2267.78,1368.57,347,Activo,3.7
PROD-01660,Rasuradora Eléctrica Titan 957,Salud y Cuidado Personal,Titan,1289.2,671.39,341,Activo,3.4
PROD-01661,Engrapadora Industrial Nova 128,Papelería y Oficina,Nova,237.11,140.13,3,Activo,3.6
PROD-01662,Rompecabezas 1000 piezas Apex 177,Juguetes y Juegos,Apex,2407.46,1608.94,403,Activo,4.2
PROD-01663,Gafas de Sol Krono 639,Ropa y Moda,Krono,306.8,123.49,129,Activo,4.3
PROD-01664,Freidora de Aire Vortex 410,Hogar y Cocina,Vortex,3680.89,2457.22,73,Activo,3.4
PROD-01665,Sudadera con Capucha Titan 583,Ropa y Moda,Titan,482.73,240.15,224,Activo,4.9
PROD-01666,Comic Edición de Colección EcoLife 170,Libros y Entretenimiento,EcoLife,2881.62,1906.87,214,Activo,4.4
PROD-01667,Secadora de Cabello Aero 799,Salud y Cuidado Personal,Aero,493.62,259.98,15,Activo,3.9
PROD-01668,Tenis Deportivos EcoLife 397,Ropa y Moda,EcoLife,382.71,187.41,394,Activo,4.6
PROD-01669,Rompecabezas 1000 piezas Krono 196,Juguetes y Juegos,Krono,2434.01,1151.47,313,Activo,4.3
PROD-01670,Mouse Inalámbrico Apex 835,Electrónica,Apex,13238.75,7923.49,259,Activo,4.5
PROD-01671,Lámpara de Escritorio EcoLife 912,Hogar y Cocina,EcoLife,1580.1,831.65,94,Activo,5.0
PROD-01672,Aspiradora Robot ProStyle 842,Hogar y Cocina,ProStyle,2484.17,1402.44,254,Activo,4.1
PROD-01673,Smartwatch Zenith 418,Electrónica,Zenith,24425.78,16229.14,421,Activo,4.7
PROD-01674,Sartén Antiadherente Aero 658,Hogar y Cocina,Aero,1068.47,583.6,295,Activo,3.8
PROD-01675,Crema Hidratante Aero 202,Salud y Cuidado Personal,Aero,330.41,193.05,419,Activo,3.5
PROD-01676,Silla Ergonómica Apex 278,Papelería y Oficina,Apex,1684.06,994.48,485,Activo,3.0
PROD-01677,Tablet 10 pulgadas Lumix 969,Electrónica,Lumix,9255.2,6095.93,161,Activo,3.3
PROD-01678,Sartén Antiadherente ProStyle 924,Hogar y Cocina,ProStyle,5735.79,3696.83,462,Activo,4.3
PROD-01679,Vestido Casual Aero 717,Ropa y Moda,Aero,82.54,46.83,483,Activo,3.8
PROD-01680,Cuerda para Saltar Apex 389,Deportes y Aire Libre,Apex,810.19,466.62,208,Activo,3.3
PROD-01681,Tablet 10 pulgadas Lumix 531,Electrónica,Lumix,8759.8,5589.78,496,Activo,3.4
PROD-01682,Biografía Histórica Urban 202,Libros y Entretenimiento,Urban,2570.23,1641.95,238,Activo,4.1
PROD-01683,Destrozadora de Papel EcoLife 889,Papelería y Oficina,EcoLife,2093.14,1357.52,387,Activo,4.2
PROD-01684,Bocina Portátil Titan 356,Electrónica,Titan,18868.55,12554.14,416,Activo,5.0
PROD-01685,Gorra Deportiva Aero 911,Ropa y Moda,Aero,1439.19,604.37,199,Activo,4.7
PROD-01686,Cuerda para Saltar EcoLife 866,Deportes y Aire Libre,EcoLife,8072.05,5469.32,292,Activo,4.5
PROD-01687,Destrozadora de Papel Lumix 611,Papelería y Oficina,Lumix,64.7,28.2,142,Activo,4.2
PROD-01688,Set de Bolígrafos Lumix 790,Papelería y Oficina,Lumix,1248.2,604.5,351,Activo,4.2
PROD-01689,Sartén Antiadherente Urban 117,Hogar y Cocina,Urban,2320.18,1576.3,323,Activo,3.7
PROD-01690,Libro de Finanzas Personales Titan 804,Libros y Entretenimiento,Titan,211.57,95.34,398,Activo,3.9
PROD-01691,Set de Bolígrafos EcoLife 296,Papelería y Oficina,EcoLife,307.95,150.16,13,Activo,4.4
PROD-01692,Cepillo Eléctrico Krono 402,Salud y Cuidado Personal,Krono,811.48,445.64,314,Activo,3.8
PROD-01693,Lámpara de Escritorio ProStyle 576,Hogar y Cocina,ProStyle,6674.5,4152.84,270,Activo,4.2
PROD-01694,Audífonos Bluetooth Krono 293,Electrónica,Krono,15996.04,11771.33,235,Activo,4.4
PROD-01695,Sudadera con Capucha Urban 724,Ropa y Moda,Urban,2071.02,1189.33,49,Activo,4.3
PROD-01696,Set de Bloques de Construcción Apex 138,Juguetes y Juegos,Apex,2878.33,1674.22,475,Activo,5.0
PROD-01697,Smartwatch EcoLife 357,Electrónica,EcoLife,11065.21,7616.33,406,Activo,3.1
PROD-01698,Comic Edición de Colección Nexa 585,Libros y Entretenimiento,Nexa,1091.06,514.84,7,Activo,4.1
PROD-01699,Pista de Carreras Apex 933,Juguetes y Juegos,Apex,1590.96,1002.67,334,Activo,4.1
PROD-01700,Smartphone Pro Titan 117,Electrónica,Titan,15170.67,9541.01,189,Activo,4.8
PROD-01701,Aspiradora Robot Apex 568,Hogar y Cocina,Apex,3469.37,2198.58,310,Activo,3.3
PROD-01702,Vitaminas Multivitamínicas Zenith 357,Salud y Cuidado Personal,Zenith,834.36,337.99,11,Activo,4.9
PROD-01703,Set de Bolígrafos Nova 824,Papelería y Oficina,Nova,1917.31,1069.57,432,Activo,3.1
PROD-01704,Cuento Infantil Ilustrado Titan 163,Libros y Entretenimiento,Titan,1013.87,498.68,347,Activo,4.0
PROD-01705,Smartphone Pro Nexa 411,Electrónica,Nexa,23425.6,16076.33,475,Activo,3.3
PROD-01706,Freidora de Aire Aero 280,Hogar y Cocina,Aero,1757.1,882.62,338,Activo,3.2
PROD-01707,Destrozadora de Papel Zenith 314,Papelería y Oficina,Zenith,2369.2,1513.07,4,Activo,4.2
PROD-01708,Purificador de Aire Titan 137,Hogar y Cocina,Titan,3540.04,2407.54,462,Activo,3.6
PROD-01709,Crema Hidratante ProStyle 747,Salud y Cuidado Personal,ProStyle,1675.76,938.9,191,Activo,4.0
PROD-01710,Kit de Cuidado Facial Urban 850,Salud y Cuidado Personal,Urban,1014.43,603.06,379,Activo,4.5
PROD-01711,Juego de Mesa Familiar Titan 684,Juguetes y Juegos,Titan,3368.42,1926.43,242,Activo,4.7
PROD-01712,Playera de Algodón Lumix 152,Ropa y Moda,Lumix,784.63,355.21,321,Activo,3.3
PROD-01713,Calcetines Transpirables Vortex 321,Ropa y Moda,Vortex,1009.41,602.34,327,Activo,4.2
PROD-01714,Rasuradora Eléctrica Zenith 362,Salud y Cuidado Personal,Zenith,932.57,540.43,138,Activo,4.1
PROD-01715,Tablet 10 pulgadas EcoLife 638,Electrónica,EcoLife,18609.61,12828.45,335,Activo,4.4
PROD-01716,Secadora de Cabello Nexa 152,Salud y Cuidado Personal,Nexa,2340.23,1065.23,4,Activo,3.6
PROD-01717,Pelota de Fútbol Krono 904,Deportes y Aire Libre,Krono,6511.74,4317.15,419,Activo,3.4
PROD-01718,Bocina Portátil Nova 720,Electrónica,Nova,8560.09,5119.41,330,Activo,4.0
PROD-01719,Muñeca Articulada Zenith 323,Juguetes y Juegos,Zenith,477.55,216.47,235,Activo,3.9
PROD-01720,Smartwatch Aero 915,Electrónica,Aero,22267.43,13301.88,253,Activo,3.2
PROD-01721,Botella de Agua Térmica Zenith 960,Deportes y Aire Libre,Zenith,7805.26,4238.15,329,Activo,4.2
PROD-01722,Chamarra de Pluma Apex 219,Ropa y Moda,Apex,1870.5,918.86,492,Activo,4.1
PROD-01723,Sartén Antiadherente ProStyle 628,Hogar y Cocina,ProStyle,269.28,182.26,275,Activo,4.0
PROD-01724,Novela de Ficción ProStyle 354,Libros y Entretenimiento,ProStyle,3059.61,2045.76,299,Activo,3.4
PROD-01725,Secadora de Cabello Lumix 654,Salud y Cuidado Personal,Lumix,1547.53,671.31,170,Activo,3.4
PROD-01726,Cámara DSLR Apex 670,Electrónica,Apex,5501.56,3579.95,171,Activo,3.0
PROD-01727,Vitaminas Multivitamínicas Vortex 844,Salud y Cuidado Personal,Vortex,498.24,294.12,364,Activo,4.7
PROD-01728,Rasuradora Eléctrica Krono 506,Salud y Cuidado Personal,Krono,332.05,165.67,490,Activo,3.3
PROD-01729,Libro de Desarrollo Personal Lumix 139,Libros y Entretenimiento,Lumix,647.75,383.3,77,Activo,3.8
PROD-01730,Guía de Viajes Apex 774,Libros y Entretenimiento,Apex,1134.19,762.34,320,Activo,3.2
PROD-01731,Bascula Digital Urban 961,Salud y Cuidado Personal,Urban,1798.82,918.93,107,Activo,4.5
PROD-01732,Juego de Sartenes Apex 384,Hogar y Cocina,Apex,1189.71,802.54,147,Activo,3.4
PROD-01733,Mancuernas Ajustables EcoLife 771,Deportes y Aire Libre,EcoLife,4915.35,2764.34,363,Activo,4.7
PROD-01734,Cinturón de Piel Titan 348,Ropa y Moda,Titan,361.6,212.89,123,Activo,4.0
PROD-01735,Casco de Ciclismo Vortex 930,Deportes y Aire Libre,Vortex,6281.09,4388.33,204,Activo,3.7
PROD-01736,Tenis Deportivos Vortex 220,Ropa y Moda,Vortex,1796.92,902.74,449,Activo,4.8
PROD-01737,Silla Ergonómica Aero 829,Papelería y Oficina,Aero,50.72,27.23,124,Activo,3.9
PROD-01738,Monitor 4K Titan 257,Electrónica,Titan,5809.68,4343.15,156,Activo,4.2
PROD-01739,Set de Bolígrafos Nexa 265,Papelería y Oficina,Nexa,694.71,398.24,327,Activo,4.8
PROD-01740,Libro de Poesía Vortex 871,Libros y Entretenimiento,Vortex,2692.77,1412.63,476,Activo,4.1
PROD-01741,Libro de Desarrollo Personal Urban 752,Libros y Entretenimiento,Urban,1111.88,653.89,467,Activo,3.4
PROD-01742,Silla Ergonómica Apex 223,Papelería y Oficina,Apex,1974.64,1092.32,155,Activo,3.8
PROD-01743,Engrapadora Industrial Apex 470,Papelería y Oficina,Apex,2354.98,1297.65,62,Activo,3.8
PROD-01744,Lámpara de Escritorio Vortex 132,Hogar y Cocina,Vortex,5112.59,3309.27,396,Activo,3.8
PROD-01745,Freidora de Aire Zenith 502,Hogar y Cocina,Zenith,8230.88,5323.4,169,Activo,4.6
PROD-01746,Libro de Desarrollo Personal Nexa 760,Libros y Entretenimiento,Nexa,177.93,110.84,323,Activo,4.6
PROD-01747,Sartén Antiadherente Nexa 495,Hogar y Cocina,Nexa,8011.91,4032.63,370,Activo,3.6
PROD-01748,Cuento Infantil Ilustrado Urban 236,Libros y Entretenimiento,Urban,1936.52,1310.03,38,Activo,4.8
PROD-01749,Consola Portátil de Videojuegos Nexa 388,Juguetes y Juegos,Nexa,2173.76,1100.1,423,Activo,4.6
PROD-01750,Cámara DSLR Titan 918,Electrónica,Titan,23492.43,15223.47,374,Activo,4.0
PROD-01751,Muñeca Articulada Nova 779,Juguetes y Juegos,Nova,2065.59,1184.43,286,Activo,3.3
PROD-01752,Cepillo Eléctrico Titan 618,Salud y Cuidado Personal,Titan,425.86,236.66,314,Activo,3.7
PROD-01753,Freidora de Aire Aero 298,Hogar y Cocina,Aero,4774.11,2565.24,206,Activo,3.5
PROD-01754,Freidora de Aire EcoLife 726,Hogar y Cocina,EcoLife,8191.46,4462.54,269,Activo,3.5
PROD-01755,Cuaderno Profesional EcoLife 780,Papelería y Oficina,EcoLife,447.13,179.97,27,Activo,3.2
PROD-01756,Laptop Gamer Urban 841,Electrónica,Urban,3914.79,2720.49,372,Activo,4.3
PROD-01757,Manual de Cocina Urban 334,Libros y Entretenimiento,Urban,3167.2,1975.49,478,Activo,3.7
PROD-01758,Cuerda para Saltar Vortex 843,Deportes y Aire Libre,Vortex,5609.44,3680.15,178,Activo,4.4
PROD-01759,Vestido Casual Krono 618,Ropa y Moda,Krono,2264.91,1107.0,66,Activo,4.8
PROD-01760,Dron para Niños EcoLife 483,Juguetes y Juegos,EcoLife,891.57,602.52,453,Activo,4.5
PROD-01761,Secadora de Cabello Titan 792,Salud y Cuidado Personal,Titan,306.79,141.29,370,Activo,3.5
PROD-01762,Guantes de Gimnasio Aero 292,Deportes y Aire Libre,Aero,6207.41,3862.38,55,Activo,3.3
PROD-01763,Post-it Adhesivos Zenith 788,Papelería y Oficina,Zenith,2265.45,1133.84,174,Activo,4.2
PROD-01764,Sudadera con Capucha Zenith 714,Ropa y Moda,Zenith,1915.2,1162.9,165,Activo,4.7
PROD-01765,Rompecabezas 1000 piezas Nova 121,Juguetes y Juegos,Nova,415.28,248.88,401,Activo,4.2
PROD-01766,Tapete de Yoga EcoLife 430,Deportes y Aire Libre,EcoLife,2718.26,1701.95,492,Activo,5.0
PROD-01767,Gorra Deportiva EcoLife 212,Ropa y Moda,EcoLife,704.17,292.22,486,Activo,4.8
PROD-01768,Marcadores de Colores EcoLife 515,Papelería y Oficina,EcoLife,732.04,343.53,120,Activo,3.4
PROD-01769,Set de Bolígrafos Urban 241,Papelería y Oficina,Urban,1100.67,610.74,292,Activo,3.3
PROD-01770,Bandas de Resistencia ProStyle 801,Deportes y Aire Libre,ProStyle,6041.42,3086.74,187,Activo,4.1
PROD-01771,Bandas de Resistencia Krono 825,Deportes y Aire Libre,Krono,3632.0,2267.34,365,Activo,5.0
PROD-01772,Set de Bolígrafos EcoLife 981,Papelería y Oficina,EcoLife,1219.62,759.25,389,Activo,3.7
PROD-01773,Horno de Microondas Zenith 325,Hogar y Cocina,Zenith,4969.86,2669.67,345,Activo,4.3
PROD-01774,Bascula Digital Zenith 678,Salud y Cuidado Personal,Zenith,1834.96,1178.61,491,Activo,3.1
PROD-01775,Libro de Desarrollo Personal ProStyle 706,Libros y Entretenimiento,ProStyle,482.8,301.84,286,Activo,3.6
PROD-01776,Kit de Cuidado Facial Urban 572,Salud y Cuidado Personal,Urban,163.59,87.18,134,Activo,4.0
PROD-01777,Enciclopedia Ilustrada Krono 985,Libros y Entretenimiento,Krono,2503.83,1309.04,461,Activo,4.6
PROD-01778,Guía de Viajes Apex 918,Libros y Entretenimiento,Apex,2622.83,1447.71,310,Activo,3.6
PROD-01779,Cuento Infantil Ilustrado Titan 143,Libros y Entretenimiento,Titan,2898.23,1535.51,456,Activo,4.7
PROD-01780,Guía de Viajes Urban 928,Libros y Entretenimiento,Urban,1327.38,880.94,157,Activo,4.8
PROD-01781,Horno de Microondas Nova 955,Hogar y Cocina,Nova,2093.88,1315.76,251,Activo,3.1
PROD-01782,Comic Edición de Colección Krono 213,Libros y Entretenimiento,Krono,3035.37,1793.72,227,Activo,4.0
PROD-01783,Calcetines Transpirables Apex 741,Ropa y Moda,Apex,749.69,462.61,18,Activo,3.8
PROD-01784,Chamarra de Pluma EcoLife 563,Ropa y Moda,EcoLife,2291.95,1479.97,365,Activo,3.5
PROD-01785,Peluche Gigante Urban 244,Juguetes y Juegos,Urban,1527.47,976.07,230,Activo,3.3
PROD-01786,Bicicleta de Montaña Krono 505,Deportes y Aire Libre,Krono,5778.27,3457.27,294,Activo,4.1
PROD-01787,Set de Bolígrafos ProStyle 696,Papelería y Oficina,ProStyle,1182.81,477.16,355,Activo,3.6
PROD-01788,Chamarra de Pluma Krono 405,Ropa y Moda,Krono,570.83,229.0,91,Activo,3.0
PROD-01789,Botella de Agua Térmica Aero 357,Deportes y Aire Libre,Aero,5269.79,3609.27,39,Activo,3.4
PROD-01790,Cuaderno Profesional Apex 906,Papelería y Oficina,Apex,426.23,270.32,292,Activo,4.2
PROD-01791,Mochila de Senderismo Krono 391,Deportes y Aire Libre,Krono,6202.86,3921.52,183,Activo,4.4
PROD-01792,Pantalón Mezclilla Lumix 387,Ropa y Moda,Lumix,1424.67,670.08,55,Activo,5.0
PROD-01793,Cepillo Eléctrico EcoLife 878,Salud y Cuidado Personal,EcoLife,665.28,311.08,144,Activo,3.3
PROD-01794,Pantalón Mezclilla Apex 482,Ropa y Moda,Apex,353.75,189.91,163,Activo,5.0
PROD-01795,Cafetera de Goteo Zenith 307,Hogar y Cocina,Zenith,3314.48,2292.66,126,Activo,3.7
PROD-01796,Calcetines Transpirables Nexa 262,Ropa y Moda,Nexa,350.81,146.41,337,Activo,3.8
PROD-01797,Calculadora Científica Krono 726,Papelería y Oficina,Krono,131.43,52.74,54,Activo,4.6
PROD-01798,Teclado Mecánico EcoLife 342,Electrónica,EcoLife,2073.47,1265.71,352,Activo,3.2
PROD-01799,Biografía Histórica Krono 792,Libros y Entretenimiento,Krono,1478.53,694.68,386,Activo,4.5
PROD-01800,Dron para Niños ProStyle 648,Juguetes y Juegos,ProStyle,1334.8,747.11,47,Activo,3.2
PROD-01801,Pantalón Mezclilla EcoLife 945,Ropa y Moda,EcoLife,1394.24,862.92,365,Activo,4.1
PROD-01802,Gafas de Sol Apex 639,Ropa y Moda,Apex,1010.31,632.04,84,Activo,3.1
PROD-01803,Destrozadora de Papel Krono 675,Papelería y Oficina,Krono,1867.27,1175.63,126,Activo,3.5
PROD-01804,Marcadores de Colores Aero 897,Papelería y Oficina,Aero,1961.46,1061.93,441,Activo,3.9
PROD-01805,Mouse Inalámbrico Nova 168,Electrónica,Nova,12623.95,8201.41,141,Activo,3.5
PROD-01806,Cinturón de Piel Titan 997,Ropa y Moda,Titan,59.65,29.6,3,Activo,4.9
PROD-01807,Bicicleta de Montaña Nexa 522,Deportes y Aire Libre,Nexa,5687.92,3585.15,159,Activo,4.5
PROD-01808,Manual de Cocina Krono 493,Libros y Entretenimiento,Krono,2919.06,1611.24,390,Activo,4.6
PROD-01809,Dron para Niños Apex 340,Juguetes y Juegos,Apex,2088.35,1435.24,20,Activo,4.1
PROD-01810,Tapete de Yoga Krono 217,Deportes y Aire Libre,Krono,7332.23,4808.71,44,Activo,4.3
PROD-01811,Teclado Mecánico Nova 216,Electrónica,Nova,10448.43,6136.75,221,Activo,3.9
PROD-01812,Mochila de Senderismo Nova 372,Deportes y Aire Libre,Nova,5964.45,4174.19,3,Activo,3.2
PROD-01813,Marcadores de Colores Vortex 602,Papelería y Oficina,Vortex,2465.03,1444.8,431,Activo,4.9
PROD-01814,Bicicleta de Montaña Lumix 601,Deportes y Aire Libre,Lumix,5453.45,3524.41,345,Activo,3.2
PROD-01815,Guantes de Gimnasio EcoLife 763,Deportes y Aire Libre,EcoLife,4174.44,2864.79,197,Activo,4.7
PROD-01816,Juego de Cuchillos Apex 125,Hogar y Cocina,Apex,3507.11,2199.51,417,Activo,4.8
PROD-01817,Juego de Sartenes Nova 956,Hogar y Cocina,Nova,4201.43,2174.36,126,Activo,4.7
PROD-01818,Destrozadora de Papel Vortex 834,Papelería y Oficina,Vortex,821.74,419.46,228,Activo,4.2
PROD-01819,Juego de Mesa Familiar Urban 821,Juguetes y Juegos,Urban,2943.5,2007.62,370,Activo,3.2
PROD-01820,Kit de Cuidado Facial EcoLife 858,Salud y Cuidado Personal,EcoLife,377.93,174.42,422,Activo,4.6
PROD-01821,Novela de Ficción Apex 965,Libros y Entretenimiento,Apex,1284.91,608.0,279,Activo,4.3
PROD-01822,Cuaderno Profesional Zenith 144,Papelería y Oficina,Zenith,691.26,303.64,167,Activo,3.7
PROD-01823,Manual de Cocina Titan 183,Libros y Entretenimiento,Titan,2311.22,1317.05,473,Activo,4.9
PROD-01824,Mancuernas Ajustables ProStyle 505,Deportes y Aire Libre,ProStyle,1560.82,1011.1,346,Activo,3.4
PROD-01825,Licuadora de Alta Potencia Lumix 256,Hogar y Cocina,Lumix,3435.41,2015.42,43,Activo,4.5
PROD-01826,Marcadores de Colores Lumix 602,Papelería y Oficina,Lumix,2365.98,949.55,468,Activo,3.5
PROD-01827,Dron para Niños Nova 943,Juguetes y Juegos,Nova,3255.92,2046.34,189,Activo,4.9
PROD-01828,Cinturón de Piel Apex 994,Ropa y Moda,Apex,314.86,174.35,353,Activo,3.1
PROD-01829,Vitaminas Multivitamínicas EcoLife 482,Salud y Cuidado Personal,EcoLife,1605.0,912.55,278,Activo,3.7
PROD-01830,Pelota de Fútbol Titan 768,Deportes y Aire Libre,Titan,6015.56,4080.82,325,Activo,4.8
PROD-01831,Mouse Inalámbrico Nexa 239,Electrónica,Nexa,11321.39,7569.8,163,Activo,4.3
PROD-01832,Comic Edición de Colección Nexa 393,Libros y Entretenimiento,Nexa,2509.53,1338.24,214,Activo,3.2
PROD-01833,Muñeca Articulada Aero 496,Juguetes y Juegos,Aero,323.46,217.84,65,Activo,4.1
PROD-01834,Cuaderno Profesional Titan 879,Papelería y Oficina,Titan,2094.02,980.34,63,Activo,4.0
PROD-01835,Muñeca Articulada Urban 357,Juguetes y Juegos,Urban,510.07,277.34,449,Activo,3.6
PROD-01836,Guía de Viajes Nexa 426,Libros y Entretenimiento,Nexa,2949.94,2043.86,282,Activo,5.0
PROD-01837,Calcetines Transpirables Urban 849,Ropa y Moda,Urban,789.15,427.65,71,Activo,3.3
PROD-01838,Pista de Carreras Aero 328,Juguetes y Juegos,Aero,2984.19,1659.86,83,Activo,3.4
PROD-01839,Carro a Control Remoto ProStyle 857,Juguetes y Juegos,ProStyle,1575.42,720.55,190,Activo,3.5
PROD-01840,Purificador de Aire Vortex 476,Hogar y Cocina,Vortex,4133.58,2402.11,43,Activo,4.6
PROD-01841,Crema Hidratante Lumix 273,Salud y Cuidado Personal,Lumix,480.84,262.98,52,Activo,4.0
PROD-01842,Rompecabezas 1000 piezas Zenith 702,Juguetes y Juegos,Zenith,3163.36,1696.56,277,Activo,3.8
PROD-01843,Pista de Carreras ProStyle 344,Juguetes y Juegos,ProStyle,788.01,435.65,409,Activo,4.5
PROD-01844,Biografía Histórica Nexa 234,Libros y Entretenimiento,Nexa,3125.07,2145.87,50,Activo,4.5
PROD-01845,Audífonos Bluetooth Nova 950,Electrónica,Nova,7112.67,4088.41,34,Activo,3.6
PROD-01846,Botella de Agua Térmica Lumix 730,Deportes y Aire Libre,Lumix,7235.03,4820.63,293,Activo,3.1
PROD-01847,Teclado Mecánico Titan 622,Electrónica,Titan,930.37,651.03,198,Activo,3.8
PROD-01848,Laptop Gamer Nexa 836,Electrónica,Nexa,22364.89,15427.15,81,Activo,4.7
PROD-01849,Lámpara de Escritorio Urban 734,Hogar y Cocina,Urban,2440.43,1435.95,131,Activo,3.2
PROD-01850,Audífonos Bluetooth Urban 842,Electrónica,Urban,12346.87,9172.66,184,Activo,4.3
PROD-01851,Casco de Ciclismo Vortex 732,Deportes y Aire Libre,Vortex,2108.97,1328.89,143,Activo,3.3
PROD-01852,Bocina Portátil Krono 288,Electrónica,Krono,19334.89,14441.45,49,Activo,3.1
PROD-01853,Cámara DSLR ProStyle 804,Electrónica,ProStyle,4456.28,3202.28,389,Activo,4.3
PROD-01854,Cinturón de Piel ProStyle 634,Ropa y Moda,ProStyle,1074.83,595.72,120,Activo,3.6
PROD-01855,Post-it Adhesivos Aero 822,Papelería y Oficina,Aero,2490.53,1316.94,28,Activo,4.0
PROD-01856,Peluche Gigante EcoLife 467,Juguetes y Juegos,EcoLife,554.91,357.47,463,Activo,3.3
PROD-01857,Bandas de Resistencia Vortex 994,Deportes y Aire Libre,Vortex,4635.73,2413.74,272,Activo,4.8
PROD-01858,Gel Antiséptico Nexa 480,Salud y Cuidado Personal,Nexa,2220.25,1095.44,299,Activo,3.9
PROD-01859,Muñeca Articulada Aero 826,Juguetes y Juegos,Aero,3275.22,2277.12,442,Activo,3.3
PROD-01860,Enciclopedia Ilustrada Nexa 921,Libros y Entretenimiento,Nexa,2512.74,1316.11,353,Activo,3.9
PROD-01861,Laptop Gamer ProStyle 865,Electrónica,ProStyle,11086.99,6577.35,247,Activo,3.4
PROD-01862,Juego de Cuchillos Krono 286,Hogar y Cocina,Krono,5175.37,3602.49,58,Activo,3.7
PROD-01863,Audífonos Bluetooth Apex 108,Electrónica,Apex,23327.1,15568.17,203,Activo,3.7
PROD-01864,Set de Bloques de Construcción Apex 471,Juguetes y Juegos,Apex,1338.95,908.03,406,Activo,4.0
PROD-01865,Carpeta de Argollas Titan 100,Papelería y Oficina,Titan,1139.34,488.93,118,Activo,4.2
PROD-01866,Cuento Infantil Ilustrado Apex 475,Libros y Entretenimiento,Apex,875.28,575.76,89,Activo,4.7
PROD-01867,Freidora de Aire Zenith 877,Hogar y Cocina,Zenith,6110.26,3957.07,247,Activo,3.9
PROD-01868,Gafas de Sol Krono 469,Ropa y Moda,Krono,1474.74,720.42,458,Activo,4.5
PROD-01869,Calculadora Científica Apex 791,Papelería y Oficina,Apex,1247.29,578.41,71,Activo,3.1
PROD-01870,Bandas de Resistencia EcoLife 265,Deportes y Aire Libre,EcoLife,2760.58,1641.72,144,Activo,4.9
PROD-01871,Cuento Infantil Ilustrado Nexa 237,Libros y Entretenimiento,Nexa,2210.9,1001.76,191,Activo,3.3
PROD-01872,Mouse Inalámbrico Zenith 351,Electrónica,Zenith,21057.19,12541.09,272,Activo,4.2
PROD-01873,Marcadores de Colores Urban 801,Papelería y Oficina,Urban,813.95,428.46,378,Activo,4.3
PROD-01874,Bascula Digital Apex 618,Salud y Cuidado Personal,Apex,1627.32,1021.5,374,Activo,3.6
PROD-01875,Bascula Digital Krono 981,Salud y Cuidado Personal,Krono,1784.76,805.12,362,Activo,3.0
PROD-01876,Pelota de Fútbol Aero 517,Deportes y Aire Libre,Aero,375.36,226.64,374,Activo,4.7
PROD-01877,Horno de Microondas ProStyle 679,Hogar y Cocina,ProStyle,7230.71,4063.77,4,Activo,3.3
PROD-01878,Guía de Viajes Aero 336,Libros y Entretenimiento,Aero,191.46,128.29,102,Activo,4.8
PROD-01879,Calcetines Transpirables Vortex 169,Ropa y Moda,Vortex,1996.65,1062.63,345,Activo,4.7
PROD-01880,Crema Hidratante EcoLife 740,Salud y Cuidado Personal,EcoLife,807.58,413.64,466,Activo,3.6
PROD-01881,Licuadora de Alta Potencia Lumix 179,Hogar y Cocina,Lumix,4722.22,2581.09,266,Activo,4.5
PROD-01882,Mouse Inalámbrico Apex 314,Electrónica,Apex,22016.14,13513.24,138,Activo,4.5
PROD-01883,Purificador de Aire Nexa 937,Hogar y Cocina,Nexa,1756.7,906.05,384,Activo,4.7
PROD-01884,Mancuernas Ajustables ProStyle 252,Deportes y Aire Libre,ProStyle,1404.81,958.59,401,Activo,3.0
PROD-01885,Engrapadora Industrial Krono 368,Papelería y Oficina,Krono,861.02,350.63,467,Activo,4.0
PROD-01886,Pantalón Mezclilla Krono 173,Ropa y Moda,Krono,845.52,482.93,451,Activo,3.8
PROD-01887,Bicicleta de Montaña Titan 854,Deportes y Aire Libre,Titan,1389.83,869.89,319,Activo,4.4
PROD-01888,Teclado Mecánico Aero 703,Electrónica,Aero,7971.39,5731.74,272,Activo,4.1
PROD-01889,Guantes de Gimnasio Urban 203,Deportes y Aire Libre,Urban,5971.48,3800.61,484,Activo,5.0
PROD-01890,Bascula Digital Vortex 958,Salud y Cuidado Personal,Vortex,511.45,226.54,183,Activo,3.5
PROD-01891,Gel Antiséptico Aero 764,Salud y Cuidado Personal,Aero,1160.78,686.07,487,Activo,3.6
PROD-01892,Bicicleta de Montaña EcoLife 770,Deportes y Aire Libre,EcoLife,6359.3,3745.06,175,Activo,3.1
PROD-01893,Cafetera de Goteo Vortex 734,Hogar y Cocina,Vortex,4710.73,3287.62,117,Activo,3.2
PROD-01894,Freidora de Aire Titan 938,Hogar y Cocina,Titan,3391.28,1880.23,333,Activo,3.6
PROD-01895,Calcetines Transpirables ProStyle 228,Ropa y Moda,ProStyle,853.24,512.29,190,Activo,3.2
PROD-01896,Consola Portátil de Videojuegos Krono 970,Juguetes y Juegos,Krono,1657.58,1064.38,466,Activo,4.4
PROD-01897,Manual de Cocina Apex 691,Libros y Entretenimiento,Apex,1904.62,1254.49,273,Activo,3.8
PROD-01898,Masajeador Cervical Zenith 468,Salud y Cuidado Personal,Zenith,2032.47,1029.05,83,Activo,4.9
PROD-01899,Consola Portátil de Videojuegos Aero 439,Juguetes y Juegos,Aero,685.77,320.33,334,Activo,3.3
PROD-01900,Bandas de Resistencia Krono 655,Deportes y Aire Libre,Krono,7546.88,4376.49,441,Activo,4.5
PROD-01901,Silla Ergonómica Nexa 527,Papelería y Oficina,Nexa,504.71,283.34,245,Activo,4.5
PROD-01902,Post-it Adhesivos Nova 883,Papelería y Oficina,Nova,1981.52,829.66,290,Activo,3.4
PROD-01903,Crema Hidratante Urban 791,Salud y Cuidado Personal,Urban,66.34,39.19,465,Activo,3.1
PROD-01904,Guía de Viajes Vortex 157,Libros y Entretenimiento,Vortex,849.54,417.75,394,Activo,4.3
PROD-01905,Purificador de Aire EcoLife 559,Hogar y Cocina,EcoLife,2478.91,1679.12,169,Activo,4.2
PROD-01906,Cinturón de Piel ProStyle 667,Ropa y Moda,ProStyle,905.06,515.63,64,Activo,4.7
PROD-01907,Organizador de Escritorio ProStyle 970,Papelería y Oficina,ProStyle,1820.77,915.31,283,Activo,3.7
PROD-01908,Mancuernas Ajustables EcoLife 391,Deportes y Aire Libre,EcoLife,4720.95,2647.28,59,Activo,4.7
PROD-01909,Rompecabezas 1000 piezas Krono 722,Juguetes y Juegos,Krono,2291.91,1145.25,68,Activo,3.6
PROD-01910,Calcetines Transpirables Vortex 904,Ropa y Moda,Vortex,269.68,174.17,102,Activo,4.7
PROD-01911,Mochila de Senderismo Vortex 439,Deportes y Aire Libre,Vortex,6175.16,3301.32,316,Activo,4.6
PROD-01912,Guantes de Gimnasio ProStyle 935,Deportes y Aire Libre,ProStyle,7134.01,4978.0,229,Activo,3.7
PROD-01913,Crema Hidratante Urban 358,Salud y Cuidado Personal,Urban,214.54,98.39,473,Activo,4.8
PROD-01914,Crema Hidratante Aero 823,Salud y Cuidado Personal,Aero,91.18,52.39,393,Activo,4.9
PROD-01915,Cuaderno Profesional Nexa 482,Papelería y Oficina,Nexa,1954.64,905.33,157,Activo,5.0
PROD-01916,Botella de Agua Térmica Krono 434,Deportes y Aire Libre,Krono,5739.05,3845.19,254,Activo,4.3
PROD-01917,Bascula Digital Lumix 368,Salud y Cuidado Personal,Lumix,1534.15,912.07,243,Activo,4.5
PROD-01918,Freidora de Aire Urban 513,Hogar y Cocina,Urban,232.22,142.25,155,Activo,3.5
PROD-01919,Silla Ergonómica Krono 901,Papelería y Oficina,Krono,1063.49,662.81,197,Activo,4.4
PROD-01920,Mancuernas Ajustables Lumix 268,Deportes y Aire Libre,Lumix,5777.57,3127.76,485,Activo,4.2
PROD-01921,Carro a Control Remoto Titan 623,Juguetes y Juegos,Titan,2380.13,1298.06,149,Activo,3.7
PROD-01922,Libro de Desarrollo Personal Aero 597,Libros y Entretenimiento,Aero,1668.42,1038.48,237,Activo,4.6
PROD-01923,Cuaderno Profesional Zenith 952,Papelería y Oficina,Zenith,583.7,307.15,124,Activo,3.6
PROD-01924,Kit de Cuidado Facial Zenith 673,Salud y Cuidado Personal,Zenith,889.26,372.15,304,Activo,3.2
PROD-01925,Enciclopedia Ilustrada Nexa 906,Libros y Entretenimiento,Nexa,2013.85,1142.32,315,Activo,3.1
PROD-01926,Guantes de Gimnasio Aero 459,Deportes y Aire Libre,Aero,745.47,463.25,59,Activo,4.4
PROD-01927,Vitaminas Multivitamínicas Apex 499,Salud y Cuidado Personal,Apex,1771.02,747.14,289,Activo,3.8
PROD-01928,Cinturón de Piel Aero 947,Ropa y Moda,Aero,1603.11,891.34,406,Activo,3.4
PROD-01929,Libro de Poesía Apex 517,Libros y Entretenimiento,Apex,1271.6,607.96,74,Activo,3.7
PROD-01930,Vitaminas Multivitamínicas Titan 976,Salud y Cuidado Personal,Titan,2412.26,1165.6,150,Activo,4.1
PROD-01931,Lámpara de Escritorio Nova 452,Hogar y Cocina,Nova,7747.15,4435.4,353,Activo,3.9
PROD-01932,Organizador de Escritorio Krono 470,Papelería y Oficina,Krono,1732.39,976.06,214,Activo,3.4
PROD-01933,Libro de Poesía Apex 110,Libros y Entretenimiento,Apex,1847.83,1267.31,194,Activo,4.5
PROD-01934,Mancuernas Ajustables Aero 450,Deportes y Aire Libre,Aero,7879.35,5446.7,77,Activo,4.6
PROD-01935,Masajeador Cervical Lumix 884,Salud y Cuidado Personal,Lumix,1281.11,547.62,19,Activo,3.7
PROD-01936,Tenis Deportivos ProStyle 226,Ropa y Moda,ProStyle,1196.69,524.96,17,Activo,3.8
PROD-01937,Pista de Carreras Zenith 422,Juguetes y Juegos,Zenith,1262.43,832.91,478,Activo,4.9
PROD-01938,Calculadora Científica Apex 169,Papelería y Oficina,Apex,1280.61,631.88,183,Activo,4.2
PROD-01939,Muñeca Articulada Urban 216,Juguetes y Juegos,Urban,2149.67,1448.02,280,Activo,4.4
PROD-01940,Aspiradora Robot Nova 995,Hogar y Cocina,Nova,2240.82,1541.43,208,Activo,3.9
PROD-01941,Protector Solar Krono 772,Salud y Cuidado Personal,Krono,2267.18,1272.09,305,Activo,3.3
PROD-01942,Carro a Control Remoto EcoLife 901,Juguetes y Juegos,EcoLife,1769.22,1111.94,119,Activo,3.4
PROD-01943,Bandas de Resistencia Apex 441,Deportes y Aire Libre,Apex,4801.24,3356.28,95,Activo,3.0
PROD-01944,Teclado Mecánico Urban 841,Electrónica,Urban,21999.1,14748.62,162,Activo,4.4
PROD-01945,Playera de Algodón Zenith 823,Ropa y Moda,Zenith,1169.81,634.35,440,Activo,3.9
PROD-01946,Cámara DSLR Aero 487,Electrónica,Aero,3679.84,2737.7,389,Activo,4.3
PROD-01947,Bandas de Resistencia EcoLife 241,Deportes y Aire Libre,EcoLife,6854.22,3456.68,177,Activo,3.2
PROD-01948,Mouse Inalámbrico Lumix 533,Electrónica,Lumix,9038.4,5700.81,247,Activo,3.9
PROD-01949,Cuerda para Saltar Apex 957,Deportes y Aire Libre,Apex,1747.32,1188.67,189,Activo,3.2
PROD-01950,Muñeca Articulada ProStyle 778,Juguetes y Juegos,ProStyle,1650.18,999.24,311,Activo,4.0
PROD-01951,Smartphone Pro ProStyle 770,Electrónica,ProStyle,3284.93,2356.66,109,Activo,3.6
PROD-01952,Bocina Portátil Aero 463,Electrónica,Aero,17264.78,11720.36,162,Activo,5.0
PROD-01953,Protector Solar Krono 152,Salud y Cuidado Personal,Krono,2251.7,942.19,456,Activo,3.2
PROD-01954,Peluche Gigante Aero 392,Juguetes y Juegos,Aero,709.23,410.03,496,Activo,3.8
PROD-01955,Freidora de Aire Lumix 848,Hogar y Cocina,Lumix,3271.8,1660.83,356,Activo,3.5
PROD-01956,Cafetera de Goteo Krono 626,Hogar y Cocina,Krono,6405.83,3536.66,415,Activo,4.8
PROD-01957,Bicicleta de Montaña Zenith 966,Deportes y Aire Libre,Zenith,280.54,190.62,5,Activo,4.2
PROD-01958,Casco de Ciclismo Urban 535,Deportes y Aire Libre,Urban,4888.36,2571.98,464,Activo,3.2
PROD-01959,Carro a Control Remoto Nova 328,Juguetes y Juegos,Nova,693.69,377.95,482,Activo,4.2
PROD-01960,Calcetines Transpirables Krono 857,Ropa y Moda,Krono,1621.95,744.72,471,Activo,4.8
PROD-01961,Freidora de Aire Nova 450,Hogar y Cocina,Nova,6699.18,3676.44,258,Activo,3.7
PROD-01962,Cuaderno Profesional Aero 695,Papelería y Oficina,Aero,2109.09,1312.59,247,Activo,3.4
PROD-01963,Mouse Inalámbrico ProStyle 633,Electrónica,ProStyle,14658.74,9342.23,37,Activo,4.5
PROD-01964,Pelota de Fútbol Aero 548,Deportes y Aire Libre,Aero,8067.96,4411.35,5,Activo,4.9
PROD-01965,Laptop Gamer Krono 544,Electrónica,Krono,22011.05,16309.17,205,Activo,4.1
PROD-01966,Pantalón Mezclilla EcoLife 815,Ropa y Moda,EcoLife,540.72,221.61,441,Activo,4.3
PROD-01967,Purificador de Aire Aero 851,Hogar y Cocina,Aero,1370.44,709.81,408,Activo,5.0
PROD-01968,Cuento Infantil Ilustrado Vortex 460,Libros y Entretenimiento,Vortex,1725.02,1053.62,355,Activo,3.2
PROD-01969,Rasuradora Eléctrica ProStyle 386,Salud y Cuidado Personal,ProStyle,1277.02,748.25,230,Activo,3.7
PROD-01970,Cámara DSLR Krono 901,Electrónica,Krono,4821.24,2766.01,401,Activo,4.3
PROD-01971,Playera de Algodón EcoLife 304,Ropa y Moda,EcoLife,654.09,334.75,152,Activo,4.7
PROD-01972,Cámara DSLR Lumix 628,Electrónica,Lumix,13693.04,10113.89,21,Activo,3.0
PROD-01973,Lámpara de Escritorio Aero 495,Hogar y Cocina,Aero,6556.13,4092.82,298,Activo,3.4
PROD-01974,Manual de Cocina EcoLife 968,Libros y Entretenimiento,EcoLife,3374.95,1746.95,382,Activo,3.9
PROD-01975,Muñeca Articulada Aero 214,Juguetes y Juegos,Aero,3478.51,2222.6,331,Activo,4.8
PROD-01976,Muñeca Articulada EcoLife 855,Juguetes y Juegos,EcoLife,783.83,417.4,255,Activo,3.9
PROD-01977,Sudadera con Capucha Vortex 100,Ropa y Moda,Vortex,2140.98,876.18,477,Activo,3.8
PROD-01978,Smartwatch Urban 884,Electrónica,Urban,11246.03,8218.87,39,Activo,3.9
PROD-01979,Gorra Deportiva Lumix 912,Ropa y Moda,Lumix,290.3,181.32,156,Activo,4.7
PROD-01980,Vitaminas Multivitamínicas Nexa 375,Salud y Cuidado Personal,Nexa,66.97,27.47,44,Activo,4.5
PROD-01981,Rompecabezas 1000 piezas Zenith 243,Juguetes y Juegos,Zenith,2965.56,1595.08,335,Activo,3.1
PROD-01982,Guía de Viajes Titan 443,Libros y Entretenimiento,Titan,3174.9,1851.65,358,Activo,4.2
PROD-01983,Sudadera con Capucha Nexa 454,Ropa y Moda,Nexa,2364.61,1180.32,272,Activo,4.3
PROD-01984,Calcetines Transpirables Titan 632,Ropa y Moda,Titan,655.6,381.58,360,Activo,3.5
PROD-01985,Guantes de Gimnasio Nexa 733,Deportes y Aire Libre,Nexa,2717.93,1430.53,449,Activo,3.8
PROD-01986,Calcetines Transpirables ProStyle 959,Ropa y Moda,ProStyle,107.26,47.8,246,Activo,4.8
PROD-01987,Cinturón de Piel Lumix 985,Ropa y Moda,Lumix,428.99,245.58,238,Activo,3.8
PROD-01988,Sudadera con Capucha Lumix 717,Ropa y Moda,Lumix,2266.72,925.62,35,Activo,4.5
PROD-01989,Sartén Antiadherente Aero 834,Hogar y Cocina,Aero,6113.47,4090.32,39,Activo,5.0
PROD-01990,Rasuradora Eléctrica EcoLife 319,Salud y Cuidado Personal,EcoLife,1968.52,950.21,233,Activo,5.0
PROD-01991,Mouse Inalámbrico Zenith 180,Electrónica,Zenith,13284.08,8366.67,120,Activo,3.1
PROD-01992,Manual de Cocina Vortex 451,Libros y Entretenimiento,Vortex,2385.39,1159.58,375,Activo,3.1
PROD-01993,Biografía Histórica Nova 422,Libros y Entretenimiento,Nova,3384.3,1551.65,251,Activo,5.0
PROD-01994,Sartén Antiadherente Nexa 837,Hogar y Cocina,Nexa,8007.56,5286.58,266,Activo,4.3
PROD-01995,Bicicleta de Montaña Nexa 127,Deportes y Aire Libre,Nexa,6858.94,4493.13,173,Activo,3.2
PROD-01996,Mancuernas Ajustables Titan 651,Deportes y Aire Libre,Titan,5767.32,3642.08,33,Activo,3.1
PROD-01997,Cepillo Eléctrico Nova 410,Salud y Cuidado Personal,Nova,446.4,212.18,463,Activo,4.2
PROD-01998,Libro de Finanzas Personales Krono 492,Libros y Entretenimiento,Krono,1023.6,547.09,229,Activo,4.1
PROD-01999,Cinturón de Piel Aero 452,Ropa y Moda,Aero,2350.13,1099.33,269,Activo,4.6
PROD-02000,Laptop Gamer Nova 139,Electrónica,Nova,4481.55,3346.05,407,Activo,4.1
PROD-02001,Bicicleta de Montaña ProStyle 882,Deportes y Aire Libre,ProStyle,4898.62,3261.76,314,Activo,3.3
PROD-02002,Secadora de Cabello Apex 736,Salud y Cuidado Personal,Apex,1798.83,970.76,198,Activo,3.8
PROD-02003,Protector Solar Aero 795,Salud y Cuidado Personal,Aero,2298.43,1136.26,95,Activo,3.5
PROD-02004,Libro de Poesía EcoLife 883,Libros y Entretenimiento,EcoLife,2465.17,1501.25,346,Activo,4.6
PROD-02005,Pelota de Fútbol Urban 441,Deportes y Aire Libre,Urban,5113.01,2942.56,316,Activo,3.2
PROD-02006,Cuerda para Saltar Urban 186,Deportes y Aire Libre,Urban,3122.18,1974.0,374,Activo,4.3
PROD-02007,Cepillo Eléctrico Apex 439,Salud y Cuidado Personal,Apex,955.41,592.32,103,Activo,3.6
PROD-02008,Cepillo Eléctrico Nexa 934,Salud y Cuidado Personal,Nexa,2417.95,1408.59,212,Activo,3.1
PROD-02009,Destrozadora de Papel Nova 419,Papelería y Oficina,Nova,1840.74,936.47,158,Activo,4.4
PROD-02010,Sartén Antiadherente EcoLife 576,Hogar y Cocina,EcoLife,4108.65,2597.93,327,Activo,4.6
PROD-02011,Cuento Infantil Ilustrado Zenith 103,Libros y Entretenimiento,Zenith,866.47,574.8,1,Activo,4.9
PROD-02012,Comic Edición de Colección Apex 117,Libros y Entretenimiento,Apex,2406.25,1608.22,230,Activo,3.4
PROD-02013,Comic Edición de Colección Nova 472,Libros y Entretenimiento,Nova,3132.79,1791.83,137,Activo,3.9
PROD-02014,Cepillo Eléctrico EcoLife 745,Salud y Cuidado Personal,EcoLife,1758.23,872.83,221,Activo,3.5
PROD-02015,Sudadera con Capucha Nova 429,Ropa y Moda,Nova,2433.59,1555.1,448,Activo,4.6
PROD-02016,Botella de Agua Térmica Lumix 735,Deportes y Aire Libre,Lumix,3795.29,2268.1,152,Activo,4.7
PROD-02017,Enciclopedia Ilustrada Krono 389,Libros y Entretenimiento,Krono,3401.03,2019.88,487,Activo,4.3
PROD-02018,Carro a Control Remoto Krono 149,Juguetes y Juegos,Krono,616.63,329.3,70,Activo,3.7
PROD-02019,Licuadora de Alta Potencia Apex 381,Hogar y Cocina,Apex,8360.71,4597.7,417,Activo,4.4
PROD-02020,Bocina Portátil Lumix 928,Electrónica,Lumix,16939.77,11778.89,110,Activo,5.0
PROD-02021,Teclado Mecánico Urban 760,Electrónica,Urban,17053.86,12736.89,67,Activo,4.7
PROD-02022,Kit de Cuidado Facial Vortex 767,Salud y Cuidado Personal,Vortex,1409.93,667.73,322,Activo,4.1
PROD-02023,Cafetera de Goteo Vortex 540,Hogar y Cocina,Vortex,2382.48,1632.93,453,Activo,3.5
PROD-02024,Tablet 10 pulgadas Aero 574,Electrónica,Aero,11000.79,7021.88,405,Activo,3.8
PROD-02025,Lámpara de Escritorio Nexa 924,Hogar y Cocina,Nexa,6608.23,3870.5,446,Activo,3.3
PROD-02026,Silla Ergonómica ProStyle 865,Papelería y Oficina,ProStyle,1216.32,661.92,99,Activo,3.7
PROD-02027,Rompecabezas 1000 piezas Zenith 627,Juguetes y Juegos,Zenith,1863.1,1020.87,88,Activo,3.2
PROD-02028,Sudadera con Capucha Vortex 594,Ropa y Moda,Vortex,1249.58,539.07,87,Activo,3.2
PROD-02029,Libro de Poesía Urban 520,Libros y Entretenimiento,Urban,3495.12,2006.94,221,Activo,4.3
PROD-02030,Tablet 10 pulgadas Vortex 832,Electrónica,Vortex,11549.43,7771.16,124,Activo,4.4
PROD-02031,Pista de Carreras Zenith 630,Juguetes y Juegos,Zenith,2701.96,1713.48,363,Activo,3.0
PROD-02032,Teclado Mecánico EcoLife 520,Electrónica,EcoLife,15207.84,11302.62,85,Activo,3.8
PROD-02033,Bascula Digital Aero 551,Salud y Cuidado Personal,Aero,1312.94,699.7,463,Activo,4.6
PROD-02034,Tenis Deportivos Zenith 766,Ropa y Moda,Zenith,439.8,187.84,433,Activo,4.8
PROD-02035,Dron para Niños Krono 598,Juguetes y Juegos,Krono,3011.44,1607.69,435,Activo,4.4
PROD-02036,Cuaderno Profesional Aero 325,Papelería y Oficina,Aero,409.5,255.42,291,Activo,4.7
PROD-02037,Consola Portátil de Videojuegos Nova 894,Juguetes y Juegos,Nova,3309.08,1492.03,26,Activo,3.3
PROD-02038,Muñeca Articulada EcoLife 153,Juguetes y Juegos,EcoLife,1935.34,975.54,80,Activo,4.0
PROD-02039,Set de Bloques de Construcción Aero 656,Juguetes y Juegos,Aero,2345.76,1444.07,324,Activo,3.9
PROD-02040,Calculadora Científica Aero 617,Papelería y Oficina,Aero,1457.53,794.88,363,Activo,4.2
PROD-02041,Carpeta de Argollas Nova 675,Papelería y Oficina,Nova,2376.76,1154.92,433,Activo,3.4
PROD-02042,Protector Solar Apex 153,Salud y Cuidado Personal,Apex,549.27,308.81,463,Activo,3.8
PROD-02043,Marcadores de Colores Lumix 988,Papelería y Oficina,Lumix,413.49,192.43,217,Activo,3.4
PROD-02044,Crema Hidratante Lumix 314,Salud y Cuidado Personal,Lumix,1729.42,775.48,272,Activo,3.2
PROD-02045,Bascula Digital Apex 898,Salud y Cuidado Personal,Apex,118.77,74.35,497,Activo,4.7
PROD-02046,Pantalón Mezclilla Urban 453,Ropa y Moda,Urban,1338.58,551.19,484,Activo,4.9
PROD-02047,Calculadora Científica Vortex 657,Papelería y Oficina,Vortex,1284.49,604.58,416,Activo,4.2
PROD-02048,Pantalón Mezclilla Krono 545,Ropa y Moda,Krono,415.63,174.41,225,Activo,4.3
PROD-02049,Guía de Viajes Apex 213,Libros y Entretenimiento,Apex,3324.46,1531.47,228,Activo,4.3
PROD-02050,Post-it Adhesivos Vortex 727,Papelería y Oficina,Vortex,256.84,131.95,221,Activo,4.4
PROD-02051,Pantalón Mezclilla Titan 766,Ropa y Moda,Titan,1024.1,558.67,330,Activo,3.9
PROD-02052,Playera de Algodón Aero 936,Ropa y Moda,Aero,469.75,250.91,61,Activo,3.9
PROD-02053,Gorra Deportiva Titan 100,Ropa y Moda,Titan,2480.78,1168.49,232,Activo,3.5
PROD-02054,Gafas de Sol Titan 258,Ropa y Moda,Titan,2173.54,1206.1,359,Activo,4.8
PROD-02055,Juego de Sartenes Nova 922,Hogar y Cocina,Nova,5499.9,3675.86,304,Activo,3.3
PROD-02056,Juego de Cuchillos Titan 118,Hogar y Cocina,Titan,7389.25,5160.49,142,Activo,4.2
PROD-02057,Teclado Mecánico Krono 538,Electrónica,Krono,11816.28,7309.39,274,Activo,4.1
PROD-02058,Tenis Deportivos Urban 579,Ropa y Moda,Urban,288.13,127.39,434,Activo,4.1
PROD-02059,Rompecabezas 1000 piezas ProStyle 430,Juguetes y Juegos,ProStyle,2026.36,1407.82,313,Activo,4.2
PROD-02060,Cámara DSLR Apex 390,Electrónica,Apex,19596.31,12753.76,330,Activo,3.1
PROD-02061,Novela de Ficción ProStyle 751,Libros y Entretenimiento,ProStyle,926.37,498.16,363,Activo,4.6
PROD-02062,Tenis Deportivos Apex 995,Ropa y Moda,Apex,2255.97,1424.45,438,Activo,4.4
PROD-02063,Cámara DSLR Nexa 630,Electrónica,Nexa,22414.76,15115.25,74,Activo,3.2
PROD-02064,Libro de Poesía Vortex 132,Libros y Entretenimiento,Vortex,3395.45,2134.35,113,Activo,4.3
PROD-02065,Carpeta de Argollas Titan 292,Papelería y Oficina,Titan,2122.7,1124.46,178,Activo,4.7
PROD-02066,Playera de Algodón Vortex 870,Ropa y Moda,Vortex,1361.62,723.16,81,Activo,4.3
PROD-02067,Bicicleta de Montaña Krono 318,Deportes y Aire Libre,Krono,2420.3,1243.74,138,Activo,4.4
PROD-02068,Set de Bloques de Construcción ProStyle 318,Juguetes y Juegos,ProStyle,1570.02,931.8,114,Activo,4.7
PROD-02069,Gafas de Sol Lumix 211,Ropa y Moda,Lumix,1389.95,682.26,149,Activo,3.5
PROD-02070,Calcetines Transpirables Nexa 614,Ropa y Moda,Nexa,1103.38,695.04,385,Activo,5.0
PROD-02071,Rasuradora Eléctrica Lumix 117,Salud y Cuidado Personal,Lumix,2308.14,1321.47,197,Activo,3.4
PROD-02072,Destrozadora de Papel Apex 177,Papelería y Oficina,Apex,1990.85,911.92,30,Activo,3.8
PROD-02073,Teclado Mecánico Apex 221,Electrónica,Apex,12619.85,9051.58,212,Activo,4.2
PROD-02074,Libro de Finanzas Personales Apex 188,Libros y Entretenimiento,Apex,633.24,375.22,308,Activo,4.2
PROD-02075,Audífonos Bluetooth Lumix 304,Electrónica,Lumix,14940.69,10908.71,64,Activo,4.0
PROD-02076,Kit de Pintura Nexa 581,Juguetes y Juegos,Nexa,3239.55,1593.62,344,Activo,3.3
PROD-02077,Laptop Gamer Lumix 678,Electrónica,Lumix,7150.08,4327.5,217,Activo,4.5
PROD-02078,Kit de Pintura Vortex 341,Juguetes y Juegos,Vortex,3410.72,2025.19,184,Activo,3.3
PROD-02079,Crema Hidratante Titan 438,Salud y Cuidado Personal,Titan,2308.61,1377.33,358,Activo,3.1
PROD-02080,Audífonos Bluetooth Nexa 343,Electrónica,Nexa,8190.52,5941.07,315,Activo,3.8
PROD-02081,Sartén Antiadherente Krono 586,Hogar y Cocina,Krono,7864.46,3967.78,145,Activo,4.0
PROD-02082,Guía de Viajes Krono 722,Libros y Entretenimiento,Krono,867.78,507.11,343,Activo,4.8
PROD-02083,Sartén Antiadherente Nexa 614,Hogar y Cocina,Nexa,2173.6,1346.61,322,Activo,4.9
PROD-02084,Mancuernas Ajustables ProStyle 794,Deportes y Aire Libre,ProStyle,8288.45,5544.46,82,Activo,3.0
PROD-02085,Gel Antiséptico Vortex 991,Salud y Cuidado Personal,Vortex,176.64,113.01,386,Activo,4.5
PROD-02086,Gel Antiséptico Aero 781,Salud y Cuidado Personal,Aero,571.69,230.92,478,Activo,4.8
PROD-02087,Botella de Agua Térmica Vortex 187,Deportes y Aire Libre,Vortex,3462.82,2123.57,355,Activo,3.7
PROD-02088,Tenis Deportivos Lumix 854,Ropa y Moda,Lumix,1899.03,894.84,88,Activo,4.4
PROD-02089,Sudadera con Capucha EcoLife 305,Ropa y Moda,EcoLife,1286.56,547.13,164,Activo,3.1
PROD-02090,Gafas de Sol Titan 833,Ropa y Moda,Titan,1050.91,642.22,257,Activo,3.2
PROD-02091,Guía de Viajes Apex 993,Libros y Entretenimiento,Apex,2999.48,1738.09,370,Activo,4.0
PROD-02092,Casco de Ciclismo ProStyle 247,Deportes y Aire Libre,ProStyle,3936.91,2303.32,105,Activo,4.8
PROD-02093,Libro de Desarrollo Personal Vortex 298,Libros y Entretenimiento,Vortex,1550.81,858.39,241,Activo,4.1
PROD-02094,Bascula Digital Vortex 801,Salud y Cuidado Personal,Vortex,1981.6,1234.51,155,Activo,3.3
PROD-02095,Monitor 4K Nexa 479,Electrónica,Nexa,589.35,361.17,311,Activo,4.4
PROD-02096,Tablet 10 pulgadas Lumix 489,Electrónica,Lumix,23602.6,14655.08,282,Activo,4.5
PROD-02097,Rasuradora Eléctrica Titan 317,Salud y Cuidado Personal,Titan,350.63,170.13,69,Activo,3.7
PROD-02098,Biografía Histórica Lumix 865,Libros y Entretenimiento,Lumix,1799.82,912.95,42,Activo,3.6
PROD-02099,Vestido Casual Nova 789,Ropa y Moda,Nova,1377.3,888.44,97,Activo,4.5
PROD-02100,Tablet 10 pulgadas Vortex 200,Electrónica,Vortex,21251.61,15816.84,436,Activo,4.7
PROD-02101,Gorra Deportiva Nexa 406,Ropa y Moda,Nexa,1435.5,832.59,497,Activo,3.9
PROD-02102,Bandas de Resistencia ProStyle 618,Deportes y Aire Libre,ProStyle,6818.69,4396.48,75,Activo,3.1
PROD-02103,Playera de Algodón Aero 170,Ropa y Moda,Aero,110.81,65.31,123,Activo,3.2
PROD-02104,Aspiradora Robot Titan 443,Hogar y Cocina,Titan,6142.28,3738.51,320,Activo,4.0
PROD-02105,Sartén Antiadherente Zenith 580,Hogar y Cocina,Zenith,3462.05,1992.53,442,Activo,4.0
PROD-02106,Muñeca Articulada Nova 781,Juguetes y Juegos,Nova,2751.89,1339.16,449,Activo,3.3
PROD-02107,Purificador de Aire Titan 622,Hogar y Cocina,Titan,330.57,191.79,437,Activo,5.0
PROD-02108,Cuerda para Saltar Nova 473,Deportes y Aire Libre,Nova,3763.37,2424.76,180,Activo,4.4
PROD-02109,Manual de Cocina Aero 342,Libros y Entretenimiento,Aero,799.67,520.36,349,Activo,3.9
PROD-02110,Mochila de Senderismo Nova 711,Deportes y Aire Libre,Nova,5642.91,2828.21,321,Activo,4.0
PROD-02111,Carro a Control Remoto EcoLife 398,Juguetes y Juegos,EcoLife,181.67,104.11,274,Activo,4.2
PROD-02112,Consola Portátil de Videojuegos Aero 155,Juguetes y Juegos,Aero,1126.18,620.94,24,Activo,4.6
PROD-02113,Audífonos Bluetooth Titan 377,Electrónica,Titan,11496.24,7353.74,95,Activo,4.1
PROD-02114,Masajeador Cervical Vortex 928,Salud y Cuidado Personal,Vortex,127.31,51.68,226,Activo,4.1
PROD-02115,Masajeador Cervical Zenith 745,Salud y Cuidado Personal,Zenith,1956.36,912.21,79,Activo,4.7
PROD-02116,Set de Bloques de Construcción Krono 481,Juguetes y Juegos,Krono,2000.36,996.3,304,Activo,4.9
PROD-02117,Manual de Cocina Titan 932,Libros y Entretenimiento,Titan,1694.21,1162.74,476,Activo,4.2
PROD-02118,Tablet 10 pulgadas Titan 712,Electrónica,Titan,21616.91,12372.24,14,Activo,4.1
PROD-02119,Cuerda para Saltar Urban 471,Deportes y Aire Libre,Urban,6672.48,3598.23,461,Activo,4.3
PROD-02120,Vestido Casual Lumix 231,Ropa y Moda,Lumix,359.12,221.0,242,Activo,3.0
PROD-02121,Sartén Antiadherente EcoLife 206,Hogar y Cocina,EcoLife,5475.79,2964.48,65,Activo,4.5
PROD-02122,Juego de Cuchillos Aero 806,Hogar y Cocina,Aero,4044.8,2048.45,87,Activo,4.5
PROD-02123,Teclado Mecánico Lumix 377,Electrónica,Lumix,8849.93,4982.77,431,Activo,4.0
PROD-02124,Botella de Agua Térmica ProStyle 596,Deportes y Aire Libre,ProStyle,1650.85,968.42,328,Activo,3.5
PROD-02125,Gorra Deportiva Aero 278,Ropa y Moda,Aero,1834.57,762.44,63,Activo,4.8
PROD-02126,Botella de Agua Térmica Vortex 493,Deportes y Aire Libre,Vortex,5795.84,3110.36,24,Activo,3.3
PROD-02127,Tapete de Yoga Aero 404,Deportes y Aire Libre,Aero,6814.78,4337.73,351,Activo,4.9
PROD-02128,Cuento Infantil Ilustrado Nexa 763,Libros y Entretenimiento,Nexa,1786.3,1066.4,392,Activo,3.3
PROD-02129,Secadora de Cabello Krono 949,Salud y Cuidado Personal,Krono,928.13,424.0,372,Activo,3.5
PROD-02130,Engrapadora Industrial Lumix 753,Papelería y Oficina,Lumix,342.1,165.42,398,Activo,4.8
PROD-02131,Cuaderno Profesional Urban 326,Papelería y Oficina,Urban,344.7,200.38,313,Activo,3.6
PROD-02132,Comic Edición de Colección Aero 380,Libros y Entretenimiento,Aero,2710.08,1272.51,488,Activo,4.2
PROD-02133,Tapete de Yoga Vortex 435,Deportes y Aire Libre,Vortex,8304.94,4851.98,344,Activo,4.5
PROD-02134,Bicicleta de Montaña Vortex 694,Deportes y Aire Libre,Vortex,7331.82,4580.89,137,Activo,3.5
PROD-02135,Cuaderno Profesional Aero 128,Papelería y Oficina,Aero,2144.2,1187.86,80,Activo,4.5
PROD-02136,Muñeca Articulada Urban 996,Juguetes y Juegos,Urban,1387.42,932.44,1,Activo,3.7
PROD-02137,Comic Edición de Colección ProStyle 438,Libros y Entretenimiento,ProStyle,3212.6,2025.12,250,Activo,3.6
PROD-02138,Gorra Deportiva Lumix 969,Ropa y Moda,Lumix,1148.44,470.65,272,Activo,3.2
PROD-02139,Teclado Mecánico EcoLife 980,Electrónica,EcoLife,15026.01,8363.54,52,Activo,3.1
PROD-02140,Destrozadora de Papel EcoLife 754,Papelería y Oficina,EcoLife,1143.4,595.13,167,Activo,4.5
PROD-02141,Masajeador Cervical Lumix 231,Salud y Cuidado Personal,Lumix,245.3,112.0,287,Activo,4.2
PROD-02142,Muñeca Articulada Aero 204,Juguetes y Juegos,Aero,1599.63,765.91,282,Activo,4.6
PROD-02143,Bocina Portátil Aero 398,Electrónica,Aero,5285.17,3383.62,255,Activo,3.1
PROD-02144,Set de Bloques de Construcción Aero 611,Juguetes y Juegos,Aero,750.69,383.52,265,Activo,3.1
PROD-02145,Cuento Infantil Ilustrado Vortex 447,Libros y Entretenimiento,Vortex,605.77,374.32,383,Activo,4.2
PROD-02146,Post-it Adhesivos ProStyle 545,Papelería y Oficina,ProStyle,530.11,331.07,111,Activo,3.2
PROD-02147,Licuadora de Alta Potencia Nexa 682,Hogar y Cocina,Nexa,1669.7,1158.26,208,Activo,4.2
PROD-02148,Pista de Carreras Nexa 101,Juguetes y Juegos,Nexa,2341.58,1100.86,493,Activo,3.9
PROD-02149,Sudadera con Capucha Aero 964,Ropa y Moda,Aero,1509.44,653.37,260,Activo,4.0
PROD-02150,Novela de Ficción EcoLife 275,Libros y Entretenimiento,EcoLife,1767.33,942.56,390,Activo,4.6
PROD-02151,Engrapadora Industrial Nexa 941,Papelería y Oficina,Nexa,252.79,128.39,470,Activo,3.6
PROD-02152,Guantes de Gimnasio Nova 897,Deportes y Aire Libre,Nova,6280.63,3698.59,293,Activo,3.7
PROD-02153,Enciclopedia Ilustrada Titan 307,Libros y Entretenimiento,Titan,798.2,464.55,89,Activo,4.1
PROD-02154,Guía de Viajes EcoLife 641,Libros y Entretenimiento,EcoLife,1659.59,888.12,112,Activo,3.4
PROD-02155,Libro de Desarrollo Personal Aero 507,Libros y Entretenimiento,Aero,2135.95,1366.16,378,Activo,4.8
PROD-02156,Audífonos Bluetooth Lumix 516,Electrónica,Lumix,10753.69,7893.66,195,Activo,3.2
PROD-02157,Tapete de Yoga Zenith 345,Deportes y Aire Libre,Zenith,7464.93,4368.79,329,Activo,3.9
PROD-02158,Cuaderno Profesional Krono 144,Papelería y Oficina,Krono,1293.44,553.37,206,Activo,4.4
PROD-02159,Freidora de Aire Nova 446,Hogar y Cocina,Nova,6777.41,3484.49,358,Activo,3.7
PROD-02160,Guantes de Gimnasio Lumix 709,Deportes y Aire Libre,Lumix,7331.62,4278.24,413,Activo,3.3
PROD-02161,Manual de Cocina Vortex 889,Libros y Entretenimiento,Vortex,2298.52,1275.24,280,Activo,3.8
PROD-02162,Muñeca Articulada Nexa 731,Juguetes y Juegos,Nexa,150.08,85.99,348,Activo,3.5
PROD-02163,Libro de Finanzas Personales Apex 355,Libros y Entretenimiento,Apex,3133.41,2030.57,219,Activo,4.5
PROD-02164,Juego de Sartenes Apex 642,Hogar y Cocina,Apex,5990.27,3832.14,231,Activo,4.6
PROD-02165,Bicicleta de Montaña ProStyle 595,Deportes y Aire Libre,ProStyle,7468.13,3954.71,47,Activo,3.1
PROD-02166,Libro de Poesía Titan 499,Libros y Entretenimiento,Titan,1944.79,1126.21,474,Activo,3.8
PROD-02167,Gafas de Sol Titan 981,Ropa y Moda,Titan,1399.1,894.71,311,Activo,3.6
PROD-02168,Set de Bolígrafos Nova 261,Papelería y Oficina,Nova,2426.47,1530.52,252,Activo,3.3
PROD-02169,Enciclopedia Ilustrada Lumix 706,Libros y Entretenimiento,Lumix,280.79,130.92,71,Activo,3.5
PROD-02170,Protector Solar ProStyle 917,Salud y Cuidado Personal,ProStyle,158.36,65.77,52,Activo,3.8
PROD-02171,Silla Ergonómica Urban 997,Papelería y Oficina,Urban,422.62,258.12,4,Activo,4.1
PROD-02172,Sartén Antiadherente ProStyle 991,Hogar y Cocina,ProStyle,1075.64,634.95,140,Activo,3.1
PROD-02173,Comic Edición de Colección Zenith 645,Libros y Entretenimiento,Zenith,1938.45,1350.41,443,Activo,4.3
PROD-02174,Mouse Inalámbrico Apex 500,Electrónica,Apex,7357.2,4080.57,236,Activo,4.9
PROD-02175,Botella de Agua Térmica Apex 264,Deportes y Aire Libre,Apex,4852.63,3057.18,470,Activo,4.3
PROD-02176,Licuadora de Alta Potencia Aero 243,Hogar y Cocina,Aero,7746.83,4148.6,387,Activo,3.0
PROD-02177,Smartwatch Titan 376,Electrónica,Titan,24596.36,14218.9,216,Activo,4.7
PROD-02178,Protector Solar ProStyle 445,Salud y Cuidado Personal,ProStyle,839.03,407.0,72,Activo,3.5
PROD-02179,Calculadora Científica Lumix 842,Papelería y Oficina,Lumix,475.99,209.46,437,Activo,4.7
PROD-02180,Bicicleta de Montaña Krono 869,Deportes y Aire Libre,Krono,2054.86,1330.67,378,Activo,3.5
PROD-02181,Chamarra de Pluma EcoLife 632,Ropa y Moda,EcoLife,460.49,290.98,89,Activo,3.8
PROD-02182,Calculadora Científica Apex 160,Papelería y Oficina,Apex,2227.08,912.19,179,Activo,3.4
PROD-02183,Cepillo Eléctrico Nexa 539,Salud y Cuidado Personal,Nexa,1515.92,869.04,361,Activo,3.2
PROD-02184,Libro de Desarrollo Personal Lumix 336,Libros y Entretenimiento,Lumix,411.06,272.75,173,Activo,4.4
PROD-02185,Biografía Histórica Lumix 551,Libros y Entretenimiento,Lumix,2470.66,1343.86,411,Activo,4.8
PROD-02186,Chamarra de Pluma ProStyle 588,Ropa y Moda,ProStyle,1762.84,904.2,152,Activo,4.9
PROD-02187,Bocina Portátil Apex 874,Electrónica,Apex,11550.77,8365.67,470,Activo,3.4
PROD-02188,Marcadores de Colores Zenith 584,Papelería y Oficina,Zenith,463.81,278.85,192,Activo,4.7
PROD-02189,Carpeta de Argollas Apex 266,Papelería y Oficina,Apex,2405.22,1056.16,161,Activo,4.0
PROD-02190,Juego de Mesa Familiar Aero 618,Juguetes y Juegos,Aero,503.8,284.66,366,Activo,3.6
PROD-02191,Audífonos Bluetooth Krono 587,Electrónica,Krono,1385.33,992.97,288,Activo,4.7
PROD-02192,Cámara DSLR Lumix 200,Electrónica,Lumix,21193.98,15875.38,471,Activo,4.1
PROD-02193,Bicicleta de Montaña Urban 433,Deportes y Aire Libre,Urban,7030.67,3908.89,332,Activo,4.5
PROD-02194,Pantalón Mezclilla EcoLife 243,Ropa y Moda,EcoLife,1663.62,761.75,346,Activo,4.6
PROD-02195,Freidora de Aire Vortex 153,Hogar y Cocina,Vortex,3700.34,1917.13,364,Activo,3.0
PROD-02196,Aspiradora Robot Nova 873,Hogar y Cocina,Nova,1113.48,666.27,21,Activo,4.4
PROD-02197,Secadora de Cabello Urban 777,Salud y Cuidado Personal,Urban,2453.59,1242.16,104,Activo,3.4
PROD-02198,Botella de Agua Térmica Apex 323,Deportes y Aire Libre,Apex,3736.69,2319.16,156,Activo,4.2
PROD-02199,Dron para Niños Aero 777,Juguetes y Juegos,Aero,2463.31,1676.04,164,Activo,3.5
PROD-02200,Smartphone Pro EcoLife 580,Electrónica,EcoLife,1252.69,721.47,331,Activo,4.7
PROD-02201,Kit de Cuidado Facial ProStyle 246,Salud y Cuidado Personal,ProStyle,852.52,516.25,217,Activo,4.6
PROD-02202,Bicicleta de Montaña Aero 666,Deportes y Aire Libre,Aero,7410.46,3794.33,141,Activo,4.4
PROD-02203,Vestido Casual Nova 525,Ropa y Moda,Nova,1250.81,799.17,90,Activo,3.2
PROD-02204,Tenis Deportivos Urban 856,Ropa y Moda,Urban,1195.13,770.2,331,Activo,4.3
PROD-02205,Crema Hidratante Zenith 512,Salud y Cuidado Personal,Zenith,2158.22,1062.32,143,Activo,4.4
PROD-02206,Consola Portátil de Videojuegos EcoLife 136,Juguetes y Juegos,EcoLife,1695.96,1089.59,366,Activo,4.7
PROD-02207,Bandas de Resistencia Nova 575,Deportes y Aire Libre,Nova,1898.8,1264.02,92,Activo,3.2
PROD-02208,Engrapadora Industrial Urban 821,Papelería y Oficina,Urban,1635.07,1046.52,269,Activo,3.3
PROD-02209,Casco de Ciclismo Krono 327,Deportes y Aire Libre,Krono,6489.46,3350.77,143,Activo,3.7
PROD-02210,Bicicleta de Montaña Lumix 672,Deportes y Aire Libre,Lumix,3365.27,2200.18,171,Activo,3.3
PROD-02211,Freidora de Aire Apex 167,Hogar y Cocina,Apex,3836.6,2459.18,164,Activo,3.5
PROD-02212,Libro de Desarrollo Personal Nexa 652,Libros y Entretenimiento,Nexa,1473.83,982.83,48,Activo,3.5
PROD-02213,Cepillo Eléctrico Nova 773,Salud y Cuidado Personal,Nova,310.51,125.22,445,Activo,4.8
PROD-02214,Bicicleta de Montaña Apex 269,Deportes y Aire Libre,Apex,7244.23,3671.25,296,Activo,3.3
PROD-02215,Sudadera con Capucha Zenith 143,Ropa y Moda,Zenith,321.44,197.56,404,Activo,4.6
PROD-02216,Carro a Control Remoto Apex 258,Juguetes y Juegos,Apex,2384.77,1409.53,39,Activo,3.9
PROD-02217,Organizador de Escritorio EcoLife 202,Papelería y Oficina,EcoLife,2229.25,1094.31,374,Activo,4.3
PROD-02218,Licuadora de Alta Potencia Nova 811,Hogar y Cocina,Nova,2735.37,1663.73,168,Activo,4.3
PROD-02219,Rompecabezas 1000 piezas Nexa 668,Juguetes y Juegos,Nexa,3365.56,1667.69,478,Activo,4.7
PROD-02220,Rasuradora Eléctrica Apex 983,Salud y Cuidado Personal,Apex,909.33,413.72,214,Activo,3.2
PROD-02221,Secadora de Cabello Krono 352,Salud y Cuidado Personal,Krono,2417.83,1225.15,463,Activo,4.5
PROD-02222,Juego de Sartenes Titan 681,Hogar y Cocina,Titan,456.74,237.17,324,Activo,4.0
PROD-02223,Smartphone Pro Apex 249,Electrónica,Apex,22744.76,14130.04,422,Activo,4.3
PROD-02224,Pelota de Fútbol ProStyle 671,Deportes y Aire Libre,ProStyle,6740.13,3778.44,145,Activo,4.4
PROD-02225,Libro de Poesía EcoLife 339,Libros y Entretenimiento,EcoLife,3388.7,1773.42,339,Activo,4.6
PROD-02226,Muñeca Articulada Aero 875,Juguetes y Juegos,Aero,530.15,247.8,8,Activo,3.9
PROD-02227,Marcadores de Colores EcoLife 390,Papelería y Oficina,EcoLife,386.86,203.29,213,Activo,4.0
PROD-02228,Juego de Sartenes Lumix 304,Hogar y Cocina,Lumix,514.05,261.3,240,Activo,3.4
PROD-02229,Biografía Histórica Urban 849,Libros y Entretenimiento,Urban,1484.31,822.14,64,Activo,4.1
PROD-02230,Silla Ergonómica Krono 542,Papelería y Oficina,Krono,2217.85,891.7,5,Activo,4.1
PROD-02231,Set de Bloques de Construcción Nova 246,Juguetes y Juegos,Nova,3318.14,1560.19,248,Activo,3.8
PROD-02232,Destrozadora de Papel ProStyle 972,Papelería y Oficina,ProStyle,126.73,81.39,149,Activo,4.2
PROD-02233,Sudadera con Capucha Nova 915,Ropa y Moda,Nova,2017.55,1289.11,302,Activo,4.3
PROD-02234,Mouse Inalámbrico Apex 465,Electrónica,Apex,3743.34,2700.74,153,Activo,4.2
PROD-02235,Crema Hidratante Aero 127,Salud y Cuidado Personal,Aero,1271.15,566.19,79,Activo,5.0
PROD-02236,Smartwatch Titan 609,Electrónica,Titan,14246.85,10045.21,429,Activo,3.7
PROD-02237,Libro de Desarrollo Personal Titan 470,Libros y Entretenimiento,Titan,1106.71,609.2,468,Activo,3.6
PROD-02238,Gorra Deportiva Apex 616,Ropa y Moda,Apex,2214.03,1218.97,247,Activo,3.7
PROD-02239,Set de Bloques de Construcción Lumix 643,Juguetes y Juegos,Lumix,1602.54,999.87,263,Activo,4.2
PROD-02240,Vitaminas Multivitamínicas Apex 918,Salud y Cuidado Personal,Apex,1330.38,581.24,110,Activo,4.5
PROD-02241,Lámpara de Escritorio Nexa 779,Hogar y Cocina,Nexa,1823.53,1146.6,54,Activo,4.7
PROD-02242,Guantes de Gimnasio Urban 533,Deportes y Aire Libre,Urban,2536.71,1334.36,280,Activo,3.9
PROD-02243,Carro a Control Remoto Titan 392,Juguetes y Juegos,Titan,323.85,157.99,456,Activo,3.7
PROD-02244,Licuadora de Alta Potencia ProStyle 211,Hogar y Cocina,ProStyle,5963.92,3461.11,102,Activo,3.8
PROD-02245,Mancuernas Ajustables Apex 853,Deportes y Aire Libre,Apex,5475.17,3426.7,335,Activo,4.7
PROD-02246,Teclado Mecánico Zenith 778,Electrónica,Zenith,11121.87,7402.02,379,Activo,4.5
PROD-02247,Juego de Sartenes Lumix 958,Hogar y Cocina,Lumix,8385.81,5370.12,87,Activo,3.2
PROD-02248,Set de Bolígrafos Zenith 173,Papelería y Oficina,Zenith,2211.61,1223.4,493,Activo,4.1
PROD-02249,Protector Solar Krono 499,Salud y Cuidado Personal,Krono,117.84,71.53,95,Activo,4.9
PROD-02250,Cepillo Eléctrico Krono 195,Salud y Cuidado Personal,Krono,1725.92,852.73,274,Activo,3.3
PROD-02251,Pista de Carreras Lumix 392,Juguetes y Juegos,Lumix,3362.71,2313.85,423,Activo,3.1
PROD-02252,Mancuernas Ajustables Nexa 499,Deportes y Aire Libre,Nexa,7920.15,4987.17,487,Activo,3.9
PROD-02253,Chamarra de Pluma Zenith 565,Ropa y Moda,Zenith,224.98,105.98,466,Activo,3.6
PROD-02254,Dron para Niños Zenith 295,Juguetes y Juegos,Zenith,2129.92,1373.95,435,Activo,3.3
PROD-02255,Juego de Cuchillos Apex 416,Hogar y Cocina,Apex,8297.52,4862.98,120,Activo,4.9
PROD-02256,Comic Edición de Colección EcoLife 316,Libros y Entretenimiento,EcoLife,1775.59,1110.32,421,Activo,4.9
PROD-02257,Libro de Poesía EcoLife 793,Libros y Entretenimiento,EcoLife,3288.52,1691.89,389,Activo,3.5
PROD-02258,Novela de Ficción Vortex 670,Libros y Entretenimiento,Vortex,2519.76,1258.59,141,Activo,5.0
PROD-02259,Dron para Niños Apex 710,Juguetes y Juegos,Apex,2585.03,1189.08,419,Activo,4.7
PROD-02260,Aspiradora Robot Lumix 815,Hogar y Cocina,Lumix,1349.92,938.49,303,Activo,3.7
PROD-02261,Silla Ergonómica EcoLife 555,Papelería y Oficina,EcoLife,1660.32,940.3,374,Activo,4.1
PROD-02262,Mouse Inalámbrico Urban 943,Electrónica,Urban,20005.69,11286.14,382,Activo,3.8
PROD-02263,Crema Hidratante Apex 877,Salud y Cuidado Personal,Apex,2077.63,1273.91,350,Activo,4.0
PROD-02264,Vestido Casual ProStyle 287,Ropa y Moda,ProStyle,603.97,283.85,415,Activo,4.5
PROD-02265,Cuerda para Saltar EcoLife 868,Deportes y Aire Libre,EcoLife,4616.57,3093.08,324,Activo,3.3
PROD-02266,Cinturón de Piel Zenith 545,Ropa y Moda,Zenith,1947.32,1197.01,160,Activo,4.2
PROD-02267,Licuadora de Alta Potencia Nexa 766,Hogar y Cocina,Nexa,6799.84,3912.04,249,Activo,3.2
PROD-02268,Chamarra de Pluma Apex 362,Ropa y Moda,Apex,851.85,439.24,456,Activo,4.7
PROD-02269,Juego de Sartenes Vortex 237,Hogar y Cocina,Vortex,521.02,266.72,486,Activo,4.4
PROD-02270,Aspiradora Robot Titan 528,Hogar y Cocina,Titan,5224.51,3147.46,17,Activo,4.4
PROD-02271,Bicicleta de Montaña Nova 569,Deportes y Aire Libre,Nova,4021.38,2049.82,41,Activo,3.9
PROD-02272,Guía de Viajes EcoLife 195,Libros y Entretenimiento,EcoLife,2438.9,1495.76,204,Activo,4.9
PROD-02273,Enciclopedia Ilustrada Titan 758,Libros y Entretenimiento,Titan,2442.23,1382.6,468,Activo,3.4
PROD-02274,Bocina Portátil Nova 126,Electrónica,Nova,14944.45,9394.61,322,Activo,4.8
PROD-02275,Guantes de Gimnasio Zenith 996,Deportes y Aire Libre,Zenith,1457.29,851.11,115,Activo,3.1
PROD-02276,Crema Hidratante Krono 340,Salud y Cuidado Personal,Krono,1214.74,677.53,108,Activo,4.9
PROD-02277,Rasuradora Eléctrica Apex 689,Salud y Cuidado Personal,Apex,155.2,99.2,18,Activo,4.1
PROD-02278,Libro de Poesía Titan 539,Libros y Entretenimiento,Titan,2361.32,1097.02,203,Activo,4.5
PROD-02279,Licuadora de Alta Potencia Zenith 732,Hogar y Cocina,Zenith,3366.55,1693.03,380,Activo,4.4
PROD-02280,Masajeador Cervical Lumix 765,Salud y Cuidado Personal,Lumix,1418.95,711.4,33,Activo,4.7
PROD-02281,Enciclopedia Ilustrada Zenith 248,Libros y Entretenimiento,Zenith,574.42,338.98,117,Activo,3.8
PROD-02282,Bocina Portátil Apex 127,Electrónica,Apex,2084.16,1380.37,165,Activo,3.3
PROD-02283,Cinturón de Piel Zenith 958,Ropa y Moda,Zenith,1903.27,874.94,287,Activo,4.8
PROD-02284,Playera de Algodón Apex 326,Ropa y Moda,Apex,1904.47,992.49,311,Activo,3.1
PROD-02285,Lámpara de Escritorio Zenith 570,Hogar y Cocina,Zenith,5437.4,3795.45,311,Activo,3.5
PROD-02286,Audífonos Bluetooth Vortex 642,Electrónica,Vortex,23765.26,13620.27,28,Activo,3.9
PROD-02287,Bicicleta de Montaña Zenith 766,Deportes y Aire Libre,Zenith,7981.77,5011.68,224,Activo,4.2
PROD-02288,Sudadera con Capucha EcoLife 251,Ropa y Moda,EcoLife,1664.93,845.13,349,Activo,3.6
PROD-02289,Cuaderno Profesional Aero 529,Papelería y Oficina,Aero,2137.85,991.1,178,Activo,3.3
PROD-02290,Sudadera con Capucha Krono 734,Ropa y Moda,Krono,1871.93,1042.95,24,Activo,4.4
PROD-02291,Cuerda para Saltar EcoLife 298,Deportes y Aire Libre,EcoLife,8238.98,4355.83,482,Activo,4.7
PROD-02292,Mochila de Senderismo Aero 647,Deportes y Aire Libre,Aero,7355.22,4293.61,21,Activo,3.5
PROD-02293,Tapete de Yoga EcoLife 353,Deportes y Aire Libre,EcoLife,3630.98,2436.32,424,Activo,3.2
PROD-02294,Smartphone Pro Nexa 267,Electrónica,Nexa,2857.26,1926.53,327,Activo,4.2
PROD-02295,Carpeta de Argollas Apex 227,Papelería y Oficina,Apex,1790.11,1020.15,255,Activo,3.3
PROD-02296,Secadora de Cabello Nova 808,Salud y Cuidado Personal,Nova,2345.36,1059.44,482,Activo,4.3
PROD-02297,Set de Bloques de Construcción Nexa 103,Juguetes y Juegos,Nexa,3313.53,1967.58,492,Activo,3.3
PROD-02298,Smartphone Pro Urban 983,Electrónica,Urban,3268.57,2401.57,170,Activo,3.5
PROD-02299,Mochila de Senderismo EcoLife 923,Deportes y Aire Libre,EcoLife,697.52,427.56,278,Activo,4.8
PROD-02300,Carro a Control Remoto Nexa 251,Juguetes y Juegos,Nexa,469.51,239.37,360,Activo,3.6
PROD-02301,Calcetines Transpirables Urban 807,Ropa y Moda,Urban,1119.3,571.07,312,Activo,3.0
PROD-02302,Libro de Poesía Nexa 660,Libros y Entretenimiento,Nexa,662.23,377.66,296,Activo,3.2
PROD-02303,Protector Solar Zenith 434,Salud y Cuidado Personal,Zenith,636.42,362.87,418,Activo,4.1
PROD-02304,Juego de Mesa Familiar Zenith 176,Juguetes y Juegos,Zenith,799.55,536.33,108,Activo,4.3
PROD-02305,Cuento Infantil Ilustrado ProStyle 840,Libros y Entretenimiento,ProStyle,2276.84,1521.68,409,Activo,3.2
PROD-02306,Biografía Histórica EcoLife 140,Libros y Entretenimiento,EcoLife,710.07,407.15,232,Activo,3.5
PROD-02307,Casco de Ciclismo Titan 494,Deportes y Aire Libre,Titan,7352.69,4719.44,68,Activo,3.7
PROD-02308,Enciclopedia Ilustrada Aero 119,Libros y Entretenimiento,Aero,2352.01,1087.13,409,Activo,3.6
PROD-02309,Playera de Algodón Lumix 170,Ropa y Moda,Lumix,1758.5,849.6,458,Activo,4.2
PROD-02310,Masajeador Cervical Urban 315,Salud y Cuidado Personal,Urban,2074.35,885.23,178,Activo,4.6
PROD-02311,Bascula Digital EcoLife 373,Salud y Cuidado Personal,EcoLife,1264.33,751.46,324,Activo,3.3
PROD-02312,Cuerda para Saltar Nova 690,Deportes y Aire Libre,Nova,2296.7,1300.87,391,Activo,3.3
PROD-02313,Libro de Finanzas Personales EcoLife 661,Libros y Entretenimiento,EcoLife,1965.24,1369.01,495,Activo,4.1
PROD-02314,Dron para Niños Apex 463,Juguetes y Juegos,Apex,2922.27,1592.73,28,Activo,4.9
PROD-02315,Freidora de Aire Urban 125,Hogar y Cocina,Urban,6202.94,4329.64,36,Activo,4.1
PROD-02316,Pantalón Mezclilla Urban 592,Ropa y Moda,Urban,715.61,405.82,451,Activo,4.2
PROD-02317,Crema Hidratante Titan 175,Salud y Cuidado Personal,Titan,1923.88,989.61,403,Activo,3.2
PROD-02318,Botella de Agua Térmica Zenith 824,Deportes y Aire Libre,Zenith,2335.15,1281.39,119,Activo,4.5
PROD-02319,Chamarra de Pluma Vortex 654,Ropa y Moda,Vortex,331.37,147.9,145,Activo,3.7
PROD-02320,Peluche Gigante Aero 541,Juguetes y Juegos,Aero,1899.71,943.59,366,Activo,3.8
PROD-02321,Mouse Inalámbrico EcoLife 586,Electrónica,EcoLife,19112.32,13166.65,337,Activo,4.7
PROD-02322,Marcadores de Colores Lumix 866,Papelería y Oficina,Lumix,2382.17,1249.34,237,Activo,4.7
PROD-02323,Rasuradora Eléctrica ProStyle 274,Salud y Cuidado Personal,ProStyle,729.22,443.82,157,Activo,4.9
PROD-02324,Laptop Gamer Apex 866,Electrónica,Apex,3715.38,2753.27,170,Activo,3.8
PROD-02325,Juego de Cuchillos Zenith 408,Hogar y Cocina,Zenith,5121.24,3297.77,125,Activo,4.1
PROD-02326,Mochila de Senderismo Nexa 537,Deportes y Aire Libre,Nexa,2002.13,1359.08,317,Activo,3.1
PROD-02327,Playera de Algodón EcoLife 764,Ropa y Moda,EcoLife,1703.04,958.26,271,Activo,4.9
PROD-02328,Teclado Mecánico Krono 438,Electrónica,Krono,3538.75,2476.12,483,Activo,4.2
PROD-02329,Set de Bloques de Construcción ProStyle 297,Juguetes y Juegos,ProStyle,365.6,240.69,289,Activo,4.7
PROD-02330,Dron para Niños ProStyle 737,Juguetes y Juegos,ProStyle,1774.69,967.73,214,Activo,3.7
PROD-02331,Post-it Adhesivos Lumix 446,Papelería y Oficina,Lumix,2036.77,1278.49,446,Activo,4.6
PROD-02332,Vitaminas Multivitamínicas Lumix 391,Salud y Cuidado Personal,Lumix,1421.12,646.12,354,Activo,4.1
PROD-02333,Juego de Cuchillos EcoLife 427,Hogar y Cocina,EcoLife,5158.47,2763.08,298,Activo,4.0
PROD-02334,Juego de Mesa Familiar Krono 594,Juguetes y Juegos,Krono,1983.16,917.56,188,Activo,3.0
PROD-02335,Pantalón Mezclilla EcoLife 232,Ropa y Moda,EcoLife,1552.48,696.4,94,Activo,4.6
PROD-02336,Carpeta de Argollas Zenith 950,Papelería y Oficina,Zenith,2199.36,1087.5,281,Activo,4.1
PROD-02337,Comic Edición de Colección Zenith 379,Libros y Entretenimiento,Zenith,1418.73,827.78,309,Activo,4.2
PROD-02338,Cámara DSLR ProStyle 760,Electrónica,ProStyle,4769.78,3072.71,215,Activo,3.7
PROD-02339,Horno de Microondas Lumix 819,Hogar y Cocina,Lumix,2065.67,1358.5,335,Activo,4.4
PROD-02340,Juego de Mesa Familiar Aero 658,Juguetes y Juegos,Aero,912.61,589.8,166,Activo,4.9
PROD-02341,Juego de Mesa Familiar Urban 151,Juguetes y Juegos,Urban,1709.89,805.77,154,Activo,3.7
PROD-02342,Playera de Algodón Titan 474,Ropa y Moda,Titan,143.07,64.13,407,Activo,3.7
PROD-02343,Playera de Algodón Krono 213,Ropa y Moda,Krono,2015.53,870.43,452,Activo,4.6
PROD-02344,Sudadera con Capucha Krono 544,Ropa y Moda,Krono,813.25,338.93,265,Activo,4.1
PROD-02345,Vestido Casual Vortex 106,Ropa y Moda,Vortex,365.68,152.7,147,Activo,4.6
PROD-02346,Monitor 4K Lumix 468,Electrónica,Lumix,14053.67,8035.46,407,Activo,3.1
PROD-02347,Kit de Cuidado Facial Nova 457,Salud y Cuidado Personal,Nova,498.57,204.04,141,Activo,4.8
PROD-02348,Mochila de Senderismo Apex 683,Deportes y Aire Libre,Apex,4573.46,2519.01,54,Activo,4.1
PROD-02349,Libro de Desarrollo Personal Apex 770,Libros y Entretenimiento,Apex,813.85,422.69,263,Activo,3.8
PROD-02350,Rompecabezas 1000 piezas Urban 483,Juguetes y Juegos,Urban,1896.19,1040.41,32,Activo,3.9
PROD-02351,Mancuernas Ajustables Titan 145,Deportes y Aire Libre,Titan,7527.17,4771.89,144,Activo,3.1
PROD-02352,Bocina Portátil Vortex 335,Electrónica,Vortex,14207.49,8301.59,261,Activo,4.4
PROD-02353,Dron para Niños Krono 347,Juguetes y Juegos,Krono,2310.78,1575.72,159,Activo,3.9
PROD-02354,Silla Ergonómica Apex 289,Papelería y Oficina,Apex,2097.52,1205.02,481,Activo,4.9
PROD-02355,Kit de Pintura Nexa 912,Juguetes y Juegos,Nexa,1348.64,757.8,260,Activo,3.7
PROD-02356,Peluche Gigante Nova 840,Juguetes y Juegos,Nova,3398.27,1594.21,42,Activo,5.0
PROD-02357,Guía de Viajes Zenith 651,Libros y Entretenimiento,Zenith,2952.95,1892.19,40,Activo,4.1
PROD-02358,Enciclopedia Ilustrada ProStyle 543,Libros y Entretenimiento,ProStyle,669.73,361.46,338,Activo,3.3
PROD-02359,Destrozadora de Papel Apex 271,Papelería y Oficina,Apex,1062.94,506.17,412,Activo,4.5
PROD-02360,Masajeador Cervical Zenith 109,Salud y Cuidado Personal,Zenith,523.42,216.94,13,Activo,3.0
PROD-02361,Chamarra de Pluma Titan 495,Ropa y Moda,Titan,1671.62,1081.82,259,Activo,4.3
PROD-02362,Horno de Microondas Lumix 207,Hogar y Cocina,Lumix,5797.0,3111.0,37,Activo,3.6
PROD-02363,Monitor 4K Zenith 563,Electrónica,Zenith,16647.88,12410.17,161,Activo,4.2
PROD-02364,Rasuradora Eléctrica Nexa 468,Salud y Cuidado Personal,Nexa,2173.95,1037.56,393,Activo,4.8
PROD-02365,Cafetera de Goteo Aero 345,Hogar y Cocina,Aero,4517.95,2518.34,249,Activo,3.5
PROD-02366,Sartén Antiadherente Nova 945,Hogar y Cocina,Nova,4093.83,2417.04,291,Activo,3.3
PROD-02367,Mouse Inalámbrico Aero 813,Electrónica,Aero,24917.79,17876.99,477,Activo,4.6
PROD-02368,Purificador de Aire Krono 770,Hogar y Cocina,Krono,761.49,438.81,489,Activo,3.2
PROD-02369,Cuaderno Profesional Vortex 545,Papelería y Oficina,Vortex,440.11,177.64,180,Activo,4.8
PROD-02370,Juego de Mesa Familiar Vortex 758,Juguetes y Juegos,Vortex,794.23,472.27,13,Activo,4.2
PROD-02371,Audífonos Bluetooth Urban 813,Electrónica,Urban,592.74,435.8,94,Activo,3.5
PROD-02372,Libro de Poesía ProStyle 878,Libros y Entretenimiento,ProStyle,1579.49,811.71,412,Activo,3.4
PROD-02373,Rasuradora Eléctrica Vortex 517,Salud y Cuidado Personal,Vortex,527.69,237.13,314,Activo,3.9
PROD-02374,Calculadora Científica Urban 921,Papelería y Oficina,Urban,475.67,197.7,110,Activo,4.4
PROD-02375,Set de Bolígrafos Apex 812,Papelería y Oficina,Apex,1825.13,886.61,267,Activo,4.2
PROD-02376,Juego de Sartenes Lumix 167,Hogar y Cocina,Lumix,2494.16,1333.96,159,Activo,4.1
PROD-02377,Consola Portátil de Videojuegos Apex 123,Juguetes y Juegos,Apex,1794.85,924.37,353,Activo,4.4
PROD-02378,Set de Bloques de Construcción Nexa 126,Juguetes y Juegos,Nexa,2540.47,1511.03,261,Activo,3.0
PROD-02379,Cuaderno Profesional Zenith 396,Papelería y Oficina,Zenith,2474.89,1603.63,265,Activo,3.8
PROD-02380,Gorra Deportiva Titan 879,Ropa y Moda,Titan,1364.58,632.74,117,Activo,3.9
PROD-02381,Mochila de Senderismo Krono 874,Deportes y Aire Libre,Krono,411.54,253.76,138,Activo,4.3
PROD-02382,Vestido Casual Lumix 221,Ropa y Moda,Lumix,1679.13,1059.98,465,Activo,4.8
PROD-02383,Audífonos Bluetooth Aero 675,Electrónica,Aero,21457.24,16078.7,319,Activo,4.5
PROD-02384,Casco de Ciclismo Krono 341,Deportes y Aire Libre,Krono,3171.54,1733.38,136,Activo,3.7
PROD-02385,Protector Solar Titan 596,Salud y Cuidado Personal,Titan,1036.26,633.16,256,Activo,4.3
PROD-02386,Tenis Deportivos Krono 820,Ropa y Moda,Krono,2403.28,1500.99,335,Activo,4.5
PROD-02387,Aspiradora Robot Zenith 904,Hogar y Cocina,Zenith,6471.21,3918.51,207,Activo,3.2
PROD-02388,Monitor 4K Apex 284,Electrónica,Apex,11864.69,8118.68,453,Activo,4.1
PROD-02389,Peluche Gigante Titan 761,Juguetes y Juegos,Titan,1037.39,719.85,71,Activo,3.8
PROD-02390,Peluche Gigante Krono 363,Juguetes y Juegos,Krono,1752.39,895.12,296,Activo,3.2
PROD-02391,Laptop Gamer Nova 260,Electrónica,Nova,23010.06,12816.34,367,Activo,4.8
PROD-02392,Tapete de Yoga Vortex 541,Deportes y Aire Libre,Vortex,4136.79,2627.3,11,Activo,4.2
PROD-02393,Tenis Deportivos Nexa 226,Ropa y Moda,Nexa,2338.51,1275.36,168,Activo,3.1
PROD-02394,Carpeta de Argollas EcoLife 887,Papelería y Oficina,EcoLife,832.95,493.8,179,Activo,3.2
PROD-02395,Lámpara de Escritorio Nova 327,Hogar y Cocina,Nova,7041.3,3888.52,170,Activo,4.5
PROD-02396,Tapete de Yoga ProStyle 789,Deportes y Aire Libre,ProStyle,2258.25,1472.51,217,Activo,4.9
PROD-02397,Carro a Control Remoto Zenith 184,Juguetes y Juegos,Zenith,342.65,204.02,379,Activo,4.8
PROD-02398,Juego de Cuchillos EcoLife 466,Hogar y Cocina,EcoLife,7698.08,3974.8,367,Activo,5.0
PROD-02399,Sartén Antiadherente Lumix 266,Hogar y Cocina,Lumix,8497.17,5406.79,315,Activo,3.6
PROD-02400,Crema Hidratante Nova 690,Salud y Cuidado Personal,Nova,819.97,347.45,340,Activo,3.7
PROD-02401,Crema Hidratante Urban 177,Salud y Cuidado Personal,Urban,1540.85,871.59,488,Activo,4.2
PROD-02402,Pantalón Mezclilla Nova 891,Ropa y Moda,Nova,110.59,69.88,213,Activo,4.0
PROD-02403,Gel Antiséptico Aero 913,Salud y Cuidado Personal,Aero,970.65,556.25,347,Activo,4.7
PROD-02404,Libro de Desarrollo Personal EcoLife 824,Libros y Entretenimiento,EcoLife,349.14,230.05,28,Activo,3.3
PROD-02405,Horno de Microondas Titan 951,Hogar y Cocina,Titan,4936.61,3152.83,398,Activo,3.4
PROD-02406,Pista de Carreras EcoLife 228,Juguetes y Juegos,EcoLife,3370.69,1609.67,94,Activo,3.8
PROD-02407,Post-it Adhesivos Urban 104,Papelería y Oficina,Urban,416.73,177.69,385,Activo,4.4
PROD-02408,Cuaderno Profesional Apex 551,Papelería y Oficina,Apex,343.98,142.05,482,Activo,4.7
PROD-02409,Juego de Mesa Familiar Vortex 789,Juguetes y Juegos,Vortex,2207.83,1142.98,434,Activo,4.4
PROD-02410,Smartwatch Nova 157,Electrónica,Nova,19180.04,11714.5,391,Activo,4.1
PROD-02411,Set de Bloques de Construcción Apex 460,Juguetes y Juegos,Apex,964.09,668.39,216,Activo,5.0
PROD-02412,Kit de Pintura ProStyle 628,Juguetes y Juegos,ProStyle,3074.9,1691.27,82,Activo,4.4
PROD-02413,Freidora de Aire Apex 488,Hogar y Cocina,Apex,1789.98,1194.2,28,Activo,3.3
PROD-02414,Cuerda para Saltar Urban 315,Deportes y Aire Libre,Urban,5756.11,3229.14,325,Activo,3.3
PROD-02415,Guía de Viajes Aero 411,Libros y Entretenimiento,Aero,3240.76,2254.32,274,Activo,4.5
PROD-02416,Destrozadora de Papel Lumix 450,Papelería y Oficina,Lumix,204.25,85.61,79,Activo,4.7
PROD-02417,Guantes de Gimnasio Zenith 954,Deportes y Aire Libre,Zenith,6144.84,3653.88,182,Activo,3.3
PROD-02418,Cuerda para Saltar Nexa 466,Deportes y Aire Libre,Nexa,3685.31,2464.85,141,Activo,3.1
PROD-02419,Laptop Gamer Titan 680,Electrónica,Titan,11039.53,7780.78,71,Activo,3.1
PROD-02420,Audífonos Bluetooth EcoLife 969,Electrónica,EcoLife,22934.45,12951.14,220,Activo,5.0
PROD-02421,Cuento Infantil Ilustrado Krono 408,Libros y Entretenimiento,Krono,332.68,221.76,152,Activo,4.6
PROD-02422,Secadora de Cabello Urban 914,Salud y Cuidado Personal,Urban,2030.06,1306.73,270,Activo,5.0
PROD-02423,Peluche Gigante Nova 678,Juguetes y Juegos,Nova,2043.95,1284.93,62,Activo,3.7
PROD-02424,Sartén Antiadherente EcoLife 431,Hogar y Cocina,EcoLife,3421.72,2276.41,459,Activo,3.6
PROD-02425,Muñeca Articulada Urban 809,Juguetes y Juegos,Urban,3329.04,1585.93,263,Activo,3.8
PROD-02426,Laptop Gamer Nova 623,Electrónica,Nova,2283.69,1322.1,486,Activo,4.0
PROD-02427,Rompecabezas 1000 piezas Zenith 742,Juguetes y Juegos,Zenith,2550.15,1152.91,203,Activo,4.9
PROD-02428,Comic Edición de Colección Nova 838,Libros y Entretenimiento,Nova,654.93,455.56,162,Activo,3.4
PROD-02429,Marcadores de Colores Titan 734,Papelería y Oficina,Titan,1048.43,545.03,405,Activo,3.4
PROD-02430,Horno de Microondas Vortex 428,Hogar y Cocina,Vortex,7775.8,5269.37,463,Activo,3.3
PROD-02431,Guantes de Gimnasio Titan 709,Deportes y Aire Libre,Titan,6959.67,4604.79,388,Activo,4.2
PROD-02432,Pelota de Fútbol Zenith 692,Deportes y Aire Libre,Zenith,4115.93,2225.07,263,Activo,4.1
PROD-02433,Tenis Deportivos Nexa 345,Ropa y Moda,Nexa,1957.48,1038.97,448,Activo,4.5
PROD-02434,Tablet 10 pulgadas Urban 651,Electrónica,Urban,1931.2,1353.94,222,Activo,4.2
PROD-02435,Libro de Desarrollo Personal Nova 795,Libros y Entretenimiento,Nova,3215.14,1802.34,294,Activo,3.8
PROD-02436,Peluche Gigante Nexa 504,Juguetes y Juegos,Nexa,626.76,359.85,198,Activo,3.6
PROD-02437,Bicicleta de Montaña Lumix 133,Deportes y Aire Libre,Lumix,7787.36,4857.7,340,Activo,4.5
PROD-02438,Aspiradora Robot Nexa 735,Hogar y Cocina,Nexa,6593.98,4178.29,254,Activo,3.3
PROD-02439,Pantalón Mezclilla Vortex 594,Ropa y Moda,Vortex,1448.8,864.04,450,Activo,4.0
PROD-02440,Bandas de Resistencia Urban 610,Deportes y Aire Libre,Urban,2415.46,1461.18,303,Activo,3.3
PROD-02441,Purificador de Aire Titan 968,Hogar y Cocina,Titan,577.31,365.77,119,Activo,4.9
PROD-02442,Carro a Control Remoto Lumix 365,Juguetes y Juegos,Lumix,245.13,120.97,216,Activo,4.9
PROD-02443,Smartwatch Krono 616,Electrónica,Krono,12136.36,7942.61,56,Activo,3.3
PROD-02444,Vestido Casual Krono 350,Ropa y Moda,Krono,1396.95,656.16,18,Activo,4.6
PROD-02445,Licuadora de Alta Potencia Urban 773,Hogar y Cocina,Urban,7760.57,4121.67,228,Activo,4.5
PROD-02446,Pantalón Mezclilla Lumix 810,Ropa y Moda,Lumix,1899.39,933.87,3,Activo,3.5
PROD-02447,Cepillo Eléctrico Titan 299,Salud y Cuidado Personal,Titan,224.39,143.79,23,Activo,3.1
PROD-02448,Juego de Sartenes Lumix 399,Hogar y Cocina,Lumix,5087.32,3434.61,123,Activo,4.1
PROD-02449,Monitor 4K Zenith 578,Electrónica,Zenith,12065.18,9029.28,209,Activo,5.0
PROD-02450,Marcadores de Colores ProStyle 527,Papelería y Oficina,ProStyle,2107.71,1035.42,483,Activo,3.3
PROD-02451,Consola Portátil de Videojuegos Urban 842,Juguetes y Juegos,Urban,3206.84,1661.36,180,Activo,3.4
PROD-02452,Laptop Gamer ProStyle 120,Electrónica,ProStyle,16588.47,10183.85,110,Activo,4.2
PROD-02453,Casco de Ciclismo Vortex 384,Deportes y Aire Libre,Vortex,735.21,482.92,495,Activo,3.6
PROD-02454,Cinturón de Piel EcoLife 841,Ropa y Moda,EcoLife,586.52,316.54,100,Activo,4.7
PROD-02455,Calculadora Científica Aero 299,Papelería y Oficina,Aero,1365.47,644.48,202,Activo,4.6
PROD-02456,Crema Hidratante Aero 705,Salud y Cuidado Personal,Aero,1609.83,793.01,262,Activo,3.4
PROD-02457,Cepillo Eléctrico Vortex 887,Salud y Cuidado Personal,Vortex,1571.54,815.32,446,Activo,3.7
PROD-02458,Sudadera con Capucha Krono 665,Ropa y Moda,Krono,2127.48,979.41,397,Activo,3.8
PROD-02459,Destrozadora de Papel ProStyle 525,Papelería y Oficina,ProStyle,81.64,47.7,13,Activo,3.2
PROD-02460,Purificador de Aire Titan 926,Hogar y Cocina,Titan,4255.33,2977.08,217,Activo,3.9
PROD-02461,Pista de Carreras EcoLife 817,Juguetes y Juegos,EcoLife,1624.83,966.59,264,Activo,4.2
PROD-02462,Pelota de Fútbol ProStyle 968,Deportes y Aire Libre,ProStyle,7845.11,4304.01,374,Activo,3.2
PROD-02463,Botella de Agua Térmica Aero 848,Deportes y Aire Libre,Aero,7186.73,3924.93,173,Activo,3.7
PROD-02464,Calculadora Científica Krono 973,Papelería y Oficina,Krono,421.39,205.03,110,Activo,3.0
PROD-02465,Guantes de Gimnasio Nova 994,Deportes y Aire Libre,Nova,5171.16,2595.31,216,Activo,4.8
PROD-02466,Smartphone Pro Vortex 698,Electrónica,Vortex,6456.07,3671.07,236,Activo,4.0
PROD-02467,Freidora de Aire Zenith 435,Hogar y Cocina,Zenith,4595.04,2791.29,6,Activo,3.6
PROD-02468,Mancuernas Ajustables Vortex 284,Deportes y Aire Libre,Vortex,7971.94,5288.55,258,Activo,3.9
PROD-02469,Lámpara de Escritorio EcoLife 402,Hogar y Cocina,EcoLife,4094.91,2289.42,386,Activo,4.7
PROD-02470,Tablet 10 pulgadas Krono 152,Electrónica,Krono,4151.92,2602.14,209,Activo,4.2
PROD-02471,Audífonos Bluetooth Titan 673,Electrónica,Titan,956.04,609.45,342,Activo,5.0
PROD-02472,Tablet 10 pulgadas Zenith 105,Electrónica,Zenith,3231.32,2250.18,428,Activo,3.7
PROD-02473,Protector Solar Lumix 526,Salud y Cuidado Personal,Lumix,1096.96,613.18,241,Activo,3.9
PROD-02474,Cuerda para Saltar Krono 646,Deportes y Aire Libre,Krono,7854.51,5490.92,384,Activo,4.9
PROD-02475,Libro de Finanzas Personales Titan 984,Libros y Entretenimiento,Titan,3490.01,1714.16,427,Activo,4.5
PROD-02476,Audífonos Bluetooth Zenith 675,Electrónica,Zenith,19424.08,13003.23,247,Activo,4.6
PROD-02477,Botella de Agua Térmica Aero 929,Deportes y Aire Libre,Aero,8107.22,5390.37,213,Activo,3.4
PROD-02478,Casco de Ciclismo Vortex 778,Deportes y Aire Libre,Vortex,4054.64,2521.91,13,Activo,4.4
PROD-02479,Cuerda para Saltar Nova 770,Deportes y Aire Libre,Nova,6519.85,4459.15,429,Activo,4.4
PROD-02480,Kit de Cuidado Facial Aero 464,Salud y Cuidado Personal,Aero,2308.27,932.71,374,Activo,4.5
PROD-02481,Licuadora de Alta Potencia Lumix 104,Hogar y Cocina,Lumix,3773.08,2204.0,40,Activo,4.6
PROD-02482,Bicicleta de Montaña Nexa 889,Deportes y Aire Libre,Nexa,7605.25,4175.48,60,Activo,4.4
PROD-02483,Engrapadora Industrial EcoLife 858,Papelería y Oficina,EcoLife,1764.15,1040.22,15,Activo,4.7
PROD-02484,Smartwatch Urban 261,Electrónica,Urban,17844.46,12292.84,496,Activo,3.8
PROD-02485,Novela de Ficción Nova 679,Libros y Entretenimiento,Nova,239.91,142.51,76,Activo,4.6
PROD-02486,Licuadora de Alta Potencia ProStyle 224,Hogar y Cocina,ProStyle,5406.34,3561.96,279,Activo,3.3
PROD-02487,Juego de Mesa Familiar Apex 985,Juguetes y Juegos,Apex,2332.52,1476.22,145,Activo,4.6
PROD-02488,Set de Bolígrafos EcoLife 238,Papelería y Oficina,EcoLife,1840.03,1177.51,405,Activo,4.5
PROD-02489,Manual de Cocina Nexa 490,Libros y Entretenimiento,Nexa,2265.2,1491.74,361,Activo,3.5
PROD-02490,Cámara DSLR Zenith 664,Electrónica,Zenith,2250.66,1359.13,349,Activo,3.4
PROD-02491,Juego de Sartenes EcoLife 271,Hogar y Cocina,EcoLife,3133.57,2073.86,233,Activo,3.1
PROD-02492,Sudadera con Capucha Nova 103,Ropa y Moda,Nova,776.16,356.11,159,Activo,3.0
PROD-02493,Kit de Pintura Krono 675,Juguetes y Juegos,Krono,3314.99,1713.15,411,Activo,3.2
PROD-02494,Libro de Finanzas Personales Aero 649,Libros y Entretenimiento,Aero,2116.24,1062.65,475,Activo,4.1
PROD-02495,Biografía Histórica Lumix 144,Libros y Entretenimiento,Lumix,3422.75,2145.97,276,Activo,3.8
PROD-02496,Dron para Niños Titan 132,Juguetes y Juegos,Titan,1745.08,908.15,104,Activo,3.7
PROD-02497,Pelota de Fútbol Vortex 241,Deportes y Aire Libre,Vortex,4231.49,2248.91,372,Activo,3.5
PROD-02498,Dron para Niños Urban 251,Juguetes y Juegos,Urban,2393.31,1101.25,452,Activo,3.0
PROD-02499,Freidora de Aire Lumix 945,Hogar y Cocina,Lumix,305.45,209.0,401,Activo,4.0
PROD-02500,Masajeador Cervical Urban 196,Salud y Cuidado Personal,Urban,2300.13,1055.99,355,Activo,4.2
PROD-02501,Dron para Niños Vortex 857,Juguetes y Juegos,Vortex,2346.69,1299.62,240,Activo,4.2
PROD-02502,Guía de Viajes ProStyle 891,Libros y Entretenimiento,ProStyle,808.99,384.55,315,Activo,3.5
PROD-02503,Secadora de Cabello Aero 954,Salud y Cuidado Personal,Aero,1202.71,552.11,86,Activo,3.5
PROD-02504,Novela de Ficción Titan 806,Libros y Entretenimiento,Titan,1847.77,1272.68,118,Activo,4.0
PROD-02505,Lámpara de Escritorio Zenith 340,Hogar y Cocina,Zenith,5067.62,3210.3,321,Activo,4.1
PROD-02506,Tenis Deportivos Aero 765,Ropa y Moda,Aero,2234.73,1164.84,54,Activo,3.9
PROD-02507,Calculadora Científica Krono 502,Papelería y Oficina,Krono,1593.25,1022.24,232,Activo,3.2
PROD-02508,Gorra Deportiva Krono 527,Ropa y Moda,Krono,398.54,251.78,372,Activo,3.4
PROD-02509,Cuerda para Saltar Nova 501,Deportes y Aire Libre,Nova,624.29,367.14,77,Activo,4.9
PROD-02510,Muñeca Articulada Aero 226,Juguetes y Juegos,Aero,915.99,548.13,241,Activo,4.3
PROD-02511,Cuento Infantil Ilustrado Vortex 942,Libros y Entretenimiento,Vortex,786.6,513.34,329,Activo,4.5
PROD-02512,Kit de Pintura Lumix 113,Juguetes y Juegos,Lumix,138.97,76.99,191,Activo,4.5
PROD-02513,Chamarra de Pluma Nexa 942,Ropa y Moda,Nexa,437.05,283.76,142,Activo,4.2
PROD-02514,Aspiradora Robot Aero 681,Hogar y Cocina,Aero,2064.62,1229.28,176,Activo,3.1
PROD-02515,Sudadera con Capucha Krono 557,Ropa y Moda,Krono,86.35,42.64,464,Activo,3.5
PROD-02516,Libro de Poesía Lumix 112,Libros y Entretenimiento,Lumix,2016.45,1295.27,383,Activo,4.4
PROD-02517,Lámpara de Escritorio Lumix 335,Hogar y Cocina,Lumix,6474.63,4385.35,184,Activo,4.0
PROD-02518,Masajeador Cervical Vortex 244,Salud y Cuidado Personal,Vortex,1682.8,852.87,108,Activo,3.6
PROD-02519,Monitor 4K Titan 903,Electrónica,Titan,16301.54,9732.75,135,Activo,4.3
PROD-02520,Sartén Antiadherente Titan 299,Hogar y Cocina,Titan,4798.64,2828.43,391,Activo,4.9
PROD-02521,Playera de Algodón Titan 200,Ropa y Moda,Titan,2033.08,926.21,326,Activo,3.1
PROD-02522,Vestido Casual Vortex 605,Ropa y Moda,Vortex,1224.25,784.49,22,Activo,3.6
PROD-02523,Kit de Cuidado Facial EcoLife 377,Salud y Cuidado Personal,EcoLife,1579.98,848.15,149,Activo,4.8
PROD-02524,Vitaminas Multivitamínicas Aero 113,Salud y Cuidado Personal,Aero,58.67,37.1,233,Activo,3.2
PROD-02525,Cuaderno Profesional Aero 907,Papelería y Oficina,Aero,1533.52,952.46,370,Activo,3.8
PROD-02526,Cuerda para Saltar Vortex 673,Deportes y Aire Libre,Vortex,4392.25,2790.06,139,Activo,4.9
PROD-02527,Freidora de Aire Nexa 302,Hogar y Cocina,Nexa,8236.63,4386.6,440,Activo,3.4
PROD-02528,Guía de Viajes Titan 955,Libros y Entretenimiento,Titan,956.35,593.36,35,Activo,4.4
PROD-02529,Peluche Gigante Vortex 457,Juguetes y Juegos,Vortex,3075.33,1635.4,26,Activo,3.3
PROD-02530,Secadora de Cabello ProStyle 473,Salud y Cuidado Personal,ProStyle,316.49,152.13,222,Activo,3.4
PROD-02531,Peluche Gigante Apex 578,Juguetes y Juegos,Apex,3094.33,1939.46,398,Activo,4.6
PROD-02532,Bascula Digital Nexa 460,Salud y Cuidado Personal,Nexa,1365.82,697.68,375,Activo,3.8
PROD-02533,Libro de Poesía Titan 318,Libros y Entretenimiento,Titan,2239.89,1120.36,60,Activo,3.7
PROD-02534,Smartwatch ProStyle 638,Electrónica,ProStyle,5244.55,3291.44,111,Activo,3.3
PROD-02535,Pista de Carreras Krono 148,Juguetes y Juegos,Krono,2771.02,1664.43,37,Activo,4.1
PROD-02536,Smartphone Pro Krono 997,Electrónica,Krono,7521.31,5250.83,139,Activo,3.5
PROD-02537,Vitaminas Multivitamínicas EcoLife 519,Salud y Cuidado Personal,EcoLife,383.72,176.59,446,Activo,5.0
PROD-02538,Tenis Deportivos Titan 329,Ropa y Moda,Titan,1874.7,800.25,219,Activo,4.9
PROD-02539,Dron para Niños Nova 482,Juguetes y Juegos,Nova,3197.83,2143.84,306,Activo,3.5
PROD-02540,Smartwatch Apex 787,Electrónica,Apex,16060.35,9526.87,425,Activo,3.9
PROD-02541,Guía de Viajes Aero 669,Libros y Entretenimiento,Aero,1394.14,842.33,274,Activo,3.6
PROD-02542,Consola Portátil de Videojuegos Urban 824,Juguetes y Juegos,Urban,2840.41,1623.26,433,Activo,4.7
PROD-02543,Teclado Mecánico Nexa 893,Electrónica,Nexa,10429.93,7422.86,46,Activo,4.3
PROD-02544,Protector Solar Krono 817,Salud y Cuidado Personal,Krono,1188.09,676.97,300,Activo,3.8
PROD-02545,Sudadera con Capucha Krono 122,Ropa y Moda,Krono,1804.5,1052.11,481,Activo,4.3
PROD-02546,Libro de Desarrollo Personal EcoLife 964,Libros y Entretenimiento,EcoLife,2883.16,1865.13,179,Activo,4.9
PROD-02547,Calcetines Transpirables EcoLife 419,Ropa y Moda,EcoLife,1998.81,1020.61,22,Activo,4.7
PROD-02548,Peluche Gigante Vortex 871,Juguetes y Juegos,Vortex,2065.1,1292.08,368,Activo,3.5
PROD-02549,Carpeta de Argollas Titan 475,Papelería y Oficina,Titan,1358.55,797.33,146,Activo,3.3
PROD-02550,Crema Hidratante Nexa 492,Salud y Cuidado Personal,Nexa,522.53,249.07,445,Activo,3.8
PROD-02551,Cuento Infantil Ilustrado Krono 942,Libros y Entretenimiento,Krono,2411.47,1679.05,18,Activo,4.2
PROD-02552,Vitaminas Multivitamínicas Titan 476,Salud y Cuidado Personal,Titan,1446.45,813.01,275,Activo,3.4
PROD-02553,Guantes de Gimnasio Nexa 579,Deportes y Aire Libre,Nexa,759.63,519.37,301,Activo,3.1
PROD-02554,Mancuernas Ajustables Krono 180,Deportes y Aire Libre,Krono,2919.83,1474.55,470,Activo,3.1
PROD-02555,Guantes de Gimnasio Nexa 270,Deportes y Aire Libre,Nexa,6381.73,4325.04,203,Activo,3.4
PROD-02556,Set de Bloques de Construcción Lumix 469,Juguetes y Juegos,Lumix,2284.08,1413.17,90,Activo,4.3
PROD-02557,Masajeador Cervical Nexa 767,Salud y Cuidado Personal,Nexa,1295.99,666.48,117,Activo,3.7
PROD-02558,Consola Portátil de Videojuegos Urban 785,Juguetes y Juegos,Urban,1196.07,774.01,181,Activo,3.0
PROD-02559,Secadora de Cabello Nova 304,Salud y Cuidado Personal,Nova,1443.51,928.08,78,Activo,3.5
PROD-02560,Vestido Casual Krono 713,Ropa y Moda,Krono,171.82,83.34,223,Activo,4.6
PROD-02561,Mochila de Senderismo Apex 366,Deportes y Aire Libre,Apex,5275.25,3406.15,47,Activo,4.8
PROD-02562,Teclado Mecánico Apex 893,Electrónica,Apex,9124.05,5768.19,339,Activo,4.4
PROD-02563,Tablet 10 pulgadas Zenith 319,Electrónica,Zenith,14560.76,10395.79,198,Activo,3.9
PROD-02564,Kit de Cuidado Facial Vortex 771,Salud y Cuidado Personal,Vortex,720.63,453.49,12,Activo,4.9
PROD-02565,Casco de Ciclismo Nexa 855,Deportes y Aire Libre,Nexa,7779.86,4248.97,320,Activo,3.9
PROD-02566,Cepillo Eléctrico EcoLife 552,Salud y Cuidado Personal,EcoLife,1000.32,539.01,356,Activo,4.3
PROD-02567,Peluche Gigante Nova 243,Juguetes y Juegos,Nova,2773.96,1756.49,341,Activo,4.5
PROD-02568,Chamarra de Pluma Zenith 831,Ropa y Moda,Zenith,165.64,70.48,300,Activo,4.8
PROD-02569,Licuadora de Alta Potencia Lumix 809,Hogar y Cocina,Lumix,5174.01,2594.06,281,Activo,4.5
PROD-02570,Casco de Ciclismo Vortex 566,Deportes y Aire Libre,Vortex,5354.18,2740.78,479,Activo,4.6
PROD-02571,Juego de Sartenes Vortex 168,Hogar y Cocina,Vortex,7450.49,3836.55,394,Activo,4.8
PROD-02572,Aspiradora Robot Titan 242,Hogar y Cocina,Titan,4225.86,2377.93,69,Activo,4.2
PROD-02573,Pantalón Mezclilla Aero 908,Ropa y Moda,Aero,128.1,71.26,93,Activo,4.4
PROD-02574,Horno de Microondas ProStyle 464,Hogar y Cocina,ProStyle,4548.76,3002.57,172,Activo,3.8
PROD-02575,Sartén Antiadherente Urban 745,Hogar y Cocina,Urban,1928.88,1064.42,8,Activo,4.1
PROD-02576,Guantes de Gimnasio Aero 471,Deportes y Aire Libre,Aero,601.05,390.03,405,Activo,4.4
PROD-02577,Consola Portátil de Videojuegos Titan 940,Juguetes y Juegos,Titan,2284.79,1086.61,334,Activo,4.0
PROD-02578,Kit de Cuidado Facial ProStyle 755,Salud y Cuidado Personal,ProStyle,464.8,282.2,458,Activo,4.2
PROD-02579,Botella de Agua Térmica ProStyle 687,Deportes y Aire Libre,ProStyle,2381.81,1396.23,176,Activo,4.7
PROD-02580,Cuerda para Saltar Nova 804,Deportes y Aire Libre,Nova,1101.89,662.3,6,Activo,3.3
PROD-02581,Gel Antiséptico Urban 214,Salud y Cuidado Personal,Urban,708.56,401.18,443,Activo,3.7
PROD-02582,Juego de Sartenes Titan 121,Hogar y Cocina,Titan,7351.39,4466.82,43,Activo,4.9
PROD-02583,Juego de Cuchillos Nexa 882,Hogar y Cocina,Nexa,2423.32,1452.58,212,Activo,4.2
PROD-02584,Playera de Algodón Zenith 998,Ropa y Moda,Zenith,1027.61,416.65,180,Activo,4.7
PROD-02585,Bandas de Resistencia Krono 945,Deportes y Aire Libre,Krono,1172.79,737.1,8,Activo,4.7
PROD-02586,Guantes de Gimnasio Krono 354,Deportes y Aire Libre,Krono,1016.47,590.72,209,Activo,3.1
PROD-02587,Enciclopedia Ilustrada Krono 498,Libros y Entretenimiento,Krono,141.71,85.74,314,Activo,3.9
PROD-02588,Set de Bolígrafos Vortex 188,Papelería y Oficina,Vortex,817.66,328.96,241,Activo,3.1
PROD-02589,Aspiradora Robot Lumix 303,Hogar y Cocina,Lumix,7264.25,4952.1,393,Activo,3.7
PROD-02590,Mouse Inalámbrico Urban 199,Electrónica,Urban,13563.58,8311.04,140,Activo,4.7
PROD-02591,Chamarra de Pluma Lumix 861,Ropa y Moda,Lumix,1899.68,896.64,190,Activo,4.7
PROD-02592,Cinturón de Piel Krono 101,Ropa y Moda,Krono,882.81,433.38,130,Activo,3.0
PROD-02593,Calculadora Científica ProStyle 630,Papelería y Oficina,ProStyle,1129.61,504.86,421,Activo,4.9
PROD-02594,Protector Solar ProStyle 446,Salud y Cuidado Personal,ProStyle,336.92,147.4,323,Activo,3.0
PROD-02595,Casco de Ciclismo Krono 184,Deportes y Aire Libre,Krono,1812.42,1004.01,51,Activo,4.4
PROD-02596,Calcetines Transpirables Krono 930,Ropa y Moda,Krono,53.65,29.2,268,Activo,3.4
PROD-02597,Rompecabezas 1000 piezas Nova 779,Juguetes y Juegos,Nova,3486.1,1981.71,382,Activo,3.6
PROD-02598,Carpeta de Argollas Vortex 291,Papelería y Oficina,Vortex,1413.11,619.23,202,Activo,3.2
PROD-02599,Tablet 10 pulgadas Titan 725,Electrónica,Titan,14562.05,10519.49,463,Activo,3.5
PROD-02600,Carro a Control Remoto Zenith 840,Juguetes y Juegos,Zenith,3044.1,1883.34,82,Activo,3.6
PROD-02601,Gafas de Sol Vortex 646,Ropa y Moda,Vortex,1353.36,566.77,221,Activo,3.8
PROD-02602,Carro a Control Remoto Aero 567,Juguetes y Juegos,Aero,2880.47,1619.68,364,Activo,4.8
PROD-02603,Carpeta de Argollas Apex 696,Papelería y Oficina,Apex,1443.52,677.27,371,Activo,4.3
PROD-02604,Mouse Inalámbrico ProStyle 198,Electrónica,ProStyle,16658.35,9913.23,395,Activo,3.5
PROD-02605,Sartén Antiadherente Zenith 676,Hogar y Cocina,Zenith,2803.72,1818.74,460,Activo,3.1
PROD-02606,Teclado Mecánico ProStyle 156,Electrónica,ProStyle,9072.85,5500.31,422,Activo,3.4
PROD-02607,Guía de Viajes Apex 249,Libros y Entretenimiento,Apex,3473.34,1827.18,1,Activo,4.7
PROD-02608,Botella de Agua Térmica Urban 771,Deportes y Aire Libre,Urban,2172.62,1143.36,114,Activo,4.3
PROD-02609,Rasuradora Eléctrica EcoLife 614,Salud y Cuidado Personal,EcoLife,555.23,315.61,249,Activo,4.0
PROD-02610,Libro de Poesía ProStyle 824,Libros y Entretenimiento,ProStyle,2678.41,1510.25,64,Activo,4.9
PROD-02611,Kit de Pintura Titan 346,Juguetes y Juegos,Titan,1944.02,1306.4,281,Activo,4.2
PROD-02612,Engrapadora Industrial Aero 117,Papelería y Oficina,Aero,1415.37,801.58,99,Activo,5.0
PROD-02613,Protector Solar ProStyle 270,Salud y Cuidado Personal,ProStyle,257.52,143.5,239,Activo,4.7
PROD-02614,Dron para Niños Krono 470,Juguetes y Juegos,Krono,3242.91,1917.35,217,Activo,4.4
PROD-02615,Juego de Sartenes ProStyle 823,Hogar y Cocina,ProStyle,6090.02,3496.25,377,Activo,3.9
PROD-02616,Cafetera de Goteo Nexa 813,Hogar y Cocina,Nexa,2043.27,1053.35,431,Activo,4.8
PROD-02617,Monitor 4K ProStyle 424,Electrónica,ProStyle,7238.02,5021.76,315,Activo,4.7
PROD-02618,Rompecabezas 1000 piezas Aero 143,Juguetes y Juegos,Aero,434.13,198.2,399,Activo,4.8
PROD-02619,Aspiradora Robot Aero 231,Hogar y Cocina,Aero,5581.47,3575.14,46,Activo,4.6
PROD-02620,Tablet 10 pulgadas Nexa 119,Electrónica,Nexa,10540.54,7345.3,43,Activo,4.1
PROD-02621,Crema Hidratante Nova 991,Salud y Cuidado Personal,Nova,1817.55,1006.05,466,Activo,3.7
PROD-02622,Cuaderno Profesional Vortex 718,Papelería y Oficina,Vortex,2258.83,1183.27,111,Activo,4.5
PROD-02623,Cuento Infantil Ilustrado EcoLife 638,Libros y Entretenimiento,EcoLife,2618.6,1231.63,307,Activo,5.0
PROD-02624,Silla Ergonómica Aero 403,Papelería y Oficina,Aero,1662.92,807.37,63,Activo,3.4
PROD-02625,Tapete de Yoga Apex 279,Deportes y Aire Libre,Apex,2482.18,1264.85,69,Activo,4.6
PROD-02626,Enciclopedia Ilustrada Apex 444,Libros y Entretenimiento,Apex,173.61,91.92,95,Activo,3.5
PROD-02627,Masajeador Cervical Vortex 677,Salud y Cuidado Personal,Vortex,1283.07,746.05,300,Activo,4.2
PROD-02628,Casco de Ciclismo Nova 609,Deportes y Aire Libre,Nova,7155.02,4444.05,391,Activo,3.5
PROD-02629,Pelota de Fútbol Titan 864,Deportes y Aire Libre,Titan,3971.37,2422.79,186,Activo,3.5
PROD-02630,Mochila de Senderismo Aero 820,Deportes y Aire Libre,Aero,1201.71,675.18,210,Activo,4.4
PROD-02631,Botella de Agua Térmica ProStyle 756,Deportes y Aire Libre,ProStyle,1193.13,738.47,401,Activo,3.2
PROD-02632,Botella de Agua Térmica Vortex 831,Deportes y Aire Libre,Vortex,7725.69,4524.86,422,Activo,3.9
PROD-02633,Masajeador Cervical Vortex 454,Salud y Cuidado Personal,Vortex,997.77,551.67,327,Activo,4.2
PROD-02634,Rasuradora Eléctrica Aero 379,Salud y Cuidado Personal,Aero,1808.94,1116.4,459,Activo,4.7
PROD-02635,Smartwatch Nova 844,Electrónica,Nova,13185.44,9200.6,146,Activo,4.2
PROD-02636,Secadora de Cabello Nova 261,Salud y Cuidado Personal,Nova,245.56,132.6,60,Activo,4.3
PROD-02637,Freidora de Aire Apex 716,Hogar y Cocina,Apex,4406.31,2432.81,38,Activo,3.6
PROD-02638,Mochila de Senderismo Aero 405,Deportes y Aire Libre,Aero,3655.91,2386.47,246,Activo,3.9
PROD-02639,Calculadora Científica Nova 475,Papelería y Oficina,Nova,1582.54,706.95,104,Activo,3.7
PROD-02640,Organizador de Escritorio Titan 406,Papelería y Oficina,Titan,541.74,274.42,444,Activo,3.7
PROD-02641,Calculadora Científica Aero 844,Papelería y Oficina,Aero,1543.44,888.05,432,Activo,3.2
PROD-02642,Teclado Mecánico Vortex 248,Electrónica,Vortex,20913.25,12923.51,192,Activo,4.7
PROD-02643,Licuadora de Alta Potencia Apex 576,Hogar y Cocina,Apex,4538.01,2510.33,361,Activo,4.1
PROD-02644,Cuento Infantil Ilustrado Nova 450,Libros y Entretenimiento,Nova,878.6,523.79,147,Activo,3.4
PROD-02645,Carro a Control Remoto Aero 296,Juguetes y Juegos,Aero,2257.21,1540.02,470,Activo,4.1
PROD-02646,Bocina Portátil Nexa 722,Electrónica,Nexa,1132.47,721.76,334,Activo,4.7
PROD-02647,Kit de Pintura Nova 235,Juguetes y Juegos,Nova,3045.22,1426.36,66,Activo,4.1
PROD-02648,Cuerda para Saltar EcoLife 270,Deportes y Aire Libre,EcoLife,5980.04,4128.36,270,Activo,4.0
PROD-02649,Silla Ergonómica Titan 280,Papelería y Oficina,Titan,1299.67,648.8,275,Activo,3.9
PROD-02650,Carro a Control Remoto Apex 159,Juguetes y Juegos,Apex,2077.61,1299.37,415,Activo,3.2
PROD-02651,Organizador de Escritorio Lumix 670,Papelería y Oficina,Lumix,1980.68,1070.08,63,Activo,3.1
PROD-02652,Destrozadora de Papel Lumix 102,Papelería y Oficina,Lumix,621.5,268.75,233,Activo,3.6
PROD-02653,Pantalón Mezclilla Krono 500,Ropa y Moda,Krono,2267.26,1289.9,416,Activo,3.4
PROD-02654,Muñeca Articulada Nova 899,Juguetes y Juegos,Nova,1495.39,797.68,64,Activo,3.8
PROD-02655,Marcadores de Colores Nova 791,Papelería y Oficina,Nova,2387.9,1283.22,106,Activo,4.2
PROD-02656,Peluche Gigante Nexa 701,Juguetes y Juegos,Nexa,1347.8,773.27,32,Activo,4.6
PROD-02657,Tablet 10 pulgadas ProStyle 258,Electrónica,ProStyle,20523.95,11908.51,51,Activo,4.3
PROD-02658,Set de Bloques de Construcción EcoLife 857,Juguetes y Juegos,EcoLife,1867.59,1193.31,348,Activo,4.8
PROD-02659,Monitor 4K Nexa 670,Electrónica,Nexa,8489.8,6024.86,443,Activo,4.1
PROD-02660,Juego de Mesa Familiar Apex 250,Juguetes y Juegos,Apex,2442.43,1153.49,468,Activo,3.6
PROD-02661,Bicicleta de Montaña Nexa 698,Deportes y Aire Libre,Nexa,797.23,457.44,385,Activo,4.6
PROD-02662,Botella de Agua Térmica Zenith 516,Deportes y Aire Libre,Zenith,4488.37,3007.09,302,Activo,3.2
PROD-02663,Consola Portátil de Videojuegos Krono 505,Juguetes y Juegos,Krono,2541.93,1494.69,280,Activo,3.3
PROD-02664,Sudadera con Capucha Nova 145,Ropa y Moda,Nova,314.03,194.36,338,Activo,3.6
PROD-02665,Bandas de Resistencia Zenith 690,Deportes y Aire Libre,Zenith,3729.04,2390.61,481,Activo,3.5
PROD-02666,Carpeta de Argollas Nexa 540,Papelería y Oficina,Nexa,2003.1,1284.64,36,Activo,4.9
PROD-02667,Smartwatch Krono 775,Electrónica,Krono,13538.2,8060.92,56,Activo,3.1
PROD-02668,Laptop Gamer Krono 893,Electrónica,Krono,23758.48,16544.69,7,Activo,4.3
PROD-02669,Marcadores de Colores Apex 458,Papelería y Oficina,Apex,1657.41,1066.88,214,Activo,4.6
PROD-02670,Monitor 4K ProStyle 720,Electrónica,ProStyle,16321.97,10740.99,161,Activo,4.7
PROD-02671,Sudadera con Capucha Vortex 991,Ropa y Moda,Vortex,1992.15,983.76,199,Activo,3.7
PROD-02672,Cafetera de Goteo Krono 235,Hogar y Cocina,Krono,7258.75,5046.78,191,Activo,4.7
PROD-02673,Sartén Antiadherente Urban 232,Hogar y Cocina,Urban,3973.7,2551.66,212,Activo,4.1
PROD-02674,Sudadera con Capucha Lumix 486,Ropa y Moda,Lumix,495.71,261.42,499,Activo,4.3
PROD-02675,Organizador de Escritorio Apex 905,Papelería y Oficina,Apex,1241.68,791.91,118,Activo,4.5
PROD-02676,Monitor 4K Vortex 248,Electrónica,Vortex,24070.48,17524.76,424,Activo,4.3
PROD-02677,Vestido Casual Nova 161,Ropa y Moda,Nova,2287.83,1262.0,465,Activo,4.7
PROD-02678,Monitor 4K Zenith 632,Electrónica,Zenith,16220.3,10699.05,324,Activo,3.4
PROD-02679,Manual de Cocina Aero 458,Libros y Entretenimiento,Aero,3208.89,1805.19,55,Activo,4.0
PROD-02680,Juego de Cuchillos Vortex 287,Hogar y Cocina,Vortex,2205.45,1447.27,96,Activo,4.4
PROD-02681,Marcadores de Colores Vortex 940,Papelería y Oficina,Vortex,1139.0,513.13,337,Activo,3.8
PROD-02682,Marcadores de Colores Apex 452,Papelería y Oficina,Apex,684.31,312.08,201,Activo,4.2
PROD-02683,Cinturón de Piel Aero 633,Ropa y Moda,Aero,1566.1,1017.05,392,Activo,3.1
PROD-02684,Post-it Adhesivos Apex 200,Papelería y Oficina,Apex,77.07,45.71,495,Activo,4.6
PROD-02685,Destrozadora de Papel Zenith 933,Papelería y Oficina,Zenith,1724.05,1056.04,373,Activo,3.5
PROD-02686,Crema Hidratante Zenith 740,Salud y Cuidado Personal,Zenith,1261.78,686.93,420,Activo,4.7
PROD-02687,Post-it Adhesivos Nexa 732,Papelería y Oficina,Nexa,1843.07,1194.12,152,Activo,4.0
PROD-02688,Chamarra de Pluma Lumix 381,Ropa y Moda,Lumix,1430.88,820.65,142,Activo,3.9
PROD-02689,Gorra Deportiva Aero 462,Ropa y Moda,Aero,100.56,45.12,461,Activo,4.3
PROD-02690,Laptop Gamer Vortex 774,Electrónica,Vortex,8799.59,6109.24,477,Activo,4.8
PROD-02691,Cafetera de Goteo Aero 417,Hogar y Cocina,Aero,746.58,385.35,28,Activo,4.3
PROD-02692,Mouse Inalámbrico Krono 988,Electrónica,Krono,13266.71,7323.61,137,Activo,4.2
PROD-02693,Rasuradora Eléctrica Urban 676,Salud y Cuidado Personal,Urban,720.06,409.13,99,Activo,4.4
PROD-02694,Enciclopedia Ilustrada Urban 371,Libros y Entretenimiento,Urban,273.1,156.79,308,Activo,4.2
PROD-02695,Pelota de Fútbol Nova 129,Deportes y Aire Libre,Nova,4736.37,3219.24,314,Activo,3.6
PROD-02696,Carro a Control Remoto Urban 859,Juguetes y Juegos,Urban,168.95,76.04,153,Activo,3.1
PROD-02697,Crema Hidratante Krono 915,Salud y Cuidado Personal,Krono,2258.63,1306.88,161,Activo,4.0
PROD-02698,Rompecabezas 1000 piezas Urban 263,Juguetes y Juegos,Urban,3175.09,1475.3,201,Activo,3.3
PROD-02699,Engrapadora Industrial ProStyle 918,Papelería y Oficina,ProStyle,2276.5,1279.71,93,Activo,4.9
PROD-02700,Libro de Desarrollo Personal Zenith 180,Libros y Entretenimiento,Zenith,597.88,302.4,367,Activo,3.3
PROD-02701,Biografía Histórica Vortex 315,Libros y Entretenimiento,Vortex,3015.27,2044.64,358,Activo,4.4
PROD-02702,Audífonos Bluetooth Apex 851,Electrónica,Apex,3430.15,2508.14,266,Activo,4.1
PROD-02703,Novela de Ficción Vortex 808,Libros y Entretenimiento,Vortex,2516.87,1333.24,58,Activo,4.3
PROD-02704,Set de Bolígrafos Nova 999,Papelería y Oficina,Nova,415.94,192.22,329,Activo,4.0
PROD-02705,Rasuradora Eléctrica Aero 891,Salud y Cuidado Personal,Aero,1101.74,494.05,307,Activo,3.6
PROD-02706,Cafetera de Goteo Vortex 916,Hogar y Cocina,Vortex,3594.72,2071.57,128,Activo,4.5
PROD-02707,Carro a Control Remoto Krono 662,Juguetes y Juegos,Krono,2583.53,1209.82,488,Activo,4.8
PROD-02708,Set de Bolígrafos EcoLife 876,Papelería y Oficina,EcoLife,1169.75,608.79,361,Activo,3.1
PROD-02709,Novela de Ficción Titan 421,Libros y Entretenimiento,Titan,238.28,137.71,215,Activo,4.3
PROD-02710,Gorra Deportiva Nexa 916,Ropa y Moda,Nexa,1560.36,778.9,38,Activo,3.9
PROD-02711,Kit de Cuidado Facial Aero 404,Salud y Cuidado Personal,Aero,2321.34,1479.07,326,Activo,3.3
PROD-02712,Mancuernas Ajustables Lumix 598,Deportes y Aire Libre,Lumix,818.06,454.54,417,Activo,4.7
PROD-02713,Manual de Cocina EcoLife 269,Libros y Entretenimiento,EcoLife,487.1,257.25,263,Activo,3.2
PROD-02714,Cafetera de Goteo Zenith 796,Hogar y Cocina,Zenith,4204.24,2575.21,234,Activo,5.0
PROD-02715,Vitaminas Multivitamínicas Urban 117,Salud y Cuidado Personal,Urban,1911.88,946.84,128,Activo,4.4
PROD-02716,Lámpara de Escritorio Aero 653,Hogar y Cocina,Aero,3137.1,1570.4,91,Activo,4.3
PROD-02717,Pelota de Fútbol EcoLife 334,Deportes y Aire Libre,EcoLife,5726.68,3055.85,108,Activo,4.5
PROD-02718,Rasuradora Eléctrica Nova 367,Salud y Cuidado Personal,Nova,1874.04,1214.3,164,Activo,4.3
PROD-02719,Smartphone Pro Nova 419,Electrónica,Nova,18903.69,11622.46,337,Activo,3.4
PROD-02720,Bocina Portátil ProStyle 239,Electrónica,ProStyle,12736.61,7289.69,362,Activo,4.4
PROD-02721,Tenis Deportivos Titan 335,Ropa y Moda,Titan,1907.09,848.1,294,Activo,4.0
PROD-02722,Juego de Cuchillos Nexa 811,Hogar y Cocina,Nexa,2907.46,1910.87,291,Activo,4.4
PROD-02723,Carro a Control Remoto Titan 212,Juguetes y Juegos,Titan,1955.25,1127.6,249,Activo,3.6
PROD-02724,Gorra Deportiva Lumix 462,Ropa y Moda,Lumix,1830.65,1150.94,240,Activo,4.4
PROD-02725,Bocina Portátil Nova 304,Electrónica,Nova,5639.74,3154.37,29,Activo,3.4
PROD-02726,Purificador de Aire Nexa 462,Hogar y Cocina,Nexa,1684.77,972.56,279,Activo,3.6
PROD-02727,Cepillo Eléctrico Titan 945,Salud y Cuidado Personal,Titan,111.97,55.59,143,Activo,3.7
PROD-02728,Teclado Mecánico Titan 899,Electrónica,Titan,18670.63,12426.31,199,Activo,4.8
PROD-02729,Sudadera con Capucha Apex 769,Ropa y Moda,Apex,2027.12,1282.25,81,Activo,4.4
PROD-02730,Casco de Ciclismo Urban 429,Deportes y Aire Libre,Urban,7708.3,4049.61,121,Activo,3.7
PROD-02731,Gorra Deportiva Aero 720,Ropa y Moda,Aero,85.66,39.67,337,Activo,3.0
PROD-02732,Dron para Niños ProStyle 877,Juguetes y Juegos,ProStyle,892.74,534.45,370,Activo,4.2
PROD-02733,Cuento Infantil Ilustrado EcoLife 179,Libros y Entretenimiento,EcoLife,3013.06,1642.5,342,Activo,3.6
PROD-02734,Masajeador Cervical Lumix 293,Salud y Cuidado Personal,Lumix,1014.58,580.66,481,Activo,4.8
PROD-02735,Lámpara de Escritorio Apex 807,Hogar y Cocina,Apex,7703.26,4350.27,123,Activo,3.1
PROD-02736,Destrozadora de Papel Nova 514,Papelería y Oficina,Nova,546.02,243.45,150,Activo,4.5
PROD-02737,Sartén Antiadherente Lumix 670,Hogar y Cocina,Lumix,943.49,508.23,460,Activo,3.2
PROD-02738,Chamarra de Pluma ProStyle 341,Ropa y Moda,ProStyle,1623.46,940.5,345,Activo,3.7
PROD-02739,Libro de Desarrollo Personal Nova 676,Libros y Entretenimiento,Nova,1050.23,687.12,431,Activo,3.8
PROD-02740,Carro a Control Remoto ProStyle 917,Juguetes y Juegos,ProStyle,2203.92,1176.48,487,Activo,4.3
PROD-02741,Libro de Finanzas Personales Nexa 564,Libros y Entretenimiento,Nexa,1025.16,517.48,270,Activo,3.4
PROD-02742,Mochila de Senderismo Vortex 423,Deportes y Aire Libre,Vortex,4589.84,2897.73,499,Activo,4.2
PROD-02743,Set de Bolígrafos EcoLife 557,Papelería y Oficina,EcoLife,1259.48,559.29,3,Activo,3.4
PROD-02744,Consola Portátil de Videojuegos Apex 179,Juguetes y Juegos,Apex,392.8,244.34,356,Activo,5.0
PROD-02745,Bandas de Resistencia Aero 112,Deportes y Aire Libre,Aero,8377.81,4931.7,5,Activo,3.5
PROD-02746,Peluche Gigante Apex 769,Juguetes y Juegos,Apex,1734.93,922.96,340,Activo,3.4
PROD-02747,Mouse Inalámbrico Titan 395,Electrónica,Titan,6323.05,4049.09,366,Activo,3.8
PROD-02748,Smartphone Pro Nexa 202,Electrónica,Nexa,5027.62,2795.85,159,Activo,3.2
PROD-02749,Tapete de Yoga Nova 643,Deportes y Aire Libre,Nova,379.98,205.75,306,Activo,4.2
PROD-02750,Consola Portátil de Videojuegos Zenith 332,Juguetes y Juegos,Zenith,1269.97,609.0,364,Activo,3.2
PROD-02751,Destrozadora de Papel Apex 907,Papelería y Oficina,Apex,1094.77,695.59,449,Activo,4.7
PROD-02752,Set de Bolígrafos EcoLife 588,Papelería y Oficina,EcoLife,1898.09,1077.78,260,Activo,3.8
PROD-02753,Smartphone Pro Nexa 575,Electrónica,Nexa,21415.91,13069.33,87,Activo,3.2
PROD-02754,Aspiradora Robot Krono 487,Hogar y Cocina,Krono,2490.55,1339.61,35,Activo,3.3
PROD-02755,Libro de Poesía ProStyle 573,Libros y Entretenimiento,ProStyle,3141.19,1888.96,458,Activo,4.0
PROD-02756,Post-it Adhesivos Lumix 494,Papelería y Oficina,Lumix,2081.12,1251.69,250,Activo,4.7
PROD-02757,Cepillo Eléctrico Nexa 669,Salud y Cuidado Personal,Nexa,559.53,357.69,454,Activo,3.8
PROD-02758,Libro de Poesía ProStyle 295,Libros y Entretenimiento,ProStyle,840.62,402.86,439,Activo,4.9
PROD-02759,Set de Bloques de Construcción Nexa 379,Juguetes y Juegos,Nexa,1136.16,696.29,110,Activo,3.2
PROD-02760,Libro de Finanzas Personales EcoLife 149,Libros y Entretenimiento,EcoLife,2876.34,1304.92,30,Activo,3.3
PROD-02761,Licuadora de Alta Potencia EcoLife 473,Hogar y Cocina,EcoLife,1930.19,1170.86,184,Activo,3.8
PROD-02762,Organizador de Escritorio Apex 218,Papelería y Oficina,Apex,1297.2,612.57,2,Activo,3.3
PROD-02763,Manual de Cocina Nexa 962,Libros y Entretenimiento,Nexa,1917.33,1340.12,22,Activo,4.5
PROD-02764,Vestido Casual Nova 663,Ropa y Moda,Nova,708.12,434.02,84,Activo,4.5
PROD-02765,Cuaderno Profesional Vortex 443,Papelería y Oficina,Vortex,969.89,592.73,257,Activo,3.9
PROD-02766,Tablet 10 pulgadas Vortex 140,Electrónica,Vortex,8706.74,5629.93,465,Activo,4.1
PROD-02767,Set de Bloques de Construcción Urban 574,Juguetes y Juegos,Urban,993.25,681.23,29,Activo,4.9
PROD-02768,Gorra Deportiva Nova 171,Ropa y Moda,Nova,2396.72,1158.52,69,Activo,3.4
PROD-02769,Enciclopedia Ilustrada Aero 782,Libros y Entretenimiento,Aero,2362.05,1140.39,72,Activo,4.3
PROD-02770,Set de Bloques de Construcción Aero 435,Juguetes y Juegos,Aero,3230.6,1821.81,402,Activo,3.6
PROD-02771,Playera de Algodón Zenith 819,Ropa y Moda,Zenith,2143.55,1058.99,163,Activo,3.5
PROD-02772,Bocina Portátil Vortex 930,Electrónica,Vortex,16089.81,9378.35,350,Activo,4.7
PROD-02773,Bocina Portátil Nexa 892,Electrónica,Nexa,15965.33,11604.06,21,Activo,3.4
PROD-02774,Calculadora Científica Apex 344,Papelería y Oficina,Apex,1330.97,824.53,126,Activo,3.1
PROD-02775,Novela de Ficción Lumix 490,Libros y Entretenimiento,Lumix,269.06,185.59,149,Activo,4.5
PROD-02776,Cuerda para Saltar EcoLife 856,Deportes y Aire Libre,EcoLife,8339.58,5088.42,179,Activo,4.3
PROD-02777,Consola Portátil de Videojuegos Lumix 949,Juguetes y Juegos,Lumix,3087.11,1828.28,239,Activo,4.0
PROD-02778,Bascula Digital Nova 948,Salud y Cuidado Personal,Nova,2060.73,996.58,221,Activo,3.7
PROD-02779,Novela de Ficción ProStyle 716,Libros y Entretenimiento,ProStyle,718.86,363.02,325,Activo,3.1
PROD-02780,Cuaderno Profesional Urban 809,Papelería y Oficina,Urban,580.38,326.61,14,Activo,4.6
PROD-02781,Vestido Casual Zenith 329,Ropa y Moda,Zenith,596.84,384.07,238,Activo,3.1
PROD-02782,Licuadora de Alta Potencia Nova 896,Hogar y Cocina,Nova,5822.6,3166.97,210,Activo,3.0
PROD-02783,Sudadera con Capucha Aero 535,Ropa y Moda,Aero,756.26,314.86,222,Activo,3.3
PROD-02784,Cámara DSLR Vortex 816,Electrónica,Vortex,3844.33,2251.06,56,Activo,4.0
PROD-02785,Comic Edición de Colección Krono 779,Libros y Entretenimiento,Krono,2666.78,1357.77,144,Activo,4.9
PROD-02786,Juego de Sartenes Lumix 520,Hogar y Cocina,Lumix,3165.46,1988.55,8,Activo,4.2
PROD-02787,Aspiradora Robot Lumix 326,Hogar y Cocina,Lumix,1971.5,1162.26,438,Activo,3.5
PROD-02788,Vitaminas Multivitamínicas ProStyle 401,Salud y Cuidado Personal,ProStyle,743.41,332.18,379,Activo,3.7
PROD-02789,Sartén Antiadherente EcoLife 465,Hogar y Cocina,EcoLife,6737.25,4692.43,192,Activo,3.7
PROD-02790,Cuaderno Profesional Urban 179,Papelería y Oficina,Urban,2194.95,1042.35,18,Activo,3.8
PROD-02791,Set de Bloques de Construcción Nexa 294,Juguetes y Juegos,Nexa,1605.92,1107.85,311,Activo,3.6
PROD-02792,Gorra Deportiva Nexa 185,Ropa y Moda,Nexa,947.06,429.72,308,Activo,4.2
PROD-02793,Bocina Portátil Apex 430,Electrónica,Apex,5857.32,3271.55,430,Activo,3.5
PROD-02794,Mancuernas Ajustables Aero 934,Deportes y Aire Libre,Aero,2189.55,1307.98,219,Activo,3.3
PROD-02795,Cafetera de Goteo Nexa 385,Hogar y Cocina,Nexa,3228.01,2092.09,70,Activo,4.5
PROD-02796,Bascula Digital Lumix 907,Salud y Cuidado Personal,Lumix,758.42,445.33,452,Activo,4.0
PROD-02797,Secadora de Cabello Nova 621,Salud y Cuidado Personal,Nova,1166.67,555.16,403,Activo,3.2
PROD-02798,Calculadora Científica Lumix 385,Papelería y Oficina,Lumix,655.1,291.89,249,Activo,4.8
PROD-02799,Licuadora de Alta Potencia Aero 915,Hogar y Cocina,Aero,2044.12,1126.6,385,Activo,3.2
PROD-02800,Juego de Mesa Familiar Titan 102,Juguetes y Juegos,Titan,1609.68,888.85,380,Activo,4.0
PROD-02801,Peluche Gigante Nova 998,Juguetes y Juegos,Nova,1986.61,1291.55,199,Activo,3.2
PROD-02802,Chamarra de Pluma Vortex 884,Ropa y Moda,Vortex,2219.15,1081.48,372,Activo,3.4
PROD-02803,Rasuradora Eléctrica Vortex 252,Salud y Cuidado Personal,Vortex,1310.65,696.36,245,Activo,4.3
PROD-02804,Kit de Cuidado Facial Nexa 436,Salud y Cuidado Personal,Nexa,51.86,23.68,130,Activo,4.2
PROD-02805,Bascula Digital Krono 668,Salud y Cuidado Personal,Krono,137.47,66.25,494,Activo,3.0
PROD-02806,Carro a Control Remoto Vortex 353,Juguetes y Juegos,Vortex,3377.8,2235.78,176,Activo,4.5
PROD-02807,Cepillo Eléctrico Krono 950,Salud y Cuidado Personal,Krono,2145.0,1131.29,0,Agotado,3.0
PROD-02808,Crema Hidratante Urban 951,Salud y Cuidado Personal,Urban,816.82,460.68,302,Activo,3.4
PROD-02809,Peluche Gigante Apex 132,Juguetes y Juegos,Apex,159.4,101.67,29,Activo,3.7
PROD-02810,Gafas de Sol Urban 404,Ropa y Moda,Urban,350.68,156.37,238,Activo,3.9
PROD-02811,Purificador de Aire Apex 181,Hogar y Cocina,Apex,8335.31,5498.72,328,Activo,4.4
PROD-02812,Sudadera con Capucha Nova 360,Ropa y Moda,Nova,2004.69,1180.7,390,Activo,3.7
PROD-02813,Carro a Control Remoto Nova 407,Juguetes y Juegos,Nova,2591.98,1262.5,326,Activo,3.3
PROD-02814,Bocina Portátil EcoLife 934,Electrónica,EcoLife,11331.05,6924.49,122,Activo,3.8
PROD-02815,Horno de Microondas Lumix 805,Hogar y Cocina,Lumix,2706.64,1830.35,498,Activo,3.0
PROD-02816,Dron para Niños Apex 242,Juguetes y Juegos,Apex,478.83,309.8,453,Activo,3.5
PROD-02817,Teclado Mecánico Vortex 990,Electrónica,Vortex,12509.0,7838.44,40,Activo,3.1
PROD-02818,Tablet 10 pulgadas Krono 650,Electrónica,Krono,7336.41,4710.89,437,Activo,3.9
PROD-02819,Cámara DSLR Urban 446,Electrónica,Urban,5562.66,3289.71,248,Activo,4.4
PROD-02820,Silla Ergonómica Nova 884,Papelería y Oficina,Nova,1781.87,956.52,262,Activo,3.9
PROD-02821,Biografía Histórica ProStyle 910,Libros y Entretenimiento,ProStyle,652.49,323.87,354,Activo,4.4
PROD-02822,Casco de Ciclismo Apex 809,Deportes y Aire Libre,Apex,4114.57,2532.52,426,Activo,3.6
PROD-02823,Cepillo Eléctrico Lumix 269,Salud y Cuidado Personal,Lumix,1804.22,1039.95,325,Activo,3.8
PROD-02824,Calcetines Transpirables ProStyle 259,Ropa y Moda,ProStyle,2430.34,1359.4,451,Activo,4.1
PROD-02825,Tenis Deportivos Vortex 259,Ropa y Moda,Vortex,1071.09,632.55,473,Activo,3.1
PROD-02826,Kit de Pintura Titan 865,Juguetes y Juegos,Titan,1989.18,1092.89,82,Activo,3.4
PROD-02827,Biografía Histórica Lumix 429,Libros y Entretenimiento,Lumix,2588.3,1705.17,321,Activo,3.1
PROD-02828,Sartén Antiadherente Aero 443,Hogar y Cocina,Aero,1115.56,647.91,428,Activo,4.7
PROD-02829,Gafas de Sol Lumix 606,Ropa y Moda,Lumix,2381.31,1195.15,19,Activo,3.2
PROD-02830,Tenis Deportivos Titan 944,Ropa y Moda,Titan,1792.82,968.47,43,Activo,3.1
PROD-02831,Pelota de Fútbol Nova 622,Deportes y Aire Libre,Nova,4806.44,2720.5,341,Activo,4.7
PROD-02832,Teclado Mecánico Aero 836,Electrónica,Aero,23730.47,16165.9,238,Activo,3.2
PROD-02833,Laptop Gamer Vortex 134,Electrónica,Vortex,10527.86,7223.72,244,Activo,3.8
PROD-02834,Set de Bolígrafos Nova 175,Papelería y Oficina,Nova,1927.54,1205.86,286,Activo,3.8
PROD-02835,Juego de Mesa Familiar Lumix 952,Juguetes y Juegos,Lumix,235.81,161.26,311,Activo,4.4
PROD-02836,Cuerda para Saltar Apex 880,Deportes y Aire Libre,Apex,6370.32,4371.19,402,Activo,4.5
PROD-02837,Mouse Inalámbrico Aero 958,Electrónica,Aero,13919.01,7805.23,390,Activo,4.0
PROD-02838,Silla Ergonómica Zenith 417,Papelería y Oficina,Zenith,151.76,81.84,28,Activo,4.6
PROD-02839,Rompecabezas 1000 piezas Krono 167,Juguetes y Juegos,Krono,1769.17,1122.38,290,Activo,4.6
PROD-02840,Casco de Ciclismo Lumix 298,Deportes y Aire Libre,Lumix,1413.44,751.91,454,Activo,4.5
PROD-02841,Cuerda para Saltar Aero 121,Deportes y Aire Libre,Aero,5690.78,3908.13,125,Activo,4.6
PROD-02842,Enciclopedia Ilustrada ProStyle 755,Libros y Entretenimiento,ProStyle,1206.91,673.11,9,Activo,4.8
PROD-02843,Comic Edición de Colección Urban 949,Libros y Entretenimiento,Urban,3392.2,1995.96,119,Activo,4.7
PROD-02844,Cepillo Eléctrico Titan 639,Salud y Cuidado Personal,Titan,1699.81,966.28,100,Activo,3.9
PROD-02845,Cuerda para Saltar EcoLife 161,Deportes y Aire Libre,EcoLife,2798.91,1887.86,359,Activo,4.4
PROD-02846,Juego de Cuchillos Vortex 754,Hogar y Cocina,Vortex,7647.96,4315.44,122,Activo,3.9
PROD-02847,Libro de Finanzas Personales Zenith 877,Libros y Entretenimiento,Zenith,1791.5,879.67,302,Activo,3.6
PROD-02848,Smartwatch Nexa 401,Electrónica,Nexa,15234.51,9580.65,342,Activo,4.4
PROD-02849,Mouse Inalámbrico ProStyle 712,Electrónica,ProStyle,11389.2,7674.16,226,Activo,4.4
PROD-02850,Audífonos Bluetooth Titan 788,Electrónica,Titan,22245.89,15362.2,50,Activo,4.5
PROD-02851,Libro de Finanzas Personales Vortex 477,Libros y Entretenimiento,Vortex,1002.55,647.08,406,Activo,3.8
PROD-02852,Set de Bolígrafos Nexa 742,Papelería y Oficina,Nexa,1619.66,1036.23,416,Activo,4.6
PROD-02853,Rasuradora Eléctrica Zenith 278,Salud y Cuidado Personal,Zenith,1460.02,812.27,151,Activo,3.1
PROD-02854,Silla Ergonómica EcoLife 645,Papelería y Oficina,EcoLife,2178.59,1357.08,67,Activo,4.1
PROD-02855,Sartén Antiadherente Aero 617,Hogar y Cocina,Aero,413.22,215.76,219,Activo,3.7
PROD-02856,Masajeador Cervical EcoLife 746,Salud y Cuidado Personal,EcoLife,862.06,546.11,405,Activo,3.8
PROD-02857,Bicicleta de Montaña Apex 242,Deportes y Aire Libre,Apex,7011.77,3697.16,446,Activo,3.6
PROD-02858,Protector Solar Krono 452,Salud y Cuidado Personal,Krono,632.98,280.04,195,Activo,3.7
PROD-02859,Licuadora de Alta Potencia EcoLife 397,Hogar y Cocina,EcoLife,6867.07,3760.75,123,Activo,5.0
PROD-02860,Muñeca Articulada Nova 535,Juguetes y Juegos,Nova,3454.43,2352.73,169,Activo,4.7
PROD-02861,Mochila de Senderismo Krono 763,Deportes y Aire Libre,Krono,5069.86,3331.96,108,Activo,4.5
PROD-02862,Smartwatch Lumix 744,Electrónica,Lumix,4604.59,3408.14,292,Activo,4.3
PROD-02863,Crema Hidratante Krono 613,Salud y Cuidado Personal,Krono,1025.41,442.19,176,Activo,4.1
PROD-02864,Sudadera con Capucha ProStyle 839,Ropa y Moda,ProStyle,949.62,543.37,297,Activo,3.5
PROD-02865,Destrozadora de Papel Lumix 177,Papelería y Oficina,Lumix,1196.38,663.25,378,Activo,4.9
PROD-02866,Sartén Antiadherente Apex 822,Hogar y Cocina,Apex,2117.25,1108.58,285,Activo,4.8
PROD-02867,Consola Portátil de Videojuegos ProStyle 665,Juguetes y Juegos,ProStyle,3408.09,1703.26,413,Activo,4.7
PROD-02868,Sartén Antiadherente Aero 776,Hogar y Cocina,Aero,4829.73,2710.25,382,Activo,4.3
PROD-02869,Smartwatch Nexa 982,Electrónica,Nexa,1989.56,1280.57,436,Activo,4.3
PROD-02870,Masajeador Cervical Nexa 951,Salud y Cuidado Personal,Nexa,1270.56,695.85,39,Activo,4.7
PROD-02871,Cuerda para Saltar Apex 534,Deportes y Aire Libre,Apex,680.64,397.57,222,Activo,4.3
PROD-02872,Enciclopedia Ilustrada Titan 321,Libros y Entretenimiento,Titan,2585.05,1789.44,381,Activo,5.0
PROD-02873,Bandas de Resistencia Vortex 934,Deportes y Aire Libre,Vortex,7428.39,4228.48,303,Activo,3.7
PROD-02874,Bocina Portátil Aero 571,Electrónica,Aero,19274.89,13896.84,416,Activo,3.8
PROD-02875,Tablet 10 pulgadas Apex 496,Electrónica,Apex,8674.95,6433.21,394,Activo,3.9
PROD-02876,Dron para Niños Apex 899,Juguetes y Juegos,Apex,2246.29,1270.0,180,Activo,3.9
PROD-02877,Lámpara de Escritorio Nova 834,Hogar y Cocina,Nova,3719.6,2315.58,199,Activo,4.9
PROD-02878,Vestido Casual Aero 772,Ropa y Moda,Aero,1170.32,558.91,424,Activo,3.9
PROD-02879,Consola Portátil de Videojuegos Urban 418,Juguetes y Juegos,Urban,827.99,557.72,258,Activo,4.8
PROD-02880,Cámara DSLR Nova 612,Electrónica,Nova,24824.3,18168.89,28,Activo,4.8
PROD-02881,Organizador de Escritorio Apex 489,Papelería y Oficina,Apex,902.14,392.12,482,Activo,3.7
PROD-02882,Libro de Poesía Nexa 304,Libros y Entretenimiento,Nexa,2420.65,1432.54,1,Activo,3.9
PROD-02883,Engrapadora Industrial Aero 287,Papelería y Oficina,Aero,544.16,292.26,45,Activo,4.2
PROD-02884,Tablet 10 pulgadas Zenith 286,Electrónica,Zenith,22114.61,12244.35,97,Activo,4.2
PROD-02885,Botella de Agua Térmica Vortex 373,Deportes y Aire Libre,Vortex,5357.65,3418.17,130,Activo,4.4
PROD-02886,Set de Bloques de Construcción ProStyle 420,Juguetes y Juegos,ProStyle,2295.42,1232.75,96,Activo,4.3
PROD-02887,Cepillo Eléctrico Titan 367,Salud y Cuidado Personal,Titan,2353.2,1003.36,132,Activo,3.7
PROD-02888,Carpeta de Argollas Nova 288,Papelería y Oficina,Nova,1663.61,676.45,196,Activo,3.7
PROD-02889,Pantalón Mezclilla Aero 829,Ropa y Moda,Aero,464.83,195.24,277,Activo,3.7
PROD-02890,Rasuradora Eléctrica ProStyle 892,Salud y Cuidado Personal,ProStyle,1090.2,615.27,301,Activo,3.9
PROD-02891,Secadora de Cabello Aero 229,Salud y Cuidado Personal,Aero,1854.18,1084.6,284,Activo,4.1
PROD-02892,Dron para Niños Urban 739,Juguetes y Juegos,Urban,429.52,223.32,451,Activo,3.0
PROD-02893,Secadora de Cabello Krono 426,Salud y Cuidado Personal,Krono,2275.04,1018.38,243,Activo,4.1
PROD-02894,Licuadora de Alta Potencia EcoLife 260,Hogar y Cocina,EcoLife,6645.11,4409.82,326,Activo,3.9
PROD-02895,Peluche Gigante EcoLife 831,Juguetes y Juegos,EcoLife,2110.14,1279.48,487,Activo,4.7
PROD-02896,Botella de Agua Térmica ProStyle 421,Deportes y Aire Libre,ProStyle,1088.32,727.07,484,Activo,3.1
PROD-02897,Silla Ergonómica Nova 874,Papelería y Oficina,Nova,1153.22,505.43,321,Activo,3.2
PROD-02898,Playera de Algodón Apex 943,Ropa y Moda,Apex,2091.12,1197.28,248,Activo,3.7
PROD-02899,Sartén Antiadherente ProStyle 752,Hogar y Cocina,ProStyle,5757.38,3796.99,257,Activo,4.1
PROD-02900,Manual de Cocina Urban 961,Libros y Entretenimiento,Urban,2962.57,1363.71,270,Activo,3.8
PROD-02901,Gafas de Sol Nova 398,Ropa y Moda,Nova,2457.24,1072.91,71,Activo,3.0
PROD-02902,Novela de Ficción Nexa 318,Libros y Entretenimiento,Nexa,341.07,183.37,74,Activo,4.1
PROD-02903,Juego de Mesa Familiar Lumix 795,Juguetes y Juegos,Lumix,2953.41,1370.18,315,Activo,4.5
PROD-02904,Silla Ergonómica EcoLife 784,Papelería y Oficina,EcoLife,611.72,318.31,361,Activo,4.9
PROD-02905,Gel Antiséptico Nexa 760,Salud y Cuidado Personal,Nexa,1763.25,872.74,481,Activo,4.9
PROD-02906,Cámara DSLR Aero 100,Electrónica,Aero,14514.07,8824.56,66,Activo,3.8
PROD-02907,Biografía Histórica Lumix 899,Libros y Entretenimiento,Lumix,3011.82,1815.14,407,Activo,3.9
PROD-02908,Rompecabezas 1000 piezas Zenith 977,Juguetes y Juegos,Zenith,1541.47,928.09,73,Activo,3.7
PROD-02909,Tapete de Yoga Lumix 376,Deportes y Aire Libre,Lumix,2486.41,1705.83,6,Activo,3.7
PROD-02910,Rompecabezas 1000 piezas Nova 470,Juguetes y Juegos,Nova,3044.26,1564.51,467,Activo,3.2
PROD-02911,Monitor 4K Nova 609,Electrónica,Nova,18725.64,12109.91,494,Activo,4.9
PROD-02912,Enciclopedia Ilustrada Nova 134,Libros y Entretenimiento,Nova,779.87,512.36,394,Activo,3.3
PROD-02913,Calculadora Científica Aero 460,Papelería y Oficina,Aero,1955.84,1065.53,45,Activo,3.9
PROD-02914,Libro de Poesía Urban 692,Libros y Entretenimiento,Urban,2853.22,1604.78,136,Activo,3.5
PROD-02915,Juego de Mesa Familiar Krono 408,Juguetes y Juegos,Krono,833.94,447.06,266,Activo,3.2
PROD-02916,Set de Bloques de Construcción Apex 520,Juguetes y Juegos,Apex,2965.18,1469.96,306,Activo,3.7
PROD-02917,Cuaderno Profesional Aero 878,Papelería y Oficina,Aero,1594.11,1031.2,494,Activo,3.3
PROD-02918,Libro de Finanzas Personales Apex 495,Libros y Entretenimiento,Apex,963.82,515.72,386,Activo,3.8
PROD-02919,Smartwatch Titan 943,Electrónica,Titan,7995.54,5183.8,342,Activo,4.4
PROD-02920,Pelota de Fútbol Urban 186,Deportes y Aire Libre,Urban,6974.22,4754.51,378,Activo,4.4
PROD-02921,Juego de Sartenes Lumix 238,Hogar y Cocina,Lumix,3539.7,2428.18,254,Activo,3.4
PROD-02922,Engrapadora Industrial Vortex 421,Papelería y Oficina,Vortex,392.04,168.98,17,Activo,3.3
PROD-02923,Guantes de Gimnasio Titan 168,Deportes y Aire Libre,Titan,2267.29,1202.94,1,Activo,3.4
PROD-02924,Protector Solar Aero 582,Salud y Cuidado Personal,Aero,1100.75,623.17,190,Activo,5.0
PROD-02925,Muñeca Articulada Zenith 848,Juguetes y Juegos,Zenith,1914.97,1088.41,204,Activo,4.8
PROD-02926,Monitor 4K Krono 176,Electrónica,Krono,3601.84,2264.91,96,Activo,4.7
PROD-02927,Bascula Digital Nexa 197,Salud y Cuidado Personal,Nexa,2119.45,1259.54,62,Activo,3.8
PROD-02928,Bandas de Resistencia Titan 628,Deportes y Aire Libre,Titan,7141.73,3762.73,250,Activo,4.4
PROD-02929,Horno de Microondas Apex 498,Hogar y Cocina,Apex,4469.81,2920.4,433,Activo,4.7
PROD-02930,Post-it Adhesivos Apex 866,Papelería y Oficina,Apex,2345.05,1514.85,120,Activo,3.2
PROD-02931,Mochila de Senderismo Urban 817,Deportes y Aire Libre,Urban,4072.38,2473.08,447,Activo,3.7
PROD-02932,Playera de Algodón ProStyle 529,Ropa y Moda,ProStyle,1806.85,769.27,13,Activo,4.0
PROD-02933,Gel Antiséptico Nexa 620,Salud y Cuidado Personal,Nexa,1811.07,1048.83,286,Activo,3.6
PROD-02934,Novela de Ficción Titan 500,Libros y Entretenimiento,Titan,2733.34,1499.59,307,Activo,4.8
PROD-02935,Marcadores de Colores Zenith 267,Papelería y Oficina,Zenith,1029.36,619.35,201,Activo,3.5
PROD-02936,Playera de Algodón Lumix 224,Ropa y Moda,Lumix,298.13,152.8,427,Activo,4.5
PROD-02937,Vestido Casual Nexa 557,Ropa y Moda,Nexa,197.98,87.61,266,Activo,4.5
PROD-02938,Casco de Ciclismo Vortex 884,Deportes y Aire Libre,Vortex,3643.82,1851.24,105,Activo,4.2
PROD-02939,Chamarra de Pluma Lumix 602,Ropa y Moda,Lumix,1888.54,1115.34,258,Activo,3.6
PROD-02940,Carro a Control Remoto Urban 716,Juguetes y Juegos,Urban,1853.01,1099.95,35,Activo,4.1
PROD-02941,Cinturón de Piel Aero 860,Ropa y Moda,Aero,172.24,72.19,480,Activo,4.0
PROD-02942,Organizador de Escritorio Urban 983,Papelería y Oficina,Urban,2458.38,1294.59,275,Activo,5.0
PROD-02943,Calcetines Transpirables Aero 624,Ropa y Moda,Aero,2213.43,930.87,497,Activo,4.7
PROD-02944,Cinturón de Piel Krono 531,Ropa y Moda,Krono,788.89,345.04,174,Activo,3.1
PROD-02945,Consola Portátil de Videojuegos Apex 712,Juguetes y Juegos,Apex,1318.97,761.0,186,Activo,4.6
PROD-02946,Destrozadora de Papel Urban 344,Papelería y Oficina,Urban,1336.25,566.27,123,Activo,3.4
PROD-02947,Rompecabezas 1000 piezas Aero 372,Juguetes y Juegos,Aero,2753.91,1405.97,373,Activo,5.0
PROD-02948,Biografía Histórica Urban 154,Libros y Entretenimiento,Urban,2892.7,1460.72,73,Activo,3.2
PROD-02949,Tablet 10 pulgadas EcoLife 193,Electrónica,EcoLife,11602.39,8189.62,60,Activo,3.7
PROD-02950,Gafas de Sol Apex 331,Ropa y Moda,Apex,1507.27,848.3,388,Activo,4.5
PROD-02951,Bandas de Resistencia EcoLife 250,Deportes y Aire Libre,EcoLife,2491.98,1643.53,457,Activo,3.5
PROD-02952,Tablet 10 pulgadas Vortex 981,Electrónica,Vortex,5751.32,3743.57,177,Activo,4.3
PROD-02953,Cafetera de Goteo Apex 114,Hogar y Cocina,Apex,4911.01,2457.38,308,Activo,4.9
PROD-02954,Monitor 4K Aero 377,Electrónica,Aero,19117.29,12753.11,266,Activo,4.2
PROD-02955,Gorra Deportiva Lumix 117,Ropa y Moda,Lumix,2491.08,1611.5,185,Activo,3.2
PROD-02956,Botella de Agua Térmica Titan 490,Deportes y Aire Libre,Titan,271.77,160.92,33,Activo,4.9
PROD-02957,Destrozadora de Papel Aero 917,Papelería y Oficina,Aero,866.2,386.65,126,Activo,3.9
PROD-02958,Calcetines Transpirables Lumix 135,Ropa y Moda,Lumix,2499.84,1603.97,53,Activo,4.7
PROD-02959,Vitaminas Multivitamínicas Nova 490,Salud y Cuidado Personal,Nova,1526.76,987.46,193,Activo,3.9
PROD-02960,Calcetines Transpirables Krono 947,Ropa y Moda,Krono,2458.99,995.89,267,Activo,4.2
PROD-02961,Lámpara de Escritorio Zenith 525,Hogar y Cocina,Zenith,5676.1,2885.01,99,Activo,3.5
PROD-02962,Sudadera con Capucha ProStyle 855,Ropa y Moda,ProStyle,2012.88,1102.72,233,Activo,3.7
PROD-02963,Peluche Gigante EcoLife 630,Juguetes y Juegos,EcoLife,297.44,151.29,432,Activo,4.1
PROD-02964,Bandas de Resistencia ProStyle 503,Deportes y Aire Libre,ProStyle,5186.34,3104.21,334,Activo,4.0
PROD-02965,Gorra Deportiva Nova 696,Ropa y Moda,Nova,2474.38,1349.05,149,Activo,3.2
PROD-02966,Horno de Microondas Urban 473,Hogar y Cocina,Urban,3416.75,2329.76,446,Activo,3.2
PROD-02967,Licuadora de Alta Potencia EcoLife 525,Hogar y Cocina,EcoLife,309.04,185.08,345,Activo,3.9
PROD-02968,Bicicleta de Montaña EcoLife 322,Deportes y Aire Libre,EcoLife,4164.12,2729.44,224,Activo,3.1
PROD-02969,Cinturón de Piel Urban 602,Ropa y Moda,Urban,1128.93,675.73,329,Activo,3.5
PROD-02970,Mochila de Senderismo Aero 552,Deportes y Aire Libre,Aero,7120.54,4870.96,107,Activo,4.6
PROD-02971,Pista de Carreras Nova 978,Juguetes y Juegos,Nova,587.89,407.68,408,Activo,4.2
PROD-02972,Gorra Deportiva Urban 860,Ropa y Moda,Urban,968.89,489.15,474,Activo,4.2
PROD-02973,Organizador de Escritorio Zenith 460,Papelería y Oficina,Zenith,799.13,429.08,121,Activo,3.4
PROD-02974,Freidora de Aire Aero 183,Hogar y Cocina,Aero,2848.52,1790.05,209,Activo,4.4
PROD-02975,Bandas de Resistencia ProStyle 913,Deportes y Aire Libre,ProStyle,4153.15,2502.27,32,Activo,3.4
PROD-02976,Carpeta de Argollas Zenith 659,Papelería y Oficina,Zenith,2446.78,1088.61,80,Activo,4.2
PROD-02977,Aspiradora Robot Lumix 858,Hogar y Cocina,Lumix,1478.03,994.55,466,Activo,3.9
PROD-02978,Carro a Control Remoto Nexa 526,Juguetes y Juegos,Nexa,250.61,140.51,312,Activo,4.9
PROD-02979,Crema Hidratante Nexa 224,Salud y Cuidado Personal,Nexa,2341.13,1476.35,280,Activo,4.2
PROD-02980,Rasuradora Eléctrica Krono 711,Salud y Cuidado Personal,Krono,64.4,33.69,123,Activo,4.1
PROD-02981,Mancuernas Ajustables Nova 704,Deportes y Aire Libre,Nova,350.69,243.15,162,Activo,4.9
PROD-02982,Freidora de Aire Krono 702,Hogar y Cocina,Krono,4850.62,3363.63,167,Activo,3.9
PROD-02983,Dron para Niños Vortex 371,Juguetes y Juegos,Vortex,1903.42,1039.3,341,Activo,3.4
PROD-02984,Sudadera con Capucha Nexa 405,Ropa y Moda,Nexa,1346.71,670.71,380,Activo,4.6
PROD-02985,Mouse Inalámbrico Zenith 467,Electrónica,Zenith,23111.84,13578.51,15,Activo,3.7
PROD-02986,Horno de Microondas Urban 526,Hogar y Cocina,Urban,7807.14,4678.79,176,Activo,4.4
PROD-02987,Purificador de Aire Nexa 632,Hogar y Cocina,Nexa,5733.15,3135.87,242,Activo,4.1
PROD-02988,Horno de Microondas Vortex 193,Hogar y Cocina,Vortex,3748.31,2458.27,478,Activo,4.7
PROD-02989,Calcetines Transpirables Apex 592,Ropa y Moda,Apex,1055.09,512.88,432,Activo,4.0
PROD-02990,Calcetines Transpirables Krono 862,Ropa y Moda,Krono,2373.91,1148.85,474,Activo,3.2
PROD-02991,Pantalón Mezclilla Vortex 452,Ropa y Moda,Vortex,2049.08,1238.26,444,Activo,4.7
PROD-02992,Cuaderno Profesional Urban 159,Papelería y Oficina,Urban,513.78,333.49,381,Activo,4.3
PROD-02993,Juego de Mesa Familiar Nova 289,Juguetes y Juegos,Nova,1920.3,1083.95,331,Activo,3.2
PROD-02994,Bicicleta de Montaña Apex 519,Deportes y Aire Libre,Apex,8449.56,4723.73,449,Activo,4.2
PROD-02995,Carro a Control Remoto Zenith 610,Juguetes y Juegos,Zenith,902.61,545.03,386,Activo,4.0
PROD-02996,Crema Hidratante Nova 906,Salud y Cuidado Personal,Nova,862.92,361.41,450,Activo,4.8
PROD-02997,Masajeador Cervical Krono 585,Salud y Cuidado Personal,Krono,270.7,167.3,449,Activo,4.5
PROD-02998,Secadora de Cabello Krono 401,Salud y Cuidado Personal,Krono,199.08,80.17,436,Activo,4.0
PROD-02999,Licuadora de Alta Potencia Zenith 518,Hogar y Cocina,Zenith,2763.22,1448.35,140,Activo,4.4
PROD-03000,Chamarra de Pluma EcoLife 376,Ropa y Moda,EcoLife,456.38,286.9,125,Activo,4.7
PROD-03001,Cinturón de Piel Aero 758,Ropa y Moda,Aero,1553.9,659.58,302,Activo,3.7
PROD-03002,Lámpara de Escritorio Titan 698,Hogar y Cocina,Titan,3601.64,2419.02,7,Activo,3.2
PROD-03003,Mouse Inalámbrico Apex 138,Electrónica,Apex,21374.56,13949.35,434,Activo,3.8
PROD-03004,Mancuernas Ajustables EcoLife 214,Deportes y Aire Libre,EcoLife,2950.7,1905.08,167,Activo,4.4
PROD-03005,Cámara DSLR Nova 860,Electrónica,Nova,683.73,388.32,62,Activo,4.1
PROD-03006,Rasuradora Eléctrica Zenith 737,Salud y Cuidado Personal,Zenith,1770.34,946.99,251,Activo,3.8
PROD-03007,Set de Bolígrafos Urban 781,Papelería y Oficina,Urban,688.42,330.68,10,Activo,3.7
PROD-03008,Playera de Algodón Urban 375,Ropa y Moda,Urban,1244.25,705.41,167,Activo,4.2
PROD-03009,Kit de Cuidado Facial Titan 527,Salud y Cuidado Personal,Titan,406.65,227.7,453,Activo,4.4
PROD-03010,Sartén Antiadherente Apex 145,Hogar y Cocina,Apex,7722.21,4929.46,158,Activo,3.3
PROD-03011,Guantes de Gimnasio Aero 818,Deportes y Aire Libre,Aero,217.77,112.59,179,Activo,3.4
PROD-03012,Cepillo Eléctrico Apex 978,Salud y Cuidado Personal,Apex,1952.45,938.44,484,Activo,4.2
PROD-03013,Tablet 10 pulgadas Apex 542,Electrónica,Apex,13840.39,9214.27,448,Activo,3.9
PROD-03014,Bicicleta de Montaña Titan 225,Deportes y Aire Libre,Titan,1713.61,1066.25,45,Activo,3.2
PROD-03015,Juego de Sartenes Vortex 358,Hogar y Cocina,Vortex,8378.13,4952.91,408,Activo,3.4
PROD-03016,Bocina Portátil Titan 652,Electrónica,Titan,13457.88,8022.24,139,Activo,3.7
PROD-03017,Muñeca Articulada Vortex 187,Juguetes y Juegos,Vortex,107.61,71.85,132,Activo,3.7
PROD-03018,Libro de Desarrollo Personal Nova 937,Libros y Entretenimiento,Nova,1590.16,983.75,239,Activo,4.8
PROD-03019,Carro a Control Remoto Apex 372,Juguetes y Juegos,Apex,3082.34,1857.76,37,Activo,3.3
PROD-03020,Enciclopedia Ilustrada Nova 548,Libros y Entretenimiento,Nova,2546.28,1173.96,305,Activo,4.4
PROD-03021,Set de Bolígrafos Titan 322,Papelería y Oficina,Titan,306.89,166.79,428,Activo,3.6
PROD-03022,Rasuradora Eléctrica Krono 252,Salud y Cuidado Personal,Krono,1047.06,609.6,280,Activo,3.2
PROD-03023,Casco de Ciclismo Zenith 835,Deportes y Aire Libre,Zenith,3093.22,2146.37,366,Activo,3.8
PROD-03024,Casco de Ciclismo Aero 234,Deportes y Aire Libre,Aero,6949.16,3834.4,10,Activo,3.7
PROD-03025,Libro de Desarrollo Personal EcoLife 847,Libros y Entretenimiento,EcoLife,1858.56,1208.89,267,Activo,4.8
PROD-03026,Biografía Histórica Zenith 787,Libros y Entretenimiento,Zenith,2872.23,1692.63,28,Activo,3.2
PROD-03027,Juego de Sartenes Aero 852,Hogar y Cocina,Aero,1867.82,1254.82,26,Activo,3.4
PROD-03028,Cinturón de Piel EcoLife 427,Ropa y Moda,EcoLife,250.87,137.92,222,Activo,3.0
PROD-03029,Lámpara de Escritorio Titan 664,Hogar y Cocina,Titan,5654.4,3050.87,318,Activo,3.8
PROD-03030,Rasuradora Eléctrica Aero 346,Salud y Cuidado Personal,Aero,2092.99,925.12,199,Activo,3.9
PROD-03031,Kit de Pintura Urban 131,Juguetes y Juegos,Urban,3068.12,2065.7,61,Activo,4.1
PROD-03032,Mouse Inalámbrico Zenith 939,Electrónica,Zenith,2471.78,1660.41,439,Activo,4.4
PROD-03033,Purificador de Aire ProStyle 255,Hogar y Cocina,ProStyle,7879.47,4695.26,426,Activo,4.9
PROD-03034,Botella de Agua Térmica ProStyle 192,Deportes y Aire Libre,ProStyle,1108.77,724.12,56,Activo,4.5
PROD-03035,Cinturón de Piel EcoLife 347,Ropa y Moda,EcoLife,1318.64,844.42,388,Activo,3.6
PROD-03036,Mouse Inalámbrico ProStyle 146,Electrónica,ProStyle,22135.94,14227.66,66,Activo,4.9
PROD-03037,Vestido Casual Zenith 834,Ropa y Moda,Zenith,521.14,268.36,219,Activo,5.0
PROD-03038,Calculadora Científica Nova 926,Papelería y Oficina,Nova,1042.46,431.69,483,Activo,3.9
PROD-03039,Tapete de Yoga Apex 772,Deportes y Aire Libre,Apex,2376.31,1641.0,158,Activo,4.7
PROD-03040,Vestido Casual Titan 232,Ropa y Moda,Titan,849.89,508.65,55,Activo,4.5
PROD-03041,Casco de Ciclismo Zenith 280,Deportes y Aire Libre,Zenith,4527.18,2458.22,204,Activo,4.6
PROD-03042,Kit de Cuidado Facial EcoLife 871,Salud y Cuidado Personal,EcoLife,1830.97,962.42,184,Activo,3.7
PROD-03043,Sudadera con Capucha Apex 888,Ropa y Moda,Apex,2284.69,1297.07,412,Activo,4.0
PROD-03044,Guía de Viajes Aero 882,Libros y Entretenimiento,Aero,2338.86,1495.57,381,Activo,4.6
PROD-03045,Manual de Cocina Vortex 159,Libros y Entretenimiento,Vortex,1840.6,1091.88,15,Activo,3.3
PROD-03046,Calculadora Científica Nova 952,Papelería y Oficina,Nova,2189.55,1010.61,231,Activo,3.3
PROD-03047,Tablet 10 pulgadas Aero 989,Electrónica,Aero,15736.57,10677.37,222,Activo,3.5
PROD-03048,Consola Portátil de Videojuegos Urban 734,Juguetes y Juegos,Urban,2006.25,1351.58,354,Activo,4.0
PROD-03049,Aspiradora Robot EcoLife 368,Hogar y Cocina,EcoLife,667.55,393.05,500,Activo,3.8
PROD-03050,Casco de Ciclismo Vortex 500,Deportes y Aire Libre,Vortex,5582.54,3880.19,202,Activo,3.5
PROD-03051,Engrapadora Industrial Nova 533,Papelería y Oficina,Nova,1877.54,833.78,173,Activo,3.3
PROD-03052,Playera de Algodón Urban 910,Ropa y Moda,Urban,989.92,545.82,101,Activo,3.4
PROD-03053,Licuadora de Alta Potencia Vortex 936,Hogar y Cocina,Vortex,4568.46,2599.51,470,Activo,4.4
PROD-03054,Mancuernas Ajustables Vortex 299,Deportes y Aire Libre,Vortex,5669.5,3037.2,257,Activo,3.7
PROD-03055,Guantes de Gimnasio Apex 933,Deportes y Aire Libre,Apex,1624.4,1071.79,297,Activo,4.0
PROD-03056,Vitaminas Multivitamínicas Apex 711,Salud y Cuidado Personal,Apex,1124.48,556.55,197,Activo,5.0
PROD-03057,Cuerda para Saltar Nova 551,Deportes y Aire Libre,Nova,3313.55,1972.65,80,Activo,3.7
PROD-03058,Purificador de Aire Nexa 604,Hogar y Cocina,Nexa,7746.56,4882.12,312,Activo,4.5
PROD-03059,Casco de Ciclismo Vortex 582,Deportes y Aire Libre,Vortex,4128.51,2409.78,252,Activo,4.0
PROD-03060,Manual de Cocina EcoLife 429,Libros y Entretenimiento,EcoLife,2916.12,1407.19,211,Activo,5.0
PROD-03061,Playera de Algodón Urban 173,Ropa y Moda,Urban,547.32,312.87,46,Activo,4.8
PROD-03062,Tablet 10 pulgadas EcoLife 534,Electrónica,EcoLife,11597.56,6673.28,112,Activo,4.6
PROD-03063,Marcadores de Colores Krono 736,Papelería y Oficina,Krono,340.55,209.54,392,Activo,3.6
PROD-03064,Mancuernas Ajustables Titan 144,Deportes y Aire Libre,Titan,411.63,281.9,495,Activo,3.8
PROD-03065,Post-it Adhesivos Zenith 102,Papelería y Oficina,Zenith,544.68,219.6,200,Activo,3.0
PROD-03066,Kit de Pintura Vortex 232,Juguetes y Juegos,Vortex,2073.97,1206.03,59,Activo,3.4
PROD-03067,Set de Bloques de Construcción Apex 440,Juguetes y Juegos,Apex,2415.86,1528.68,43,Activo,3.7
PROD-03068,Mochila de Senderismo Krono 821,Deportes y Aire Libre,Krono,1884.64,1147.67,87,Activo,3.9
PROD-03069,Marcadores de Colores ProStyle 229,Papelería y Oficina,ProStyle,1515.93,667.45,401,Activo,4.3
PROD-03070,Sartén Antiadherente Vortex 707,Hogar y Cocina,Vortex,703.91,382.64,274,Activo,4.1
PROD-03071,Teclado Mecánico Urban 105,Electrónica,Urban,15112.91,8547.77,475,Activo,4.9
PROD-03072,Destrozadora de Papel Krono 830,Papelería y Oficina,Krono,2051.18,974.23,40,Activo,4.1
PROD-03073,Playera de Algodón Aero 213,Ropa y Moda,Aero,765.61,412.72,99,Activo,3.6
PROD-03074,Rasuradora Eléctrica Lumix 890,Salud y Cuidado Personal,Lumix,1614.69,719.79,337,Activo,3.4
PROD-03075,Secadora de Cabello EcoLife 363,Salud y Cuidado Personal,EcoLife,1563.62,940.42,160,Activo,4.4
PROD-03076,Libro de Poesía EcoLife 659,Libros y Entretenimiento,EcoLife,1120.47,676.92,216,Activo,3.8
PROD-03077,Bicicleta de Montaña Nexa 119,Deportes y Aire Libre,Nexa,4100.83,2770.88,460,Activo,3.9
PROD-03078,Silla Ergonómica ProStyle 828,Papelería y Oficina,ProStyle,2078.35,875.51,440,Activo,4.3
PROD-03079,Comic Edición de Colección Apex 627,Libros y Entretenimiento,Apex,2513.22,1512.9,10,Activo,4.0
PROD-03080,Kit de Pintura Urban 529,Juguetes y Juegos,Urban,2922.54,1404.35,473,Activo,3.5
PROD-03081,Gel Antiséptico Lumix 644,Salud y Cuidado Personal,Lumix,290.39,180.37,177,Activo,3.1
PROD-03082,Guantes de Gimnasio Titan 694,Deportes y Aire Libre,Titan,3377.86,2171.56,339,Activo,4.3
PROD-03083,Cuerda para Saltar Urban 695,Deportes y Aire Libre,Urban,912.39,636.98,437,Activo,3.6
PROD-03084,Smartphone Pro Apex 972,Electrónica,Apex,8396.68,5146.67,159,Activo,3.2
PROD-03085,Tablet 10 pulgadas Vortex 583,Electrónica,Vortex,4000.3,2327.11,312,Activo,4.2
PROD-03086,Casco de Ciclismo Nova 597,Deportes y Aire Libre,Nova,2073.14,1392.28,382,Activo,4.4
PROD-03087,Sartén Antiadherente Nexa 519,Hogar y Cocina,Nexa,8143.01,5412.73,247,Activo,4.4
PROD-03088,Lámpara de Escritorio Urban 983,Hogar y Cocina,Urban,8265.76,5448.14,447,Activo,4.6
PROD-03089,Horno de Microondas ProStyle 920,Hogar y Cocina,ProStyle,6423.42,3561.09,487,Activo,4.2
PROD-03090,Bascula Digital Urban 555,Salud y Cuidado Personal,Urban,111.56,56.64,75,Activo,4.1
PROD-03091,Silla Ergonómica Urban 755,Papelería y Oficina,Urban,2456.53,1303.74,458,Activo,4.3
PROD-03092,Cepillo Eléctrico Vortex 259,Salud y Cuidado Personal,Vortex,2067.06,1065.99,496,Activo,4.2
PROD-03093,Mochila de Senderismo Aero 677,Deportes y Aire Libre,Aero,3880.96,2160.14,194,Activo,3.3
PROD-03094,Guía de Viajes Lumix 107,Libros y Entretenimiento,Lumix,2587.76,1464.5,234,Activo,3.7
PROD-03095,Bascula Digital Zenith 772,Salud y Cuidado Personal,Zenith,1866.37,841.61,234,Activo,4.5
PROD-03096,Consola Portátil de Videojuegos Apex 523,Juguetes y Juegos,Apex,1922.43,1133.43,118,Activo,4.4
PROD-03097,Carro a Control Remoto Lumix 411,Juguetes y Juegos,Lumix,2812.74,1626.11,299,Activo,3.9
PROD-03098,Bicicleta de Montaña Apex 137,Deportes y Aire Libre,Apex,2293.0,1414.01,323,Activo,3.4
PROD-03099,Gafas de Sol Nexa 670,Ropa y Moda,Nexa,885.59,396.08,391,Activo,3.3
PROD-03100,Silla Ergonómica Titan 660,Papelería y Oficina,Titan,1290.94,582.19,75,Activo,3.1
PROD-03101,Cafetera de Goteo Nova 459,Hogar y Cocina,Nova,8034.9,5603.24,41,Activo,3.3
PROD-03102,Laptop Gamer ProStyle 136,Electrónica,ProStyle,11718.02,7090.11,202,Activo,4.8
PROD-03103,Masajeador Cervical Vortex 851,Salud y Cuidado Personal,Vortex,570.14,311.66,68,Activo,4.9
PROD-03104,Tenis Deportivos Urban 843,Ropa y Moda,Urban,2205.19,941.18,387,Activo,4.2
PROD-03105,Sartén Antiadherente Nova 529,Hogar y Cocina,Nova,7841.88,5337.56,70,Activo,4.4
PROD-03106,Set de Bloques de Construcción Aero 886,Juguetes y Juegos,Aero,3496.91,2181.54,150,Activo,3.9
PROD-03107,Juego de Mesa Familiar Krono 729,Juguetes y Juegos,Krono,3285.02,1770.78,14,Activo,4.5
PROD-03108,Cepillo Eléctrico ProStyle 410,Salud y Cuidado Personal,ProStyle,1443.14,660.91,82,Activo,3.7
PROD-03109,Biografía Histórica ProStyle 253,Libros y Entretenimiento,ProStyle,2744.95,1879.26,266,Activo,3.6
PROD-03110,Cinturón de Piel Apex 833,Ropa y Moda,Apex,1202.55,708.66,24,Activo,3.9
PROD-03111,Smartwatch Urban 625,Electrónica,Urban,20526.71,14501.5,388,Activo,3.5
PROD-03112,Silla Ergonómica Titan 126,Papelería y Oficina,Titan,1459.48,686.54,327,Activo,4.6
PROD-03113,Cámara DSLR Krono 766,Electrónica,Krono,24698.12,15340.78,233,Activo,3.7
PROD-03114,Laptop Gamer Krono 235,Electrónica,Krono,5102.7,2975.38,428,Activo,4.7
PROD-03115,Kit de Pintura ProStyle 563,Juguetes y Juegos,ProStyle,1802.45,1184.95,416,Activo,4.8
PROD-03116,Peluche Gigante Titan 302,Juguetes y Juegos,Titan,240.81,109.54,287,Activo,3.6
PROD-03117,Organizador de Escritorio Aero 799,Papelería y Oficina,Aero,1829.46,888.07,112,Activo,4.1
PROD-03118,Vestido Casual Zenith 934,Ropa y Moda,Zenith,1340.59,794.18,448,Activo,3.1
PROD-03119,Secadora de Cabello Nova 679,Salud y Cuidado Personal,Nova,2171.71,1120.28,490,Activo,4.2
PROD-03120,Gafas de Sol Apex 740,Ropa y Moda,Apex,1632.74,852.87,231,Activo,3.9
PROD-03121,Masajeador Cervical Urban 944,Salud y Cuidado Personal,Urban,183.22,117.02,457,Activo,4.5
PROD-03122,Crema Hidratante Aero 682,Salud y Cuidado Personal,Aero,1884.56,931.74,259,Activo,4.9
PROD-03123,Kit de Cuidado Facial Nova 968,Salud y Cuidado Personal,Nova,660.65,276.83,171,Activo,4.4
PROD-03124,Cepillo Eléctrico Nexa 282,Salud y Cuidado Personal,Nexa,1137.99,508.9,352,Activo,3.4
PROD-03125,Libro de Finanzas Personales Vortex 949,Libros y Entretenimiento,Vortex,2302.25,1154.91,452,Activo,4.7
PROD-03126,Freidora de Aire Lumix 794,Hogar y Cocina,Lumix,2840.73,1936.52,24,Activo,3.5
PROD-03127,Consola Portátil de Videojuegos ProStyle 956,Juguetes y Juegos,ProStyle,139.96,78.51,462,Activo,3.5
PROD-03128,Organizador de Escritorio Urban 565,Papelería y Oficina,Urban,943.58,422.14,432,Activo,3.7
PROD-03129,Guantes de Gimnasio Vortex 169,Deportes y Aire Libre,Vortex,741.27,512.56,127,Activo,4.3
PROD-03130,Protector Solar Vortex 897,Salud y Cuidado Personal,Vortex,1819.77,1154.74,72,Activo,3.4
PROD-03131,Manual de Cocina Titan 410,Libros y Entretenimiento,Titan,2844.91,1538.07,183,Activo,3.3
PROD-03132,Rompecabezas 1000 piezas ProStyle 854,Juguetes y Juegos,ProStyle,2228.62,1486.8,373,Activo,4.1
PROD-03133,Cepillo Eléctrico Zenith 645,Salud y Cuidado Personal,Zenith,731.72,306.62,403,Activo,3.9
PROD-03134,Vitaminas Multivitamínicas Urban 723,Salud y Cuidado Personal,Urban,439.22,220.25,108,Activo,3.0
PROD-03135,Set de Bloques de Construcción EcoLife 863,Juguetes y Juegos,EcoLife,2420.42,1569.76,459,Activo,4.7
PROD-03136,Marcadores de Colores Krono 788,Papelería y Oficina,Krono,1919.26,791.76,262,Activo,4.9
PROD-03137,Cafetera de Goteo Vortex 523,Hogar y Cocina,Vortex,7983.57,5053.19,478,Activo,4.8
PROD-03138,Licuadora de Alta Potencia Urban 509,Hogar y Cocina,Urban,5630.72,3121.82,227,Activo,3.4
PROD-03139,Botella de Agua Térmica Krono 957,Deportes y Aire Libre,Krono,973.33,602.81,432,Activo,4.3
PROD-03140,Tapete de Yoga Nova 972,Deportes y Aire Libre,Nova,3513.15,2202.3,197,Activo,3.9
PROD-03141,Rompecabezas 1000 piezas Nova 732,Juguetes y Juegos,Nova,961.12,547.46,289,Activo,4.5
PROD-03142,Aspiradora Robot Zenith 350,Hogar y Cocina,Zenith,5517.44,3674.18,209,Activo,4.2
PROD-03143,Peluche Gigante Titan 171,Juguetes y Juegos,Titan,1144.23,633.9,66,Activo,3.8
PROD-03144,Dron para Niños Aero 192,Juguetes y Juegos,Aero,2744.02,1725.52,334,Activo,3.4
PROD-03145,Botella de Agua Térmica Aero 159,Deportes y Aire Libre,Aero,3218.35,2211.98,354,Activo,3.9
PROD-03146,Guía de Viajes Krono 633,Libros y Entretenimiento,Krono,3114.19,2142.06,54,Activo,3.1
PROD-03147,Carro a Control Remoto Titan 169,Juguetes y Juegos,Titan,839.79,398.04,135,Activo,4.0
PROD-03148,Enciclopedia Ilustrada Apex 677,Libros y Entretenimiento,Apex,767.23,509.13,99,Activo,4.1
PROD-03149,Carro a Control Remoto Nova 471,Juguetes y Juegos,Nova,2999.38,2042.9,414,Activo,4.2
PROD-03150,Purificador de Aire Vortex 850,Hogar y Cocina,Vortex,7146.94,3895.1,130,Activo,4.4
PROD-03151,Sartén Antiadherente Zenith 992,Hogar y Cocina,Zenith,5311.64,3591.18,11,Activo,3.5
PROD-03152,Novela de Ficción Krono 268,Libros y Entretenimiento,Krono,3208.66,1466.16,177,Activo,4.2
PROD-03153,Cuerda para Saltar Urban 860,Deportes y Aire Libre,Urban,1193.38,811.78,336,Activo,4.4
PROD-03154,Post-it Adhesivos Vortex 874,Papelería y Oficina,Vortex,1244.68,707.42,52,Activo,3.6
PROD-03155,Juego de Cuchillos Nova 637,Hogar y Cocina,Nova,6230.02,3558.39,390,Activo,3.9
PROD-03156,Protector Solar Aero 376,Salud y Cuidado Personal,Aero,2244.8,1126.67,149,Activo,3.0
PROD-03157,Dron para Niños EcoLife 787,Juguetes y Juegos,EcoLife,433.3,200.14,114,Activo,5.0
PROD-03158,Calcetines Transpirables Krono 782,Ropa y Moda,Krono,1616.68,776.94,224,Activo,3.5
PROD-03159,Bandas de Resistencia Urban 290,Deportes y Aire Libre,Urban,8149.34,4476.49,29,Activo,3.6
PROD-03160,Cafetera de Goteo Aero 430,Hogar y Cocina,Aero,5166.98,3149.11,485,Activo,4.3
PROD-03161,Mancuernas Ajustables Lumix 255,Deportes y Aire Libre,Lumix,848.41,448.98,338,Activo,4.9
PROD-03162,Carro a Control Remoto Aero 131,Juguetes y Juegos,Aero,358.18,172.24,244,Activo,4.0
PROD-03163,Teclado Mecánico ProStyle 121,Electrónica,ProStyle,22011.28,15837.4,315,Activo,4.0
PROD-03164,Carpeta de Argollas Nexa 473,Papelería y Oficina,Nexa,1199.19,765.61,241,Activo,3.3
PROD-03165,Mochila de Senderismo Aero 718,Deportes y Aire Libre,Aero,5482.36,3266.36,430,Activo,4.6
PROD-03166,Protector Solar Krono 529,Salud y Cuidado Personal,Krono,1168.89,738.8,263,Activo,3.8
PROD-03167,Bandas de Resistencia Urban 136,Deportes y Aire Libre,Urban,409.23,262.56,288,Activo,4.2
PROD-03168,Licuadora de Alta Potencia Vortex 541,Hogar y Cocina,Vortex,842.19,566.42,356,Activo,4.8
PROD-03169,Crema Hidratante Krono 646,Salud y Cuidado Personal,Krono,439.38,261.13,479,Activo,4.4
PROD-03170,Juego de Mesa Familiar Vortex 479,Juguetes y Juegos,Vortex,946.18,655.83,225,Activo,4.3
PROD-03171,Monitor 4K Apex 355,Electrónica,Apex,1697.01,1186.61,362,Activo,5.0
PROD-03172,Vestido Casual Aero 888,Ropa y Moda,Aero,378.41,170.75,328,Activo,3.2
PROD-03173,Mouse Inalámbrico EcoLife 538,Electrónica,EcoLife,12957.64,7857.25,184,Activo,3.5
PROD-03174,Casco de Ciclismo Aero 748,Deportes y Aire Libre,Aero,5439.31,3429.25,374,Activo,3.5
PROD-03175,Calculadora Científica Nova 660,Papelería y Oficina,Nova,635.65,269.56,293,Activo,4.4
PROD-03176,Licuadora de Alta Potencia Vortex 624,Hogar y Cocina,Vortex,6384.99,3615.43,401,Activo,4.7
PROD-03177,Pantalón Mezclilla ProStyle 565,Ropa y Moda,ProStyle,910.26,385.07,22,Activo,3.8
PROD-03178,Set de Bolígrafos Urban 167,Papelería y Oficina,Urban,2264.05,1092.34,17,Activo,4.4
PROD-03179,Gafas de Sol Vortex 317,Ropa y Moda,Vortex,365.01,189.57,198,Activo,3.5
PROD-03180,Carpeta de Argollas Urban 475,Papelería y Oficina,Urban,578.39,356.32,496,Activo,3.2
PROD-03181,Engrapadora Industrial Urban 687,Papelería y Oficina,Urban,533.58,313.79,472,Activo,4.9
PROD-03182,Dron para Niños Urban 470,Juguetes y Juegos,Urban,1313.74,714.05,456,Activo,4.9
PROD-03183,Monitor 4K Zenith 639,Electrónica,Zenith,11153.72,7752.12,37,Activo,3.5
PROD-03184,Dron para Niños Krono 658,Juguetes y Juegos,Krono,1009.59,700.87,418,Activo,4.9
PROD-03185,Novela de Ficción Nexa 526,Libros y Entretenimiento,Nexa,2439.71,1387.29,165,Activo,3.6
PROD-03186,Mouse Inalámbrico Nexa 871,Electrónica,Nexa,10947.45,8115.35,107,Activo,4.1
PROD-03187,Juego de Sartenes Aero 955,Hogar y Cocina,Aero,6873.11,3572.56,182,Activo,3.8
PROD-03188,Purificador de Aire Krono 827,Hogar y Cocina,Krono,1882.56,1155.21,263,Activo,4.7
PROD-03189,Rompecabezas 1000 piezas ProStyle 700,Juguetes y Juegos,ProStyle,3317.15,1830.16,220,Activo,5.0
PROD-03190,Consola Portátil de Videojuegos Apex 149,Juguetes y Juegos,Apex,553.55,346.38,420,Activo,3.8
PROD-03191,Carro a Control Remoto Nova 706,Juguetes y Juegos,Nova,873.21,446.85,475,Activo,3.1
PROD-03192,Calcetines Transpirables EcoLife 396,Ropa y Moda,EcoLife,1133.64,724.04,197,Activo,3.6
PROD-03193,Vitaminas Multivitamínicas Vortex 763,Salud y Cuidado Personal,Vortex,1692.38,1096.61,386,Activo,4.2
PROD-03194,Chamarra de Pluma Urban 671,Ropa y Moda,Urban,2338.64,1517.38,72,Activo,3.3
PROD-03195,Peluche Gigante Krono 724,Juguetes y Juegos,Krono,1616.01,949.83,283,Activo,3.1
PROD-03196,Cuerda para Saltar Titan 122,Deportes y Aire Libre,Titan,5205.86,3219.14,481,Activo,4.1
PROD-03197,Rompecabezas 1000 piezas Urban 405,Juguetes y Juegos,Urban,2185.49,1087.5,324,Activo,4.2
PROD-03198,Aspiradora Robot Vortex 741,Hogar y Cocina,Vortex,4522.12,2943.38,444,Activo,4.3
PROD-03199,Pelota de Fútbol EcoLife 263,Deportes y Aire Libre,EcoLife,4102.84,2085.98,157,Activo,3.1
PROD-03200,Horno de Microondas Titan 870,Hogar y Cocina,Titan,7649.57,5170.47,186,Activo,4.0
PROD-03201,Sudadera con Capucha Vortex 612,Ropa y Moda,Vortex,1791.16,1135.55,220,Activo,4.7
PROD-03202,Bocina Portátil Nova 657,Electrónica,Nova,1381.84,839.15,57,Activo,3.5
PROD-03203,Tenis Deportivos Nova 250,Ropa y Moda,Nova,1499.51,617.08,236,Activo,3.1
PROD-03204,Pista de Carreras Aero 639,Juguetes y Juegos,Aero,2136.13,1223.87,361,Activo,3.3
PROD-03205,Juego de Sartenes Nova 688,Hogar y Cocina,Nova,2139.82,1409.95,282,Activo,3.8
PROD-03206,Mouse Inalámbrico Urban 474,Electrónica,Urban,20257.85,13118.56,94,Activo,3.6
PROD-03207,Secadora de Cabello Vortex 324,Salud y Cuidado Personal,Vortex,968.53,456.02,422,Activo,4.4
PROD-03208,Purificador de Aire Zenith 441,Hogar y Cocina,Zenith,3503.85,2280.18,311,Activo,4.1
PROD-03209,Guía de Viajes Krono 179,Libros y Entretenimiento,Krono,2945.32,1741.34,159,Activo,4.8
PROD-03210,Marcadores de Colores Nova 590,Papelería y Oficina,Nova,2038.48,1208.31,371,Activo,4.4
PROD-03211,Lámpara de Escritorio Lumix 988,Hogar y Cocina,Lumix,4310.52,2597.43,78,Activo,4.5
PROD-03212,Rompecabezas 1000 piezas Nova 833,Juguetes y Juegos,Nova,1309.47,599.26,484,Activo,3.1
PROD-03213,Cafetera de Goteo Aero 364,Hogar y Cocina,Aero,4408.45,2396.9,188,Activo,4.2
PROD-03214,Cámara DSLR Nexa 214,Electrónica,Nexa,18765.41,13355.51,25,Activo,3.0
PROD-03215,Cuerda para Saltar EcoLife 973,Deportes y Aire Libre,EcoLife,3047.33,1760.33,366,Activo,3.2
PROD-03216,Aspiradora Robot Krono 262,Hogar y Cocina,Krono,2258.53,1370.55,486,Activo,3.3
PROD-03217,Cuerda para Saltar Vortex 186,Deportes y Aire Libre,Vortex,4924.21,2780.42,68,Activo,4.5
PROD-03218,Bicicleta de Montaña Vortex 760,Deportes y Aire Libre,Vortex,5990.59,3478.75,418,Activo,4.3
PROD-03219,Libro de Finanzas Personales Aero 462,Libros y Entretenimiento,Aero,238.62,157.33,275,Activo,3.4
PROD-03220,Bicicleta de Montaña Krono 820,Deportes y Aire Libre,Krono,2276.99,1279.06,298,Activo,3.3
PROD-03221,Gorra Deportiva Aero 254,Ropa y Moda,Aero,536.68,220.98,231,Activo,3.3
PROD-03222,Juego de Sartenes Aero 437,Hogar y Cocina,Aero,963.56,659.72,78,Activo,3.0
PROD-03223,Libro de Finanzas Personales Nexa 909,Libros y Entretenimiento,Nexa,1177.09,609.26,302,Activo,4.7
PROD-03224,Rompecabezas 1000 piezas ProStyle 136,Juguetes y Juegos,ProStyle,1641.12,846.1,323,Activo,4.1
PROD-03225,Kit de Cuidado Facial Krono 245,Salud y Cuidado Personal,Krono,2288.65,1238.29,135,Activo,4.5
PROD-03226,Set de Bloques de Construcción Nova 476,Juguetes y Juegos,Nova,2526.4,1461.06,464,Activo,3.0
PROD-03227,Tablet 10 pulgadas Vortex 310,Electrónica,Vortex,4760.31,2661.89,81,Activo,4.3
PROD-03228,Tablet 10 pulgadas Nexa 509,Electrónica,Nexa,17549.94,13146.4,24,Activo,4.2
PROD-03229,Smartwatch Apex 679,Electrónica,Apex,20209.03,11566.38,144,Activo,4.7
PROD-03230,Rasuradora Eléctrica Titan 502,Salud y Cuidado Personal,Titan,161.45,94.8,210,Activo,3.3
PROD-03231,Aspiradora Robot Lumix 545,Hogar y Cocina,Lumix,1548.82,963.74,403,Activo,3.2
PROD-03232,Pista de Carreras Zenith 293,Juguetes y Juegos,Zenith,2974.57,1638.5,58,Activo,3.3
PROD-03233,Cuaderno Profesional Urban 550,Papelería y Oficina,Urban,944.09,491.7,142,Activo,4.5
PROD-03234,Lámpara de Escritorio ProStyle 871,Hogar y Cocina,ProStyle,7805.65,3970.11,25,Activo,3.2
PROD-03235,Mochila de Senderismo EcoLife 746,Deportes y Aire Libre,EcoLife,5314.9,3132.47,31,Activo,4.3
PROD-03236,Licuadora de Alta Potencia Titan 439,Hogar y Cocina,Titan,6848.71,4653.78,4,Activo,3.4
PROD-03237,Cámara DSLR Titan 119,Electrónica,Titan,4593.51,3014.4,77,Activo,4.3
PROD-03238,Mancuernas Ajustables Krono 616,Deportes y Aire Libre,Krono,6206.45,3868.31,166,Activo,3.6
PROD-03239,Cafetera de Goteo Nova 534,Hogar y Cocina,Nova,2393.94,1660.29,54,Activo,3.5
PROD-03240,Aspiradora Robot ProStyle 340,Hogar y Cocina,ProStyle,3798.5,2308.4,24,Activo,4.6
PROD-03241,Biografía Histórica Krono 653,Libros y Entretenimiento,Krono,673.92,349.55,126,Activo,3.5
PROD-03242,Laptop Gamer Aero 262,Electrónica,Aero,5737.97,4212.2,217,Activo,4.9
PROD-03243,Bocina Portátil Apex 463,Electrónica,Apex,24897.71,17188.74,75,Activo,4.5
PROD-03244,Engrapadora Industrial Apex 686,Papelería y Oficina,Apex,2325.15,1103.91,198,Activo,4.7
PROD-03245,Lámpara de Escritorio Nexa 710,Hogar y Cocina,Nexa,5806.75,3159.91,94,Activo,4.1
PROD-03246,Libro de Finanzas Personales Aero 905,Libros y Entretenimiento,Aero,2227.63,1367.57,472,Activo,3.1
PROD-03247,Laptop Gamer Zenith 207,Electrónica,Zenith,8070.02,4762.17,134,Activo,4.8
PROD-03248,Rasuradora Eléctrica Nova 479,Salud y Cuidado Personal,Nova,70.71,36.27,389,Activo,3.1
PROD-03249,Tenis Deportivos Titan 233,Ropa y Moda,Titan,943.2,579.56,476,Activo,4.2
PROD-03250,Bicicleta de Montaña Nexa 834,Deportes y Aire Libre,Nexa,3164.08,2213.94,196,Activo,4.6
PROD-03251,Comic Edición de Colección EcoLife 997,Libros y Entretenimiento,EcoLife,2880.01,1614.78,409,Activo,3.9
PROD-03252,Consola Portátil de Videojuegos Vortex 475,Juguetes y Juegos,Vortex,669.53,323.07,285,Activo,4.6
PROD-03253,Smartwatch Vortex 876,Electrónica,Vortex,12007.06,8583.87,35,Activo,4.3
PROD-03254,Horno de Microondas Vortex 300,Hogar y Cocina,Vortex,973.03,499.72,391,Activo,3.5
PROD-03255,Mancuernas Ajustables Nexa 465,Deportes y Aire Libre,Nexa,8431.26,5187.23,426,Activo,4.2
PROD-03256,Biografía Histórica Lumix 578,Libros y Entretenimiento,Lumix,1757.35,1172.82,257,Activo,3.8
PROD-03257,Pantalón Mezclilla Vortex 252,Ropa y Moda,Vortex,694.85,375.22,392,Activo,4.1
PROD-03258,Muñeca Articulada Titan 910,Juguetes y Juegos,Titan,1059.79,501.83,288,Activo,4.3
PROD-03259,Masajeador Cervical Krono 183,Salud y Cuidado Personal,Krono,1126.73,567.51,325,Activo,4.5
PROD-03260,Tenis Deportivos Vortex 978,Ropa y Moda,Vortex,907.17,501.3,149,Activo,3.1
PROD-03261,Playera de Algodón Zenith 278,Ropa y Moda,Zenith,2013.78,818.81,206,Activo,4.0
PROD-03262,Audífonos Bluetooth Zenith 991,Electrónica,Zenith,10077.17,6457.95,324,Activo,4.9
PROD-03263,Mochila de Senderismo EcoLife 870,Deportes y Aire Libre,EcoLife,1860.33,1024.31,487,Activo,3.4
PROD-03264,Gafas de Sol Zenith 502,Ropa y Moda,Zenith,485.87,215.47,214,Activo,3.0
PROD-03265,Tenis Deportivos Lumix 126,Ropa y Moda,Lumix,107.56,55.63,394,Activo,3.4
PROD-03266,Calcetines Transpirables Vortex 417,Ropa y Moda,Vortex,1796.09,1021.64,275,Activo,3.2
PROD-03267,Calcetines Transpirables ProStyle 596,Ropa y Moda,ProStyle,129.17,61.75,323,Activo,3.0
PROD-03268,Destrozadora de Papel Lumix 409,Papelería y Oficina,Lumix,780.76,501.37,336,Activo,4.3
PROD-03269,Bandas de Resistencia ProStyle 171,Deportes y Aire Libre,ProStyle,2171.88,1373.17,276,Activo,3.7
PROD-03270,Tablet 10 pulgadas ProStyle 208,Electrónica,ProStyle,5752.12,3360.87,283,Activo,4.1
PROD-03271,Dron para Niños Lumix 596,Juguetes y Juegos,Lumix,2280.0,1407.96,169,Activo,5.0
PROD-03272,Tapete de Yoga Apex 334,Deportes y Aire Libre,Apex,3955.45,2125.99,245,Activo,4.7
PROD-03273,Libro de Poesía Titan 354,Libros y Entretenimiento,Titan,989.54,494.73,297,Activo,4.0
PROD-03274,Post-it Adhesivos Zenith 980,Papelería y Oficina,Zenith,1618.67,697.78,465,Activo,3.2
PROD-03275,Calculadora Científica Apex 905,Papelería y Oficina,Apex,1526.47,799.96,194,Activo,4.2
PROD-03276,Freidora de Aire Zenith 668,Hogar y Cocina,Zenith,7557.8,4888.09,271,Activo,3.6
PROD-03277,Consola Portátil de Videojuegos Urban 178,Juguetes y Juegos,Urban,2683.14,1645.16,5,Activo,3.1
PROD-03278,Peluche Gigante Zenith 623,Juguetes y Juegos,Zenith,1345.55,867.19,349,Activo,3.4
PROD-03279,Bicicleta de Montaña Titan 537,Deportes y Aire Libre,Titan,1326.55,886.02,455,Activo,4.1
PROD-03280,Calcetines Transpirables Urban 666,Ropa y Moda,Urban,1792.04,920.76,479,Activo,4.3
PROD-03281,Enciclopedia Ilustrada Krono 131,Libros y Entretenimiento,Krono,349.92,228.87,274,Activo,3.9
PROD-03282,Cuerda para Saltar Nexa 591,Deportes y Aire Libre,Nexa,6517.18,4448.89,162,Activo,3.3
PROD-03283,Biografía Histórica Lumix 323,Libros y Entretenimiento,Lumix,515.19,330.81,327,Activo,3.3
PROD-03284,Sartén Antiadherente ProStyle 845,Hogar y Cocina,ProStyle,8404.26,5412.89,450,Activo,3.9
PROD-03285,Tenis Deportivos EcoLife 564,Ropa y Moda,EcoLife,567.43,350.42,94,Activo,4.5
PROD-03286,Organizador de Escritorio Zenith 105,Papelería y Oficina,Zenith,1428.87,605.7,389,Activo,4.3
PROD-03287,Tapete de Yoga Nexa 849,Deportes y Aire Libre,Nexa,879.87,440.87,126,Activo,3.6
PROD-03288,Calcetines Transpirables Lumix 607,Ropa y Moda,Lumix,1546.12,1002.93,162,Activo,3.7
PROD-03289,Peluche Gigante Apex 513,Juguetes y Juegos,Apex,1673.86,1095.27,227,Activo,3.5
PROD-03290,Horno de Microondas Lumix 377,Hogar y Cocina,Lumix,3556.2,2452.72,405,Activo,4.9
PROD-03291,Libro de Desarrollo Personal Nova 666,Libros y Entretenimiento,Nova,2260.12,1049.22,431,Activo,4.9
PROD-03292,Cámara DSLR Krono 613,Electrónica,Krono,6963.95,3989.59,320,Activo,3.4
PROD-03293,Chamarra de Pluma ProStyle 234,Ropa y Moda,ProStyle,1133.34,667.46,475,Activo,4.2
PROD-03294,Bascula Digital Lumix 643,Salud y Cuidado Personal,Lumix,1987.53,1112.3,112,Activo,3.1
PROD-03295,Kit de Pintura ProStyle 354,Juguetes y Juegos,ProStyle,841.3,451.39,58,Activo,3.5
PROD-03296,Protector Solar Aero 843,Salud y Cuidado Personal,Aero,456.44,284.12,210,Activo,4.9
PROD-03297,Calculadora Científica Nova 565,Papelería y Oficina,Nova,1229.7,558.0,281,Activo,4.6
PROD-03298,Cámara DSLR Titan 592,Electrónica,Titan,9894.44,6077.22,369,Activo,4.5
PROD-03299,Monitor 4K EcoLife 920,Electrónica,EcoLife,12519.64,8364.11,283,Activo,3.3
PROD-03300,Cepillo Eléctrico EcoLife 696,Salud y Cuidado Personal,EcoLife,1298.62,718.97,474,Activo,3.7
PROD-03301,Gel Antiséptico ProStyle 655,Salud y Cuidado Personal,ProStyle,1506.55,769.55,485,Activo,3.9
PROD-03302,Dron para Niños EcoLife 867,Juguetes y Juegos,EcoLife,2802.71,1378.49,191,Activo,3.2
PROD-03303,Bocina Portátil Krono 508,Electrónica,Krono,8821.19,6196.35,309,Activo,4.7
PROD-03304,Smartphone Pro Krono 460,Electrónica,Krono,14527.82,10327.07,178,Activo,3.2
PROD-03305,Pelota de Fútbol Krono 883,Deportes y Aire Libre,Krono,4407.33,2356.97,487,Activo,4.7
PROD-03306,Bocina Portátil Vortex 803,Electrónica,Vortex,13123.4,8168.08,333,Activo,4.7
PROD-03307,Protector Solar Nexa 338,Salud y Cuidado Personal,Nexa,1213.52,497.57,185,Activo,4.5
PROD-03308,Carro a Control Remoto EcoLife 813,Juguetes y Juegos,EcoLife,2861.99,1653.61,400,Activo,4.2
PROD-03309,Horno de Microondas Krono 131,Hogar y Cocina,Krono,2103.27,1262.5,59,Activo,3.2
PROD-03310,Protector Solar Nexa 951,Salud y Cuidado Personal,Nexa,2105.75,870.5,265,Activo,4.4
PROD-03311,Bocina Portátil Krono 952,Electrónica,Krono,8980.74,5980.35,36,Activo,4.1
PROD-03312,Peluche Gigante Urban 712,Juguetes y Juegos,Urban,3489.56,2270.49,198,Activo,4.7
PROD-03313,Cuaderno Profesional Urban 538,Papelería y Oficina,Urban,690.35,355.65,69,Activo,3.4
PROD-03314,Carro a Control Remoto EcoLife 846,Juguetes y Juegos,EcoLife,3158.0,1470.91,297,Activo,3.2
PROD-03315,Muñeca Articulada Urban 240,Juguetes y Juegos,Urban,1550.04,1025.95,146,Activo,3.1
PROD-03316,Protector Solar Nexa 164,Salud y Cuidado Personal,Nexa,110.73,63.52,462,Activo,3.9
PROD-03317,Rompecabezas 1000 piezas Nova 958,Juguetes y Juegos,Nova,382.54,176.7,38,Activo,3.2
PROD-03318,Smartphone Pro EcoLife 521,Electrónica,EcoLife,23762.23,14914.01,130,Activo,4.7
PROD-03319,Cinturón de Piel Aero 114,Ropa y Moda,Aero,431.52,178.98,472,Activo,4.8
PROD-03320,Audífonos Bluetooth ProStyle 286,Electrónica,ProStyle,24567.47,13869.12,305,Activo,3.3
PROD-03321,Bandas de Resistencia Lumix 763,Deportes y Aire Libre,Lumix,1918.56,996.36,254,Activo,3.3
PROD-03322,Cuerda para Saltar ProStyle 264,Deportes y Aire Libre,ProStyle,7472.71,4282.75,332,Activo,3.3
PROD-03323,Pantalón Mezclilla ProStyle 233,Ropa y Moda,ProStyle,1949.21,967.32,275,Activo,4.2
PROD-03324,Teclado Mecánico Urban 439,Electrónica,Urban,22166.34,14410.1,14,Activo,4.1
PROD-03325,Libro de Finanzas Personales Zenith 185,Libros y Entretenimiento,Zenith,2860.26,1293.98,77,Activo,3.1
PROD-03326,Juego de Sartenes Lumix 999,Hogar y Cocina,Lumix,8429.18,4564.3,270,Activo,4.1
PROD-03327,Sartén Antiadherente Aero 436,Hogar y Cocina,Aero,4458.83,2679.75,383,Activo,4.5
PROD-03328,Cuento Infantil Ilustrado Nexa 424,Libros y Entretenimiento,Nexa,435.7,214.6,184,Activo,3.1
PROD-03329,Gorra Deportiva EcoLife 493,Ropa y Moda,EcoLife,2394.71,1067.0,12,Activo,3.4
PROD-03330,Carro a Control Remoto Krono 853,Juguetes y Juegos,Krono,1390.2,667.1,99,Activo,4.9
PROD-03331,Bandas de Resistencia Krono 381,Deportes y Aire Libre,Krono,2312.19,1346.44,416,Activo,4.6
PROD-03332,Peluche Gigante ProStyle 645,Juguetes y Juegos,ProStyle,2725.81,1727.79,84,Activo,3.3
PROD-03333,Post-it Adhesivos Urban 793,Papelería y Oficina,Urban,2027.27,1269.23,353,Activo,3.1
PROD-03334,Pantalón Mezclilla ProStyle 835,Ropa y Moda,ProStyle,1792.19,746.82,443,Activo,5.0
PROD-03335,Crema Hidratante EcoLife 774,Salud y Cuidado Personal,EcoLife,114.06,63.28,77,Activo,3.6
PROD-03336,Horno de Microondas Vortex 563,Hogar y Cocina,Vortex,6385.84,3409.4,419,Activo,3.4
PROD-03337,Licuadora de Alta Potencia Lumix 185,Hogar y Cocina,Lumix,8223.33,4843.01,365,Activo,4.6
PROD-03338,Pista de Carreras Nova 762,Juguetes y Juegos,Nova,1650.12,1061.6,148,Activo,3.8
PROD-03339,Rasuradora Eléctrica Aero 466,Salud y Cuidado Personal,Aero,567.08,280.63,1,Activo,4.9
PROD-03340,Chamarra de Pluma Vortex 522,Ropa y Moda,Vortex,2179.06,1177.54,435,Activo,3.0
PROD-03341,Chamarra de Pluma Titan 582,Ropa y Moda,Titan,993.94,409.47,400,Activo,3.0
PROD-03342,Cámara DSLR ProStyle 848,Electrónica,ProStyle,19618.49,14232.37,212,Activo,4.6
PROD-03343,Marcadores de Colores Krono 177,Papelería y Oficina,Krono,2188.9,888.61,208,Activo,4.6
PROD-03344,Guantes de Gimnasio Aero 220,Deportes y Aire Libre,Aero,8086.07,4528.33,257,Activo,3.2
PROD-03345,Chamarra de Pluma ProStyle 303,Ropa y Moda,ProStyle,1322.49,722.89,315,Activo,4.5
PROD-03346,Sartén Antiadherente Zenith 842,Hogar y Cocina,Zenith,6188.74,3996.78,41,Activo,3.8
PROD-03347,Carro a Control Remoto Nova 572,Juguetes y Juegos,Nova,2502.08,1626.27,160,Activo,4.3
PROD-03348,Cuento Infantil Ilustrado Urban 393,Libros y Entretenimiento,Urban,2192.98,1234.73,450,Activo,3.7
PROD-03349,Muñeca Articulada Vortex 689,Juguetes y Juegos,Vortex,2012.23,1160.24,101,Activo,4.4
PROD-03350,Cinturón de Piel Nova 242,Ropa y Moda,Nova,392.95,173.02,59,Activo,3.8
PROD-03351,Gorra Deportiva Titan 614,Ropa y Moda,Titan,2327.77,1284.39,412,Activo,4.2
PROD-03352,Chamarra de Pluma ProStyle 532,Ropa y Moda,ProStyle,1749.49,1017.91,444,Activo,4.1
PROD-03353,Bicicleta de Montaña Vortex 717,Deportes y Aire Libre,Vortex,1634.46,960.89,409,Activo,4.6
PROD-03354,Licuadora de Alta Potencia Vortex 805,Hogar y Cocina,Vortex,1879.56,1240.19,473,Activo,3.9
PROD-03355,Enciclopedia Ilustrada Lumix 704,Libros y Entretenimiento,Lumix,2671.11,1300.9,246,Activo,3.1
PROD-03356,Cámara DSLR Aero 400,Electrónica,Aero,15919.4,10173.97,310,Activo,4.7
PROD-03357,Silla Ergonómica EcoLife 582,Papelería y Oficina,EcoLife,492.03,240.77,327,Activo,3.8
PROD-03358,Cinturón de Piel Nexa 666,Ropa y Moda,Nexa,661.56,338.35,448,Activo,4.6
PROD-03359,Mancuernas Ajustables Titan 532,Deportes y Aire Libre,Titan,3145.91,1617.56,150,Activo,4.2
PROD-03360,Carpeta de Argollas Titan 146,Papelería y Oficina,Titan,1315.96,645.45,392,Activo,4.5
PROD-03361,Aspiradora Robot Lumix 376,Hogar y Cocina,Lumix,312.5,207.35,131,Activo,4.9
PROD-03362,Pantalón Mezclilla Aero 520,Ropa y Moda,Aero,1195.19,648.22,293,Activo,3.8
PROD-03363,Bocina Portátil Titan 206,Electrónica,Titan,5320.9,3541.82,273,Activo,4.5
PROD-03364,Biografía Histórica Krono 171,Libros y Entretenimiento,Krono,1159.16,592.69,256,Activo,4.1
PROD-03365,Rasuradora Eléctrica Lumix 180,Salud y Cuidado Personal,Lumix,1950.25,1073.82,373,Activo,3.8
PROD-03366,Laptop Gamer EcoLife 797,Electrónica,EcoLife,9276.95,6230.62,499,Activo,3.5
PROD-03367,Peluche Gigante Nova 217,Juguetes y Juegos,Nova,720.98,326.2,351,Activo,3.2
PROD-03368,Marcadores de Colores Apex 852,Papelería y Oficina,Apex,2211.08,1143.5,26,Activo,3.4
PROD-03369,Destrozadora de Papel Titan 584,Papelería y Oficina,Titan,1179.93,586.23,125,Activo,3.5
PROD-03370,Calcetines Transpirables Urban 577,Ropa y Moda,Urban,1548.74,961.46,412,Activo,4.2
PROD-03371,Kit de Cuidado Facial Krono 230,Salud y Cuidado Personal,Krono,383.72,231.95,334,Activo,3.3
PROD-03372,Juego de Mesa Familiar Apex 971,Juguetes y Juegos,Apex,449.17,286.5,443,Activo,4.1
PROD-03373,Tenis Deportivos ProStyle 141,Ropa y Moda,ProStyle,1584.45,979.34,267,Activo,4.7
PROD-03374,Botella de Agua Térmica Titan 614,Deportes y Aire Libre,Titan,6779.74,4578.88,467,Activo,4.0
PROD-03375,Set de Bloques de Construcción Lumix 590,Juguetes y Juegos,Lumix,595.29,325.83,349,Activo,3.0
PROD-03376,Aspiradora Robot Vortex 282,Hogar y Cocina,Vortex,208.92,113.27,284,Activo,4.5
PROD-03377,Bicicleta de Montaña Krono 714,Deportes y Aire Libre,Krono,7115.05,4360.3,21,Activo,3.2
PROD-03378,Engrapadora Industrial Nova 413,Papelería y Oficina,Nova,2005.94,1248.14,280,Activo,3.9
PROD-03379,Crema Hidratante Urban 729,Salud y Cuidado Personal,Urban,1833.44,756.29,74,Activo,3.4
PROD-03380,Mochila de Senderismo Nova 477,Deportes y Aire Libre,Nova,4911.67,2817.95,126,Activo,3.5
PROD-03381,Vitaminas Multivitamínicas Zenith 406,Salud y Cuidado Personal,Zenith,1243.06,791.7,345,Activo,4.4
PROD-03382,Kit de Cuidado Facial Vortex 934,Salud y Cuidado Personal,Vortex,2013.98,832.68,153,Activo,4.0
PROD-03383,Destrozadora de Papel Titan 770,Papelería y Oficina,Titan,609.28,346.64,117,Activo,4.7
PROD-03384,Juego de Sartenes Krono 801,Hogar y Cocina,Krono,5973.76,3392.9,201,Activo,3.2
PROD-03385,Manual de Cocina Vortex 153,Libros y Entretenimiento,Vortex,2475.96,1142.65,423,Activo,3.1
PROD-03386,Audífonos Bluetooth Urban 735,Electrónica,Urban,3963.93,2726.54,66,Activo,3.4
PROD-03387,Carpeta de Argollas Nexa 727,Papelería y Oficina,Nexa,525.62,333.58,383,Activo,4.3
PROD-03388,Cuerda para Saltar Aero 168,Deportes y Aire Libre,Aero,2943.06,1507.85,477,Activo,3.8
PROD-03389,Casco de Ciclismo Lumix 673,Deportes y Aire Libre,Lumix,3269.38,2005.92,325,Activo,4.3
PROD-03390,Secadora de Cabello Nova 938,Salud y Cuidado Personal,Nova,2368.71,1419.42,368,Activo,4.7
PROD-03391,Sartén Antiadherente Apex 942,Hogar y Cocina,Apex,6434.48,4434.4,296,Activo,3.1
PROD-03392,Mouse Inalámbrico Nova 430,Electrónica,Nova,7669.33,5053.91,30,Activo,3.9
PROD-03393,Consola Portátil de Videojuegos Zenith 832,Juguetes y Juegos,Zenith,2040.01,1240.29,158,Activo,3.1
PROD-03394,Cuaderno Profesional Vortex 599,Papelería y Oficina,Vortex,1344.76,832.55,244,Activo,3.6
PROD-03395,Engrapadora Industrial Lumix 426,Papelería y Oficina,Lumix,132.88,55.05,55,Activo,3.6
PROD-03396,Bascula Digital Titan 534,Salud y Cuidado Personal,Titan,85.21,42.17,450,Activo,3.2
PROD-03397,Bascula Digital EcoLife 826,Salud y Cuidado Personal,EcoLife,784.06,314.19,170,Activo,4.0
PROD-03398,Gel Antiséptico Titan 204,Salud y Cuidado Personal,Titan,1573.66,887.81,358,Activo,4.7
PROD-03399,Calculadora Científica Zenith 415,Papelería y Oficina,Zenith,2194.52,1387.15,237,Activo,4.9
PROD-03400,Horno de Microondas Krono 268,Hogar y Cocina,Krono,5669.89,3248.59,472,Activo,3.7
PROD-03401,Libro de Desarrollo Personal EcoLife 982,Libros y Entretenimiento,EcoLife,3045.55,1465.6,145,Activo,3.7
PROD-03402,Purificador de Aire Lumix 306,Hogar y Cocina,Lumix,4548.09,3124.76,176,Activo,3.2
PROD-03403,Lámpara de Escritorio Apex 648,Hogar y Cocina,Apex,3230.85,2157.65,131,Activo,3.1
PROD-03404,Lámpara de Escritorio Aero 109,Hogar y Cocina,Aero,5067.98,3375.08,208,Activo,5.0
PROD-03405,Mancuernas Ajustables Titan 151,Deportes y Aire Libre,Titan,2586.56,1643.11,123,Activo,3.5
PROD-03406,Organizador de Escritorio Vortex 293,Papelería y Oficina,Vortex,1794.03,723.04,310,Activo,3.2
PROD-03407,Aspiradora Robot Urban 799,Hogar y Cocina,Urban,8096.24,4464.82,157,Activo,4.8
PROD-03408,Set de Bloques de Construcción Krono 760,Juguetes y Juegos,Krono,441.68,257.93,80,Activo,3.6
PROD-03409,Lámpara de Escritorio Apex 930,Hogar y Cocina,Apex,2700.07,1807.18,350,Activo,3.7
PROD-03410,Mouse Inalámbrico Titan 419,Electrónica,Titan,18224.53,10351.62,253,Activo,3.6
PROD-03411,Cuaderno Profesional Lumix 812,Papelería y Oficina,Lumix,1809.89,777.37,66,Activo,3.9
PROD-03412,Sartén Antiadherente EcoLife 222,Hogar y Cocina,EcoLife,6054.56,3062.09,268,Activo,4.1
PROD-03413,Rompecabezas 1000 piezas EcoLife 814,Juguetes y Juegos,EcoLife,470.41,229.8,190,Activo,4.8
PROD-03414,Libro de Desarrollo Personal Vortex 981,Libros y Entretenimiento,Vortex,2116.94,960.09,186,Activo,4.6
PROD-03415,Cepillo Eléctrico Aero 716,Salud y Cuidado Personal,Aero,1065.66,685.18,225,Activo,3.3
PROD-03416,Engrapadora Industrial Krono 319,Papelería y Oficina,Krono,153.57,88.64,150,Activo,4.6
PROD-03417,Playera de Algodón Zenith 765,Ropa y Moda,Zenith,2282.03,1227.74,98,Activo,4.3
PROD-03418,Smartphone Pro Apex 476,Electrónica,Apex,13950.92,9288.65,228,Activo,4.9
PROD-03419,Lámpara de Escritorio Zenith 871,Hogar y Cocina,Zenith,8498.99,5774.77,480,Activo,3.5
PROD-03420,Gel Antiséptico Lumix 173,Salud y Cuidado Personal,Lumix,1678.94,748.59,87,Activo,4.1
PROD-03421,Purificador de Aire Aero 453,Hogar y Cocina,Aero,3305.73,1880.3,383,Activo,3.0
PROD-03422,Rompecabezas 1000 piezas Nova 974,Juguetes y Juegos,Nova,3439.96,1875.3,282,Activo,3.4
PROD-03423,Carro a Control Remoto Titan 994,Juguetes y Juegos,Titan,1908.78,1216.35,305,Activo,4.2
PROD-03424,Tapete de Yoga ProStyle 615,Deportes y Aire Libre,ProStyle,6987.19,4731.58,118,Activo,3.4
PROD-03425,Carpeta de Argollas Urban 270,Papelería y Oficina,Urban,1879.59,1137.8,186,Activo,4.1
PROD-03426,Secadora de Cabello Titan 621,Salud y Cuidado Personal,Titan,1210.84,559.49,79,Activo,4.6
PROD-03427,Freidora de Aire Apex 108,Hogar y Cocina,Apex,2165.38,1130.06,361,Activo,3.6
PROD-03428,Guantes de Gimnasio Nexa 899,Deportes y Aire Libre,Nexa,4352.86,2414.5,0,Agotado,3.2
PROD-03429,Gel Antiséptico EcoLife 331,Salud y Cuidado Personal,EcoLife,428.75,268.9,373,Activo,3.9
PROD-03430,Dron para Niños Krono 806,Juguetes y Juegos,Krono,3021.59,2052.62,176,Activo,4.4
PROD-03431,Gorra Deportiva Krono 601,Ropa y Moda,Krono,1655.2,1046.8,229,Activo,4.3
PROD-03432,Cámara DSLR Zenith 489,Electrónica,Zenith,8223.67,6071.54,73,Activo,3.7
PROD-03433,Kit de Pintura Nexa 573,Juguetes y Juegos,Nexa,2732.54,1284.68,489,Activo,3.7
PROD-03434,Novela de Ficción Krono 459,Libros y Entretenimiento,Krono,3263.82,1876.44,456,Activo,4.0
PROD-03435,Rasuradora Eléctrica Titan 697,Salud y Cuidado Personal,Titan,1950.37,1158.75,456,Activo,4.9
PROD-03436,Laptop Gamer Apex 222,Electrónica,Apex,12342.17,7303.56,173,Activo,3.6
PROD-03437,Juego de Mesa Familiar ProStyle 828,Juguetes y Juegos,ProStyle,914.12,565.19,427,Activo,5.0
PROD-03438,Crema Hidratante Nexa 808,Salud y Cuidado Personal,Nexa,1734.97,1037.23,60,Activo,4.5
PROD-03439,Peluche Gigante Aero 360,Juguetes y Juegos,Aero,2644.23,1425.22,390,Activo,4.9
PROD-03440,Carro a Control Remoto Vortex 464,Juguetes y Juegos,Vortex,1324.89,679.36,22,Activo,3.9
PROD-03441,Horno de Microondas Nexa 417,Hogar y Cocina,Nexa,6323.33,4178.91,303,Activo,3.2
PROD-03442,Smartphone Pro Krono 117,Electrónica,Krono,17896.72,11608.7,245,Activo,4.0
PROD-03443,Mouse Inalámbrico Apex 279,Electrónica,Apex,2548.15,1659.2,194,Activo,3.7
PROD-03444,Bascula Digital Zenith 560,Salud y Cuidado Personal,Zenith,808.53,403.82,8,Activo,5.0
PROD-03445,Pelota de Fútbol Vortex 379,Deportes y Aire Libre,Vortex,3470.72,2189.28,230,Activo,3.6
PROD-03446,Audífonos Bluetooth Nova 676,Electrónica,Nova,14292.26,9227.89,296,Activo,4.2
PROD-03447,Novela de Ficción EcoLife 743,Libros y Entretenimiento,EcoLife,2311.35,1516.01,170,Activo,4.8
PROD-03448,Pantalón Mezclilla Apex 385,Ropa y Moda,Apex,1035.57,487.9,480,Activo,4.6
PROD-03449,Secadora de Cabello Lumix 171,Salud y Cuidado Personal,Lumix,2448.09,1024.6,41,Activo,3.8
PROD-03450,Tenis Deportivos ProStyle 286,Ropa y Moda,ProStyle,1823.49,1142.52,197,Activo,4.4
PROD-03451,Tablet 10 pulgadas Vortex 994,Electrónica,Vortex,12516.69,8786.98,231,Activo,4.2
PROD-03452,Tapete de Yoga Aero 693,Deportes y Aire Libre,Aero,3981.02,2693.8,52,Activo,4.5
PROD-03453,Cafetera de Goteo Titan 951,Hogar y Cocina,Titan,5740.48,3580.99,320,Activo,5.0
PROD-03454,Libro de Finanzas Personales EcoLife 326,Libros y Entretenimiento,EcoLife,2013.06,1187.54,285,Activo,3.3
PROD-03455,Botella de Agua Térmica EcoLife 182,Deportes y Aire Libre,EcoLife,5028.72,2562.93,180,Activo,4.6
PROD-03456,Tapete de Yoga Vortex 365,Deportes y Aire Libre,Vortex,6196.94,4131.4,0,Agotado,3.5
PROD-03457,Bocina Portátil Aero 735,Electrónica,Aero,11154.45,6449.4,290,Activo,3.0
PROD-03458,Silla Ergonómica Nexa 244,Papelería y Oficina,Nexa,2418.97,1150.32,400,Activo,3.4
PROD-03459,Comic Edición de Colección Apex 454,Libros y Entretenimiento,Apex,2282.31,1166.24,256,Activo,3.6
PROD-03460,Playera de Algodón EcoLife 567,Ropa y Moda,EcoLife,668.76,412.6,39,Activo,4.0
PROD-03461,Cinturón de Piel Titan 551,Ropa y Moda,Titan,1323.62,807.74,481,Activo,4.6
PROD-03462,Vestido Casual Urban 729,Ropa y Moda,Urban,1189.84,623.49,329,Activo,3.7
PROD-03463,Laptop Gamer Krono 666,Electrónica,Krono,3437.7,2313.34,328,Activo,3.4
PROD-03464,Cafetera de Goteo ProStyle 403,Hogar y Cocina,ProStyle,4255.91,2700.64,414,Activo,3.0
PROD-03465,Carpeta de Argollas Krono 916,Papelería y Oficina,Krono,139.44,57.9,201,Activo,3.9
PROD-03466,Monitor 4K Nova 429,Electrónica,Nova,14970.47,8234.87,44,Activo,4.7
PROD-03467,Calcetines Transpirables Aero 609,Ropa y Moda,Aero,579.39,251.25,260,Activo,3.8
PROD-03468,Playera de Algodón Krono 130,Ropa y Moda,Krono,1068.07,647.76,33,Activo,4.1
PROD-03469,Vestido Casual Nova 223,Ropa y Moda,Nova,2424.03,1064.92,226,Activo,4.2
PROD-03470,Juego de Sartenes Aero 448,Hogar y Cocina,Aero,7896.53,4825.42,153,Activo,4.7
PROD-03471,Juego de Cuchillos ProStyle 423,Hogar y Cocina,ProStyle,4795.21,2418.25,390,Activo,4.8
PROD-03472,Botella de Agua Térmica Titan 866,Deportes y Aire Libre,Titan,8116.54,4590.35,439,Activo,3.8
PROD-03473,Bocina Portátil Krono 224,Electrónica,Krono,12672.34,9334.77,325,Activo,3.6
PROD-03474,Tablet 10 pulgadas EcoLife 654,Electrónica,EcoLife,5921.41,3954.29,248,Activo,3.6
PROD-03475,Novela de Ficción Urban 734,Libros y Entretenimiento,Urban,3418.17,1857.08,273,Activo,4.0
PROD-03476,Masajeador Cervical EcoLife 898,Salud y Cuidado Personal,EcoLife,1154.33,664.55,420,Activo,4.2
PROD-03477,Peluche Gigante ProStyle 143,Juguetes y Juegos,ProStyle,2169.39,1353.26,32,Activo,3.6
PROD-03478,Novela de Ficción Lumix 709,Libros y Entretenimiento,Lumix,152.22,94.07,52,Activo,3.2
PROD-03479,Juego de Cuchillos Nova 620,Hogar y Cocina,Nova,2387.37,1346.55,102,Activo,3.5
PROD-03480,Enciclopedia Ilustrada Zenith 391,Libros y Entretenimiento,Zenith,164.09,80.58,80,Activo,3.0
PROD-03481,Lámpara de Escritorio ProStyle 853,Hogar y Cocina,ProStyle,1179.55,686.48,359,Activo,3.7
PROD-03482,Laptop Gamer Krono 723,Electrónica,Krono,9047.96,6242.32,291,Activo,4.7
PROD-03483,Calculadora Científica Krono 691,Papelería y Oficina,Krono,1722.52,858.75,224,Activo,3.2
PROD-03484,Smartwatch Nexa 100,Electrónica,Nexa,14870.53,10179.89,318,Activo,3.1
PROD-03485,Secadora de Cabello Zenith 908,Salud y Cuidado Personal,Zenith,1500.67,845.07,163,Activo,4.7
PROD-03486,Guantes de Gimnasio Urban 911,Deportes y Aire Libre,Urban,2268.08,1349.81,375,Activo,3.0
PROD-03487,Silla Ergonómica Apex 363,Papelería y Oficina,Apex,439.24,193.65,400,Activo,3.5
PROD-03488,Silla Ergonómica ProStyle 646,Papelería y Oficina,ProStyle,1578.43,735.49,266,Activo,4.5
PROD-03489,Tablet 10 pulgadas EcoLife 142,Electrónica,EcoLife,18216.38,12588.52,461,Activo,4.2
PROD-03490,Bandas de Resistencia Nova 437,Deportes y Aire Libre,Nova,5608.6,3743.2,330,Activo,4.9
PROD-03491,Cámara DSLR Vortex 233,Electrónica,Vortex,9382.74,6542.96,33,Activo,4.3
PROD-03492,Bascula Digital Krono 673,Salud y Cuidado Personal,Krono,1077.21,546.02,137,Activo,4.4
PROD-03493,Mochila de Senderismo Nova 129,Deportes y Aire Libre,Nova,7088.14,4273.16,145,Activo,3.2
PROD-03494,Cepillo Eléctrico ProStyle 908,Salud y Cuidado Personal,ProStyle,2431.05,1047.46,307,Activo,4.7
PROD-03495,Guantes de Gimnasio Vortex 953,Deportes y Aire Libre,Vortex,2215.08,1353.09,128,Activo,3.5
PROD-03496,Horno de Microondas ProStyle 201,Hogar y Cocina,ProStyle,5629.37,2863.56,342,Activo,4.4
PROD-03497,Libro de Finanzas Personales Titan 997,Libros y Entretenimiento,Titan,672.98,369.72,369,Activo,3.9
PROD-03498,Vitaminas Multivitamínicas Zenith 921,Salud y Cuidado Personal,Zenith,1765.78,817.84,431,Activo,4.2
PROD-03499,Tablet 10 pulgadas Lumix 290,Electrónica,Lumix,22159.5,14038.73,65,Activo,3.3
PROD-03500,Kit de Pintura Urban 571,Juguetes y Juegos,Urban,432.5,277.51,436,Activo,4.8
PROD-03501,Rasuradora Eléctrica Krono 817,Salud y Cuidado Personal,Krono,2178.14,1177.58,194,Activo,3.1
PROD-03502,Cafetera de Goteo Lumix 981,Hogar y Cocina,Lumix,6463.86,3914.98,119,Activo,3.2
PROD-03503,Playera de Algodón Zenith 709,Ropa y Moda,Zenith,633.0,377.12,150,Activo,4.6
PROD-03504,Set de Bolígrafos Apex 784,Papelería y Oficina,Apex,739.3,400.75,235,Activo,3.0
PROD-03505,Enciclopedia Ilustrada Zenith 970,Libros y Entretenimiento,Zenith,3447.93,2027.29,237,Activo,4.2
PROD-03506,Carro a Control Remoto Krono 527,Juguetes y Juegos,Krono,1057.68,511.7,85,Activo,4.3
PROD-03507,Organizador de Escritorio Zenith 537,Papelería y Oficina,Zenith,844.97,356.77,394,Activo,3.3
PROD-03508,Bandas de Resistencia Lumix 437,Deportes y Aire Libre,Lumix,4567.77,3136.01,303,Activo,4.8
PROD-03509,Guantes de Gimnasio Aero 920,Deportes y Aire Libre,Aero,7362.28,4427.65,243,Activo,3.3
PROD-03510,Marcadores de Colores Aero 498,Papelería y Oficina,Aero,1732.07,843.12,259,Activo,3.6
PROD-03511,Teclado Mecánico EcoLife 971,Electrónica,EcoLife,15710.09,9376.05,91,Activo,4.8
PROD-03512,Carro a Control Remoto Lumix 810,Juguetes y Juegos,Lumix,2398.32,1310.17,29,Activo,3.0
PROD-03513,Rompecabezas 1000 piezas Titan 328,Juguetes y Juegos,Titan,2029.41,1366.73,232,Activo,3.6
PROD-03514,Gel Antiséptico Apex 451,Salud y Cuidado Personal,Apex,2100.36,1224.97,109,Activo,4.4
PROD-03515,Playera de Algodón Krono 536,Ropa y Moda,Krono,684.96,283.07,341,Activo,3.2
PROD-03516,Laptop Gamer Apex 520,Electrónica,Apex,3154.09,2070.06,449,Activo,3.7
PROD-03517,Guía de Viajes Zenith 582,Libros y Entretenimiento,Zenith,1364.72,819.98,490,Activo,4.8
PROD-03518,Mancuernas Ajustables Zenith 213,Deportes y Aire Libre,Zenith,7729.26,4888.06,486,Activo,4.2
PROD-03519,Enciclopedia Ilustrada Vortex 849,Libros y Entretenimiento,Vortex,2975.78,1525.92,205,Activo,4.9
PROD-03520,Tapete de Yoga ProStyle 483,Deportes y Aire Libre,ProStyle,232.28,138.08,474,Activo,4.5
PROD-03521,Sudadera con Capucha Vortex 998,Ropa y Moda,Vortex,735.57,470.83,255,Activo,3.9
PROD-03522,Licuadora de Alta Potencia Apex 976,Hogar y Cocina,Apex,3921.11,2546.62,437,Activo,4.7
PROD-03523,Laptop Gamer ProStyle 758,Electrónica,ProStyle,2019.68,1459.79,402,Activo,3.4
PROD-03524,Protector Solar Lumix 985,Salud y Cuidado Personal,Lumix,242.19,130.28,445,Activo,5.0
PROD-03525,Consola Portátil de Videojuegos Zenith 894,Juguetes y Juegos,Zenith,2401.44,1432.89,81,Activo,3.1
PROD-03526,Horno de Microondas Vortex 699,Hogar y Cocina,Vortex,8088.86,4177.84,246,Activo,4.7
PROD-03527,Smartphone Pro Vortex 271,Electrónica,Vortex,23717.07,14544.11,302,Activo,4.7
PROD-03528,Bandas de Resistencia EcoLife 799,Deportes y Aire Libre,EcoLife,5451.52,2940.81,383,Activo,4.7
PROD-03529,Consola Portátil de Videojuegos ProStyle 803,Juguetes y Juegos,ProStyle,168.43,93.06,125,Activo,3.0
PROD-03530,Rasuradora Eléctrica Krono 595,Salud y Cuidado Personal,Krono,627.06,293.45,359,Activo,3.7
PROD-03531,Juego de Sartenes Titan 117,Hogar y Cocina,Titan,1210.36,804.97,32,Activo,4.0
PROD-03532,Cafetera de Goteo Vortex 936,Hogar y Cocina,Vortex,3914.32,2370.32,314,Activo,4.2
PROD-03533,Audífonos Bluetooth Vortex 158,Electrónica,Vortex,10219.21,6190.35,468,Activo,3.3
PROD-03534,Vitaminas Multivitamínicas Nexa 846,Salud y Cuidado Personal,Nexa,1307.18,583.22,275,Activo,4.9
PROD-03535,Cepillo Eléctrico Apex 995,Salud y Cuidado Personal,Apex,1607.52,874.87,486,Activo,3.6
PROD-03536,Audífonos Bluetooth Vortex 757,Electrónica,Vortex,2415.31,1580.04,203,Activo,3.6
PROD-03537,Cepillo Eléctrico Zenith 995,Salud y Cuidado Personal,Zenith,2484.95,1179.8,110,Activo,4.3
PROD-03538,Juego de Mesa Familiar Krono 174,Juguetes y Juegos,Krono,2515.23,1539.29,268,Activo,4.9
PROD-03539,Rompecabezas 1000 piezas Vortex 917,Juguetes y Juegos,Vortex,1871.97,900.51,411,Activo,3.3
PROD-03540,Protector Solar Vortex 789,Salud y Cuidado Personal,Vortex,1390.41,837.1,488,Activo,3.4
PROD-03541,Licuadora de Alta Potencia Lumix 186,Hogar y Cocina,Lumix,1993.09,1179.91,253,Activo,4.8
PROD-03542,Cámara DSLR Apex 691,Electrónica,Apex,3248.04,1808.01,40,Activo,3.8
PROD-03543,Secadora de Cabello Nova 792,Salud y Cuidado Personal,Nova,789.39,421.09,163,Activo,4.0
PROD-03544,Aspiradora Robot Titan 474,Hogar y Cocina,Titan,8234.75,4609.88,200,Activo,3.2
PROD-03545,Crema Hidratante EcoLife 333,Salud y Cuidado Personal,EcoLife,2171.15,1101.32,83,Activo,3.2
PROD-03546,Cepillo Eléctrico Aero 608,Salud y Cuidado Personal,Aero,835.08,518.54,462,Activo,3.4
PROD-03547,Freidora de Aire EcoLife 189,Hogar y Cocina,EcoLife,3667.54,2211.37,75,Activo,4.3
PROD-03548,Guantes de Gimnasio Krono 746,Deportes y Aire Libre,Krono,3732.33,2532.82,103,Activo,4.1
PROD-03549,Kit de Cuidado Facial Titan 943,Salud y Cuidado Personal,Titan,650.04,383.18,301,Activo,4.9
PROD-03550,Gorra Deportiva EcoLife 550,Ropa y Moda,EcoLife,150.42,90.66,165,Activo,3.0
PROD-03551,Novela de Ficción ProStyle 220,Libros y Entretenimiento,ProStyle,1991.89,1156.41,340,Activo,3.2
PROD-03552,Manual de Cocina Urban 821,Libros y Entretenimiento,Urban,3420.92,2031.38,10,Activo,3.4
PROD-03553,Carro a Control Remoto Vortex 338,Juguetes y Juegos,Vortex,2484.39,1168.84,397,Activo,4.4
PROD-03554,Chamarra de Pluma Nova 710,Ropa y Moda,Nova,1191.2,509.9,420,Activo,4.8
PROD-03555,Cámara DSLR Zenith 566,Electrónica,Zenith,15861.61,11859.73,250,Activo,3.6
PROD-03556,Cámara DSLR Apex 642,Electrónica,Apex,22130.29,15528.05,424,Activo,4.2
PROD-03557,Manual de Cocina Nova 682,Libros y Entretenimiento,Nova,1245.78,819.96,466,Activo,4.7
PROD-03558,Vestido Casual Zenith 183,Ropa y Moda,Zenith,1804.86,950.99,309,Activo,3.4
PROD-03559,Monitor 4K ProStyle 562,Electrónica,ProStyle,21607.98,15980.71,386,Activo,3.1
PROD-03560,Dron para Niños EcoLife 543,Juguetes y Juegos,EcoLife,689.0,479.41,198,Activo,4.0
PROD-03561,Horno de Microondas Lumix 294,Hogar y Cocina,Lumix,7326.94,3887.13,23,Activo,4.9
PROD-03562,Casco de Ciclismo Krono 506,Deportes y Aire Libre,Krono,8117.2,5101.79,235,Activo,4.5
PROD-03563,Tablet 10 pulgadas Titan 497,Electrónica,Titan,16962.14,11096.11,75,Activo,3.2
PROD-03564,Muñeca Articulada ProStyle 831,Juguetes y Juegos,ProStyle,1362.66,867.11,173,Activo,3.8
PROD-03565,Enciclopedia Ilustrada Aero 808,Libros y Entretenimiento,Aero,1804.46,1224.41,370,Activo,3.4
PROD-03566,Marcadores de Colores Krono 300,Papelería y Oficina,Krono,2364.23,1257.06,158,Activo,3.9
PROD-03567,Botella de Agua Térmica Nexa 948,Deportes y Aire Libre,Nexa,4300.63,2280.41,445,Activo,3.4
PROD-03568,Consola Portátil de Videojuegos Nova 143,Juguetes y Juegos,Nova,2177.95,1189.4,342,Activo,3.8
PROD-03569,Kit de Cuidado Facial Aero 380,Salud y Cuidado Personal,Aero,1497.36,824.96,355,Activo,3.3
PROD-03570,Juego de Cuchillos ProStyle 621,Hogar y Cocina,ProStyle,6738.78,4010.31,417,Activo,3.5
PROD-03571,Dron para Niños Zenith 209,Juguetes y Juegos,Zenith,1415.26,665.91,455,Activo,4.2
PROD-03572,Muñeca Articulada Titan 814,Juguetes y Juegos,Titan,2024.57,1375.47,320,Activo,5.0
PROD-03573,Libro de Finanzas Personales Lumix 985,Libros y Entretenimiento,Lumix,2784.39,1734.32,345,Activo,4.9
PROD-03574,Calculadora Científica Apex 360,Papelería y Oficina,Apex,1006.1,463.48,430,Activo,4.8
PROD-03575,Kit de Pintura Urban 907,Juguetes y Juegos,Urban,2175.35,1392.17,131,Activo,3.8
PROD-03576,Kit de Pintura Vortex 573,Juguetes y Juegos,Vortex,1550.01,1048.92,232,Activo,4.3
PROD-03577,Purificador de Aire Vortex 854,Hogar y Cocina,Vortex,6143.92,3916.6,179,Activo,3.8
PROD-03578,Bandas de Resistencia Vortex 928,Deportes y Aire Libre,Vortex,3927.62,2056.19,397,Activo,4.0
PROD-03579,Cuerda para Saltar EcoLife 923,Deportes y Aire Libre,EcoLife,3994.82,2320.08,95,Activo,4.6
PROD-03580,Cinturón de Piel Lumix 967,Ropa y Moda,Lumix,2378.41,1442.64,243,Activo,3.9
PROD-03581,Libro de Poesía Zenith 554,Libros y Entretenimiento,Zenith,3284.43,1946.88,221,Activo,4.2
PROD-03582,Gafas de Sol EcoLife 507,Ropa y Moda,EcoLife,1413.53,679.44,160,Activo,3.5
PROD-03583,Novela de Ficción ProStyle 170,Libros y Entretenimiento,ProStyle,2746.97,1698.75,333,Activo,3.9
PROD-03584,Pista de Carreras Nexa 276,Juguetes y Juegos,Nexa,915.35,513.98,36,Activo,3.6
PROD-03585,Libro de Finanzas Personales Zenith 967,Libros y Entretenimiento,Zenith,1964.2,1265.53,76,Activo,4.0
PROD-03586,Sudadera con Capucha Nova 287,Ropa y Moda,Nova,1116.31,685.9,65,Activo,4.2
PROD-03587,Playera de Algodón Urban 153,Ropa y Moda,Urban,184.37,81.52,1,Activo,4.1
PROD-03588,Cepillo Eléctrico Aero 763,Salud y Cuidado Personal,Aero,399.66,258.35,433,Activo,3.0
PROD-03589,Libro de Finanzas Personales Lumix 708,Libros y Entretenimiento,Lumix,3349.89,2146.25,235,Activo,3.4
PROD-03590,Cuerda para Saltar Krono 237,Deportes y Aire Libre,Krono,8373.51,5754.47,78,Activo,3.8
PROD-03591,Pelota de Fútbol Nova 220,Deportes y Aire Libre,Nova,1672.03,1126.07,454,Activo,3.1
PROD-03592,Secadora de Cabello Urban 257,Salud y Cuidado Personal,Urban,2001.18,1131.06,80,Activo,4.5
PROD-03593,Monitor 4K Aero 434,Electrónica,Aero,10132.31,6382.09,271,Activo,4.8
PROD-03594,Gorra Deportiva Lumix 352,Ropa y Moda,Lumix,2238.27,1070.76,458,Activo,3.5
PROD-03595,Tenis Deportivos Aero 968,Ropa y Moda,Aero,94.34,52.17,118,Activo,3.9
PROD-03596,Carpeta de Argollas Urban 869,Papelería y Oficina,Urban,2084.29,1231.75,127,Activo,3.2
PROD-03597,Silla Ergonómica Titan 228,Papelería y Oficina,Titan,2311.51,1371.73,276,Activo,3.2
PROD-03598,Pista de Carreras Titan 435,Juguetes y Juegos,Titan,536.44,374.26,358,Activo,4.3
PROD-03599,Silla Ergonómica EcoLife 633,Papelería y Oficina,EcoLife,2098.81,1155.07,462,Activo,4.9
PROD-03600,Mancuernas Ajustables Vortex 210,Deportes y Aire Libre,Vortex,7455.77,5208.22,378,Activo,3.1
PROD-03601,Calculadora Científica ProStyle 248,Papelería y Oficina,ProStyle,2485.82,1099.04,17,Activo,3.4
PROD-03602,Marcadores de Colores Zenith 410,Papelería y Oficina,Zenith,2323.73,1071.41,348,Activo,3.0
PROD-03603,Calcetines Transpirables Lumix 709,Ropa y Moda,Lumix,1287.05,748.22,226,Activo,3.8
PROD-03604,Crema Hidratante Vortex 746,Salud y Cuidado Personal,Vortex,219.81,121.27,35,Activo,4.4
PROD-03605,Tapete de Yoga Lumix 106,Deportes y Aire Libre,Lumix,5525.17,3697.71,82,Activo,3.7
PROD-03606,Set de Bolígrafos Aero 424,Papelería y Oficina,Aero,2294.38,966.34,401,Activo,4.9
PROD-03607,Sudadera con Capucha Aero 240,Ropa y Moda,Aero,455.27,209.13,495,Activo,4.5
PROD-03608,Bascula Digital Aero 873,Salud y Cuidado Personal,Aero,635.84,343.76,331,Activo,4.5
PROD-03609,Laptop Gamer Nexa 702,Electrónica,Nexa,5035.89,3447.27,147,Activo,3.6
PROD-03610,Destrozadora de Papel Apex 312,Papelería y Oficina,Apex,658.44,283.59,490,Activo,4.5
PROD-03611,Freidora de Aire Vortex 741,Hogar y Cocina,Vortex,4119.75,2376.65,245,Activo,4.7
PROD-03612,Playera de Algodón Urban 194,Ropa y Moda,Urban,1629.7,950.29,193,Activo,4.3
PROD-03613,Calculadora Científica Nexa 193,Papelería y Oficina,Nexa,2318.72,1112.49,103,Activo,3.3
PROD-03614,Sudadera con Capucha Urban 952,Ropa y Moda,Urban,1896.27,966.12,427,Activo,3.6
PROD-03615,Libro de Desarrollo Personal Lumix 434,Libros y Entretenimiento,Lumix,2117.61,1221.49,431,Activo,3.7
PROD-03616,Lámpara de Escritorio Aero 487,Hogar y Cocina,Aero,7998.82,4318.31,271,Activo,4.1
PROD-03617,Manual de Cocina Krono 832,Libros y Entretenimiento,Krono,1653.51,874.93,342,Activo,4.4
PROD-03618,Post-it Adhesivos Lumix 749,Papelería y Oficina,Lumix,1652.48,979.76,398,Activo,4.0
PROD-03619,Dron para Niños Vortex 141,Juguetes y Juegos,Vortex,2488.92,1681.3,363,Activo,5.0
PROD-03620,Libro de Poesía Nova 403,Libros y Entretenimiento,Nova,125.6,68.87,272,Activo,4.5
PROD-03621,Cámara DSLR Nexa 196,Electrónica,Nexa,396.56,227.44,466,Activo,4.8
PROD-03622,Muñeca Articulada Nova 889,Juguetes y Juegos,Nova,978.96,554.43,28,Activo,4.2
PROD-03623,Libro de Finanzas Personales Nexa 725,Libros y Entretenimiento,Nexa,331.69,231.84,41,Activo,3.6
PROD-03624,Muñeca Articulada Vortex 757,Juguetes y Juegos,Vortex,2277.16,1589.18,211,Activo,4.4
PROD-03625,Smartphone Pro Zenith 422,Electrónica,Zenith,16295.64,9073.65,236,Activo,4.7
PROD-03626,Gorra Deportiva Zenith 667,Ropa y Moda,Zenith,378.63,240.09,84,Activo,4.2
PROD-03627,Smartwatch ProStyle 952,Electrónica,ProStyle,3596.57,2045.22,397,Activo,4.6
PROD-03628,Peluche Gigante Vortex 958,Juguetes y Juegos,Vortex,2592.8,1426.78,169,Activo,4.0
PROD-03629,Audífonos Bluetooth Nexa 241,Electrónica,Nexa,12709.61,7093.89,347,Activo,3.6
PROD-03630,Biografía Histórica Krono 183,Libros y Entretenimiento,Krono,3415.65,2010.32,488,Activo,3.9
PROD-03631,Juego de Mesa Familiar Apex 221,Juguetes y Juegos,Apex,1358.07,725.76,78,Activo,3.5
PROD-03632,Juego de Sartenes Titan 433,Hogar y Cocina,Titan,935.52,639.43,374,Activo,4.2
PROD-03633,Organizador de Escritorio Zenith 235,Papelería y Oficina,Zenith,563.15,354.81,106,Activo,4.4
PROD-03634,Carpeta de Argollas Urban 218,Papelería y Oficina,Urban,1623.4,869.36,394,Activo,4.5
PROD-03635,Cámara DSLR Vortex 402,Electrónica,Vortex,10686.85,6308.99,239,Activo,4.5
PROD-03636,Consola Portátil de Videojuegos Vortex 471,Juguetes y Juegos,Vortex,2844.71,1941.12,69,Activo,4.8
PROD-03637,Cámara DSLR Urban 437,Electrónica,Urban,12281.29,8273.44,473,Activo,4.9
PROD-03638,Vitaminas Multivitamínicas Lumix 345,Salud y Cuidado Personal,Lumix,1596.94,848.31,310,Activo,3.2
PROD-03639,Vitaminas Multivitamínicas Nova 174,Salud y Cuidado Personal,Nova,2375.77,1275.67,271,Activo,4.4
PROD-03640,Cuerda para Saltar Lumix 898,Deportes y Aire Libre,Lumix,2401.86,1473.98,173,Activo,4.8
PROD-03641,Enciclopedia Ilustrada Zenith 991,Libros y Entretenimiento,Zenith,1485.74,956.31,3,Activo,4.9
PROD-03642,Set de Bloques de Construcción ProStyle 771,Juguetes y Juegos,ProStyle,2729.6,1862.72,109,Activo,4.0
PROD-03643,Carpeta de Argollas Lumix 407,Papelería y Oficina,Lumix,1145.75,710.69,487,Activo,3.1
PROD-03644,Tenis Deportivos Apex 114,Ropa y Moda,Apex,77.98,44.84,261,Activo,3.5
PROD-03645,Organizador de Escritorio EcoLife 705,Papelería y Oficina,EcoLife,334.52,192.63,109,Activo,3.1
PROD-03646,Set de Bloques de Construcción Urban 729,Juguetes y Juegos,Urban,1965.94,1360.81,86,Activo,3.2
PROD-03647,Casco de Ciclismo EcoLife 628,Deportes y Aire Libre,EcoLife,2992.75,2062.37,100,Activo,4.2
PROD-03648,Casco de Ciclismo Nexa 965,Deportes y Aire Libre,Nexa,3267.68,2094.27,68,Activo,3.2
PROD-03649,Purificador de Aire Lumix 129,Hogar y Cocina,Lumix,4651.18,2931.86,354,Activo,4.5
PROD-03650,Masajeador Cervical Zenith 270,Salud y Cuidado Personal,Zenith,708.27,434.2,131,Activo,3.7
PROD-03651,Guantes de Gimnasio Nexa 314,Deportes y Aire Libre,Nexa,753.98,440.11,7,Activo,4.9
PROD-03652,Calculadora Científica Lumix 460,Papelería y Oficina,Lumix,379.05,211.55,52,Activo,4.3
PROD-03653,Rompecabezas 1000 piezas Nexa 906,Juguetes y Juegos,Nexa,862.59,409.19,180,Activo,4.0
PROD-03654,Organizador de Escritorio Nexa 918,Papelería y Oficina,Nexa,1148.37,651.68,415,Activo,3.8
PROD-03655,Post-it Adhesivos Apex 191,Papelería y Oficina,Apex,454.69,227.78,264,Activo,4.8
PROD-03656,Mochila de Senderismo Aero 271,Deportes y Aire Libre,Aero,6766.01,4014.38,48,Activo,3.0
PROD-03657,Silla Ergonómica Lumix 260,Papelería y Oficina,Lumix,1354.02,807.24,374,Activo,3.1
PROD-03658,Casco de Ciclismo EcoLife 237,Deportes y Aire Libre,EcoLife,5638.75,3455.81,469,Activo,4.8
PROD-03659,Pista de Carreras Apex 860,Juguetes y Juegos,Apex,276.34,152.72,341,Activo,3.4
PROD-03660,Pelota de Fútbol Titan 584,Deportes y Aire Libre,Titan,3038.74,1889.27,147,Activo,4.1
PROD-03661,Silla Ergonómica Nova 179,Papelería y Oficina,Nova,2211.52,1277.13,116,Activo,3.5
PROD-03662,Biografía Histórica Titan 814,Libros y Entretenimiento,Titan,1870.33,1095.71,411,Activo,4.6
PROD-03663,Sartén Antiadherente Urban 853,Hogar y Cocina,Urban,5249.46,2907.91,440,Activo,4.9
PROD-03664,Kit de Cuidado Facial Nexa 928,Salud y Cuidado Personal,Nexa,2339.63,1223.84,372,Activo,3.4
PROD-03665,Cinturón de Piel Lumix 666,Ropa y Moda,Lumix,2247.52,991.7,114,Activo,4.6
PROD-03666,Novela de Ficción Vortex 177,Libros y Entretenimiento,Vortex,2050.94,1226.37,414,Activo,4.4
PROD-03667,Vestido Casual Urban 171,Ropa y Moda,Urban,2481.17,1066.01,72,Activo,3.3
PROD-03668,Kit de Cuidado Facial Zenith 790,Salud y Cuidado Personal,Zenith,1206.31,714.33,291,Activo,4.2
PROD-03669,Pelota de Fútbol Urban 423,Deportes y Aire Libre,Urban,794.8,529.1,336,Activo,3.9
PROD-03670,Pelota de Fútbol Nexa 344,Deportes y Aire Libre,Nexa,1905.49,1227.06,344,Activo,4.8
PROD-03671,Lámpara de Escritorio Lumix 458,Hogar y Cocina,Lumix,3305.62,1808.26,111,Activo,4.6
PROD-03672,Tablet 10 pulgadas Lumix 958,Electrónica,Lumix,11028.41,7176.73,483,Activo,4.3
PROD-03673,Muñeca Articulada ProStyle 868,Juguetes y Juegos,ProStyle,2324.76,1611.15,131,Activo,4.9
PROD-03674,Vitaminas Multivitamínicas Nova 251,Salud y Cuidado Personal,Nova,2237.97,987.65,155,Activo,3.2
PROD-03675,Cinturón de Piel Titan 812,Ropa y Moda,Titan,2424.72,1195.23,167,Activo,3.1
PROD-03676,Cinturón de Piel Aero 915,Ropa y Moda,Aero,2021.33,998.02,333,Activo,4.5
PROD-03677,Guía de Viajes Nexa 921,Libros y Entretenimiento,Nexa,503.02,232.01,1,Activo,4.5
PROD-03678,Audífonos Bluetooth ProStyle 877,Electrónica,ProStyle,12047.53,8994.73,43,Activo,4.0
PROD-03679,Lámpara de Escritorio Urban 333,Hogar y Cocina,Urban,677.84,462.04,464,Activo,3.6
PROD-03680,Vitaminas Multivitamínicas ProStyle 255,Salud y Cuidado Personal,ProStyle,568.63,227.75,405,Activo,4.3
PROD-03681,Post-it Adhesivos Urban 118,Papelería y Oficina,Urban,2157.87,1003.04,434,Activo,3.7
PROD-03682,Cuento Infantil Ilustrado Urban 662,Libros y Entretenimiento,Urban,3122.32,2034.42,199,Activo,3.4
PROD-03683,Mouse Inalámbrico Urban 267,Electrónica,Urban,21570.61,12817.97,344,Activo,4.8
PROD-03684,Guía de Viajes Aero 556,Libros y Entretenimiento,Aero,2586.56,1191.88,105,Activo,4.2
PROD-03685,Protector Solar Apex 114,Salud y Cuidado Personal,Apex,1045.5,515.25,363,Activo,3.2
PROD-03686,Smartphone Pro Urban 343,Electrónica,Urban,14810.19,9413.7,201,Activo,3.9
PROD-03687,Cámara DSLR Krono 198,Electrónica,Krono,23903.37,16259.54,239,Activo,4.6
PROD-03688,Cinturón de Piel Titan 254,Ropa y Moda,Titan,395.34,220.61,282,Activo,4.6
PROD-03689,Gel Antiséptico ProStyle 307,Salud y Cuidado Personal,ProStyle,1453.45,746.81,33,Activo,4.3
PROD-03690,Gafas de Sol Urban 512,Ropa y Moda,Urban,1076.9,574.47,12,Activo,4.2
PROD-03691,Smartphone Pro Nexa 254,Electrónica,Nexa,23295.97,13631.37,146,Activo,3.8
PROD-03692,Enciclopedia Ilustrada Vortex 825,Libros y Entretenimiento,Vortex,1032.27,541.63,309,Activo,4.2
PROD-03693,Bandas de Resistencia Titan 133,Deportes y Aire Libre,Titan,5185.79,2626.91,121,Activo,4.2
PROD-03694,Enciclopedia Ilustrada Vortex 212,Libros y Entretenimiento,Vortex,946.32,624.88,197,Activo,4.3
PROD-03695,Kit de Pintura Lumix 579,Juguetes y Juegos,Lumix,3014.35,1941.25,398,Activo,3.7
PROD-03696,Purificador de Aire Krono 298,Hogar y Cocina,Krono,344.6,225.21,271,Activo,4.3
PROD-03697,Bascula Digital Nexa 174,Salud y Cuidado Personal,Nexa,336.54,136.5,167,Activo,3.7
PROD-03698,Guantes de Gimnasio Nova 728,Deportes y Aire Libre,Nova,7875.0,4137.31,27,Activo,3.2
PROD-03699,Silla Ergonómica Krono 339,Papelería y Oficina,Krono,1109.64,701.81,366,Activo,4.5
PROD-03700,Calculadora Científica Vortex 346,Papelería y Oficina,Vortex,2202.48,1388.4,323,Activo,3.7
PROD-03701,Gafas de Sol Nexa 536,Ropa y Moda,Nexa,709.74,456.43,115,Activo,3.8
PROD-03702,Mancuernas Ajustables Aero 137,Deportes y Aire Libre,Aero,2876.33,1900.98,284,Activo,4.9
PROD-03703,Bascula Digital Urban 792,Salud y Cuidado Personal,Urban,2369.52,1107.29,317,Activo,4.8
PROD-03704,Peluche Gigante Lumix 927,Juguetes y Juegos,Lumix,3158.83,1440.7,218,Activo,3.4
PROD-03705,Marcadores de Colores ProStyle 746,Papelería y Oficina,ProStyle,1366.66,668.95,191,Activo,3.3
PROD-03706,Vitaminas Multivitamínicas Nexa 622,Salud y Cuidado Personal,Nexa,1460.43,601.41,445,Activo,4.0
PROD-03707,Organizador de Escritorio Nexa 294,Papelería y Oficina,Nexa,670.92,377.01,313,Activo,3.8
PROD-03708,Crema Hidratante EcoLife 772,Salud y Cuidado Personal,EcoLife,1559.63,939.48,37,Activo,4.4
PROD-03709,Mochila de Senderismo EcoLife 495,Deportes y Aire Libre,EcoLife,4193.31,2174.58,437,Activo,3.4
PROD-03710,Juego de Mesa Familiar EcoLife 327,Juguetes y Juegos,EcoLife,739.03,354.94,225,Activo,3.4
PROD-03711,Carro a Control Remoto Titan 592,Juguetes y Juegos,Titan,2771.47,1577.23,408,Activo,3.6
PROD-03712,Libro de Poesía Krono 961,Libros y Entretenimiento,Krono,1050.92,628.56,62,Activo,3.0
PROD-03713,Set de Bloques de Construcción Vortex 604,Juguetes y Juegos,Vortex,2371.08,1277.18,393,Activo,4.7
PROD-03714,Biografía Histórica Nexa 581,Libros y Entretenimiento,Nexa,289.05,184.68,136,Activo,4.9
PROD-03715,Audífonos Bluetooth Titan 881,Electrónica,Titan,695.89,430.47,443,Activo,4.8
PROD-03716,Libro de Finanzas Personales Nexa 968,Libros y Entretenimiento,Nexa,3105.27,1975.83,457,Activo,3.7
PROD-03717,Smartphone Pro ProStyle 461,Electrónica,ProStyle,12685.66,8888.11,396,Activo,3.8
PROD-03718,Licuadora de Alta Potencia Aero 399,Hogar y Cocina,Aero,1471.19,935.89,109,Activo,3.0
PROD-03719,Laptop Gamer Lumix 470,Electrónica,Lumix,9003.88,6269.41,480,Activo,4.3
PROD-03720,Calculadora Científica Lumix 134,Papelería y Oficina,Lumix,1903.32,1144.08,346,Activo,3.0
PROD-03721,Engrapadora Industrial Zenith 763,Papelería y Oficina,Zenith,2437.06,1231.72,261,Activo,3.6
PROD-03722,Bocina Portátil Vortex 526,Electrónica,Vortex,8915.84,5766.55,317,Activo,4.3
PROD-03723,Enciclopedia Ilustrada Nova 951,Libros y Entretenimiento,Nova,967.12,617.73,116,Activo,4.3
PROD-03724,Crema Hidratante Urban 208,Salud y Cuidado Personal,Urban,355.1,170.8,390,Activo,4.0
PROD-03725,Calcetines Transpirables EcoLife 585,Ropa y Moda,EcoLife,987.96,456.81,228,Activo,3.6
PROD-03726,Cinturón de Piel Titan 119,Ropa y Moda,Titan,817.89,387.36,23,Activo,4.1
PROD-03727,Kit de Pintura Zenith 244,Juguetes y Juegos,Zenith,539.04,297.89,72,Activo,3.3
PROD-03728,Pelota de Fútbol Urban 318,Deportes y Aire Libre,Urban,412.01,207.82,435,Activo,4.4
PROD-03729,Cuerda para Saltar Apex 544,Deportes y Aire Libre,Apex,8446.36,4615.49,267,Activo,4.7
PROD-03730,Botella de Agua Térmica EcoLife 109,Deportes y Aire Libre,EcoLife,7047.54,3616.77,91,Activo,3.9
PROD-03731,Juego de Cuchillos Nexa 397,Hogar y Cocina,Nexa,505.69,270.96,291,Activo,4.4
PROD-03732,Set de Bloques de Construcción Urban 449,Juguetes y Juegos,Urban,803.61,483.3,2,Activo,3.7
PROD-03733,Libro de Poesía ProStyle 975,Libros y Entretenimiento,ProStyle,598.47,286.2,82,Activo,3.3
PROD-03734,Chamarra de Pluma Urban 527,Ropa y Moda,Urban,1250.87,769.87,443,Activo,4.4
PROD-03735,Purificador de Aire Urban 781,Hogar y Cocina,Urban,5758.82,3272.58,480,Activo,4.1
PROD-03736,Comic Edición de Colección Nova 597,Libros y Entretenimiento,Nova,2875.79,1523.12,66,Activo,3.2
PROD-03737,Licuadora de Alta Potencia Titan 123,Hogar y Cocina,Titan,1289.2,722.3,210,Activo,4.1
PROD-03738,Smartwatch Nova 812,Electrónica,Nova,2144.11,1243.29,316,Activo,4.9
PROD-03739,Laptop Gamer Aero 241,Electrónica,Aero,5906.5,3340.74,183,Activo,3.1
PROD-03740,Freidora de Aire Apex 236,Hogar y Cocina,Apex,3521.19,1764.4,238,Activo,3.1
PROD-03741,Bandas de Resistencia Aero 274,Deportes y Aire Libre,Aero,8489.75,5697.65,157,Activo,4.1
PROD-03742,Guía de Viajes Urban 256,Libros y Entretenimiento,Urban,734.38,508.29,310,Activo,4.9
PROD-03743,Laptop Gamer Nexa 351,Electrónica,Nexa,11556.23,8477.33,122,Activo,3.1
PROD-03744,Novela de Ficción Lumix 807,Libros y Entretenimiento,Lumix,1773.4,1007.19,272,Activo,4.3
PROD-03745,Carpeta de Argollas Vortex 901,Papelería y Oficina,Vortex,309.88,178.7,288,Activo,4.2
PROD-03746,Consola Portátil de Videojuegos Vortex 264,Juguetes y Juegos,Vortex,1084.91,511.61,160,Activo,3.4
PROD-03747,Bicicleta de Montaña Aero 408,Deportes y Aire Libre,Aero,5389.53,3080.61,269,Activo,3.1
PROD-03748,Comic Edición de Colección Lumix 635,Libros y Entretenimiento,Lumix,273.97,148.45,435,Activo,4.5
PROD-03749,Smartwatch ProStyle 260,Electrónica,ProStyle,8879.75,5110.42,111,Activo,4.9
PROD-03750,Rompecabezas 1000 piezas EcoLife 852,Juguetes y Juegos,EcoLife,2893.72,1507.86,12,Activo,3.9
PROD-03751,Gafas de Sol Krono 423,Ropa y Moda,Krono,256.1,128.06,461,Activo,4.0
PROD-03752,Juego de Sartenes Aero 245,Hogar y Cocina,Aero,8405.04,5060.8,210,Activo,4.3
PROD-03753,Tenis Deportivos Aero 573,Ropa y Moda,Aero,1892.72,835.9,197,Activo,4.1
PROD-03754,Rompecabezas 1000 piezas Aero 772,Juguetes y Juegos,Aero,846.41,407.66,65,Activo,4.5
PROD-03755,Juego de Cuchillos Krono 346,Hogar y Cocina,Krono,7152.52,4382.58,157,Activo,4.0
PROD-03756,Dron para Niños ProStyle 795,Juguetes y Juegos,ProStyle,1809.05,941.36,229,Activo,4.0
PROD-03757,Vitaminas Multivitamínicas Aero 744,Salud y Cuidado Personal,Aero,170.82,90.08,208,Activo,4.1
PROD-03758,Carpeta de Argollas Apex 654,Papelería y Oficina,Apex,1873.72,812.24,288,Activo,4.8
PROD-03759,Muñeca Articulada Apex 772,Juguetes y Juegos,Apex,224.61,143.55,268,Activo,3.3
PROD-03760,Audífonos Bluetooth Vortex 111,Electrónica,Vortex,21279.45,12485.67,359,Activo,3.9
PROD-03761,Bocina Portátil Titan 671,Electrónica,Titan,11448.04,8113.43,24,Activo,4.7
PROD-03762,Mouse Inalámbrico Titan 366,Electrónica,Titan,19067.75,13819.76,3,Activo,4.6
PROD-03763,Libro de Finanzas Personales Krono 429,Libros y Entretenimiento,Krono,2455.33,1208.01,102,Activo,3.6
PROD-03764,Novela de Ficción Urban 658,Libros y Entretenimiento,Urban,1837.14,1113.57,229,Activo,4.2
PROD-03765,Horno de Microondas Nova 740,Hogar y Cocina,Nova,824.55,562.09,115,Activo,4.6
PROD-03766,Guantes de Gimnasio Apex 870,Deportes y Aire Libre,Apex,293.29,178.06,454,Activo,4.7
PROD-03767,Secadora de Cabello EcoLife 744,Salud y Cuidado Personal,EcoLife,637.06,351.33,249,Activo,4.0
PROD-03768,Peluche Gigante Apex 684,Juguetes y Juegos,Apex,2713.15,1292.82,163,Activo,3.1
PROD-03769,Silla Ergonómica Aero 367,Papelería y Oficina,Aero,69.83,34.13,97,Activo,3.6
PROD-03770,Cuento Infantil Ilustrado Nova 911,Libros y Entretenimiento,Nova,2032.29,1083.97,18,Activo,4.5
PROD-03771,Juego de Sartenes Titan 532,Hogar y Cocina,Titan,6387.96,3871.55,75,Activo,4.4
PROD-03772,Marcadores de Colores Apex 211,Papelería y Oficina,Apex,817.09,488.19,456,Activo,4.2
PROD-03773,Comic Edición de Colección EcoLife 652,Libros y Entretenimiento,EcoLife,3026.94,1685.05,34,Activo,3.8
PROD-03774,Cinturón de Piel EcoLife 457,Ropa y Moda,EcoLife,611.6,297.21,298,Activo,3.0
PROD-03775,Rasuradora Eléctrica Urban 578,Salud y Cuidado Personal,Urban,68.36,44.17,490,Activo,5.0
PROD-03776,Laptop Gamer Krono 749,Electrónica,Krono,12492.41,8672.54,351,Activo,3.4
PROD-03777,Cámara DSLR Zenith 842,Electrónica,Zenith,22521.76,14567.54,135,Activo,4.8
PROD-03778,Audífonos Bluetooth EcoLife 211,Electrónica,EcoLife,3009.19,2215.8,46,Activo,3.9
PROD-03779,Organizador de Escritorio Apex 380,Papelería y Oficina,Apex,132.15,60.75,387,Activo,4.6
PROD-03780,Comic Edición de Colección ProStyle 553,Libros y Entretenimiento,ProStyle,1853.93,1113.36,56,Activo,3.9
PROD-03781,Set de Bolígrafos Urban 576,Papelería y Oficina,Urban,1447.78,895.15,221,Activo,4.2
PROD-03782,Sartén Antiadherente Aero 616,Hogar y Cocina,Aero,3169.65,2170.42,417,Activo,4.9
PROD-03783,Mochila de Senderismo Zenith 479,Deportes y Aire Libre,Zenith,1808.68,1183.48,301,Activo,3.0
PROD-03784,Secadora de Cabello ProStyle 532,Salud y Cuidado Personal,ProStyle,1982.55,1083.82,198,Activo,4.7
PROD-03785,Cuaderno Profesional Titan 683,Papelería y Oficina,Titan,1165.39,683.72,49,Activo,4.9
PROD-03786,Vitaminas Multivitamínicas Zenith 690,Salud y Cuidado Personal,Zenith,2371.81,1222.65,219,Activo,3.4
PROD-03787,Set de Bolígrafos Apex 298,Papelería y Oficina,Apex,1758.88,878.63,133,Activo,3.5
PROD-03788,Dron para Niños EcoLife 952,Juguetes y Juegos,EcoLife,773.41,461.07,231,Activo,4.8
PROD-03789,Tablet 10 pulgadas Nova 978,Electrónica,Nova,897.46,656.68,70,Activo,4.8
PROD-03790,Dron para Niños EcoLife 364,Juguetes y Juegos,EcoLife,390.06,192.28,383,Activo,4.2
PROD-03791,Secadora de Cabello Zenith 155,Salud y Cuidado Personal,Zenith,1636.82,756.33,130,Activo,3.2
PROD-03792,Consola Portátil de Videojuegos Krono 543,Juguetes y Juegos,Krono,1801.83,1199.54,159,Activo,4.1
PROD-03793,Carpeta de Argollas EcoLife 121,Papelería y Oficina,EcoLife,387.34,195.25,323,Activo,3.1
PROD-03794,Mochila de Senderismo Urban 768,Deportes y Aire Libre,Urban,2612.99,1604.94,411,Activo,3.2
PROD-03795,Calcetines Transpirables Zenith 321,Ropa y Moda,Zenith,775.48,336.26,303,Activo,3.6
PROD-03796,Set de Bloques de Construcción Krono 799,Juguetes y Juegos,Krono,811.39,553.7,2,Activo,3.1
PROD-03797,Carro a Control Remoto Nexa 414,Juguetes y Juegos,Nexa,1830.33,1197.37,206,Activo,4.1
PROD-03798,Gel Antiséptico ProStyle 585,Salud y Cuidado Personal,ProStyle,1753.74,1028.3,11,Activo,3.4
PROD-03799,Carpeta de Argollas Vortex 996,Papelería y Oficina,Vortex,2082.45,1046.39,373,Activo,4.1
PROD-03800,Audífonos Bluetooth Krono 892,Electrónica,Krono,18723.43,11315.48,371,Activo,4.6
PROD-03801,Masajeador Cervical Zenith 307,Salud y Cuidado Personal,Zenith,483.15,231.6,134,Activo,3.5
PROD-03802,Bicicleta de Montaña Aero 781,Deportes y Aire Libre,Aero,7593.83,4014.77,412,Activo,3.3
PROD-03803,Organizador de Escritorio Lumix 795,Papelería y Oficina,Lumix,390.26,171.21,43,Activo,3.8
PROD-03804,Casco de Ciclismo Titan 425,Deportes y Aire Libre,Titan,8035.62,5379.17,382,Activo,3.6
PROD-03805,Calcetines Transpirables Aero 410,Ropa y Moda,Aero,657.75,393.05,301,Activo,3.5
PROD-03806,Lámpara de Escritorio Vortex 702,Hogar y Cocina,Vortex,6635.51,4238.16,159,Activo,3.6
PROD-03807,Calculadora Científica Lumix 433,Papelería y Oficina,Lumix,2311.11,1033.88,296,Activo,3.0
PROD-03808,Engrapadora Industrial Nova 925,Papelería y Oficina,Nova,364.75,181.29,54,Activo,4.2
PROD-03809,Gorra Deportiva Aero 568,Ropa y Moda,Aero,2026.53,1057.36,2,Activo,4.6
PROD-03810,Juego de Cuchillos Krono 696,Hogar y Cocina,Krono,1157.86,719.17,371,Activo,4.2
PROD-03811,Set de Bolígrafos Vortex 131,Papelería y Oficina,Vortex,1016.77,439.6,122,Activo,3.6
PROD-03812,Muñeca Articulada Vortex 452,Juguetes y Juegos,Vortex,2403.35,1237.52,6,Activo,3.2
PROD-03813,Cuento Infantil Ilustrado Krono 159,Libros y Entretenimiento,Krono,2137.68,1027.47,450,Activo,3.7
PROD-03814,Cinturón de Piel Apex 644,Ropa y Moda,Apex,1319.01,733.66,366,Activo,4.2
PROD-03815,Audífonos Bluetooth Aero 285,Electrónica,Aero,19176.29,13729.72,281,Activo,5.0
PROD-03816,Carro a Control Remoto Lumix 161,Juguetes y Juegos,Lumix,1986.47,1168.01,14,Activo,5.0
PROD-03817,Comic Edición de Colección Urban 681,Libros y Entretenimiento,Urban,2392.86,1482.86,205,Activo,3.8
PROD-03818,Playera de Algodón Titan 869,Ropa y Moda,Titan,1409.06,732.76,273,Activo,3.1
PROD-03819,Post-it Adhesivos EcoLife 611,Papelería y Oficina,EcoLife,1426.14,888.56,55,Activo,3.2
PROD-03820,Tenis Deportivos Apex 904,Ropa y Moda,Apex,2360.08,1259.16,20,Activo,4.3
PROD-03821,Pelota de Fútbol Nexa 591,Deportes y Aire Libre,Nexa,5235.75,3154.77,100,Activo,4.6
PROD-03822,Mochila de Senderismo Lumix 929,Deportes y Aire Libre,Lumix,1606.24,995.65,400,Activo,4.2
PROD-03823,Rompecabezas 1000 piezas Apex 406,Juguetes y Juegos,Apex,752.32,397.81,49,Activo,3.6
PROD-03824,Bandas de Resistencia Urban 656,Deportes y Aire Libre,Urban,1819.39,1258.35,404,Activo,4.9
PROD-03825,Pista de Carreras Nova 659,Juguetes y Juegos,Nova,2660.76,1285.81,158,Activo,3.3
PROD-03826,Audífonos Bluetooth EcoLife 771,Electrónica,EcoLife,20618.95,12188.91,164,Activo,3.8
PROD-03827,Biografía Histórica Lumix 116,Libros y Entretenimiento,Lumix,2984.42,1426.68,72,Activo,4.5
PROD-03828,Comic Edición de Colección Krono 882,Libros y Entretenimiento,Krono,2560.5,1265.0,425,Activo,3.2
PROD-03829,Libro de Desarrollo Personal Lumix 371,Libros y Entretenimiento,Lumix,1196.84,700.09,273,Activo,3.9
PROD-03830,Rasuradora Eléctrica Nexa 121,Salud y Cuidado Personal,Nexa,1753.5,754.17,486,Activo,4.9
PROD-03831,Gorra Deportiva Urban 292,Ropa y Moda,Urban,239.92,106.7,277,Activo,3.7
PROD-03832,Manual de Cocina Vortex 855,Libros y Entretenimiento,Vortex,1642.44,1066.09,199,Activo,3.7
PROD-03833,Botella de Agua Térmica Aero 876,Deportes y Aire Libre,Aero,7566.34,5238.77,469,Activo,4.9
PROD-03834,Smartwatch Vortex 582,Electrónica,Vortex,11724.09,7427.72,345,Activo,4.3
PROD-03835,Destrozadora de Papel Vortex 511,Papelería y Oficina,Vortex,781.2,404.46,299,Activo,4.0
PROD-03836,Audífonos Bluetooth Krono 340,Electrónica,Krono,3524.51,2516.39,429,Activo,4.5
PROD-03837,Licuadora de Alta Potencia ProStyle 886,Hogar y Cocina,ProStyle,1862.29,1128.51,203,Activo,3.2
PROD-03838,Crema Hidratante ProStyle 305,Salud y Cuidado Personal,ProStyle,1469.47,747.11,253,Activo,4.1
PROD-03839,Tenis Deportivos Nexa 782,Ropa y Moda,Nexa,236.15,142.84,251,Activo,3.1
PROD-03840,Novela de Ficción Nova 894,Libros y Entretenimiento,Nova,2431.28,1695.36,8,Activo,3.2
PROD-03841,Silla Ergonómica Nova 995,Papelería y Oficina,Nova,63.13,40.88,486,Activo,3.2
PROD-03842,Protector Solar Zenith 303,Salud y Cuidado Personal,Zenith,368.45,158.96,111,Activo,3.3
PROD-03843,Juego de Mesa Familiar Lumix 312,Juguetes y Juegos,Lumix,1971.7,1158.69,407,Activo,5.0
PROD-03844,Cuaderno Profesional Nova 651,Papelería y Oficina,Nova,529.88,288.31,92,Activo,4.0
PROD-03845,Licuadora de Alta Potencia Lumix 530,Hogar y Cocina,Lumix,2419.54,1640.71,242,Activo,4.7
PROD-03846,Laptop Gamer Vortex 380,Electrónica,Vortex,11060.82,8209.11,192,Activo,4.1
PROD-03847,Cuaderno Profesional Vortex 217,Papelería y Oficina,Vortex,295.31,125.93,4,Activo,4.7
PROD-03848,Engrapadora Industrial ProStyle 878,Papelería y Oficina,ProStyle,2428.66,1154.18,9,Activo,4.9
PROD-03849,Sartén Antiadherente ProStyle 196,Hogar y Cocina,ProStyle,7009.43,4568.76,285,Activo,4.0
PROD-03850,Protector Solar Nova 105,Salud y Cuidado Personal,Nova,2126.81,869.2,28,Activo,3.7
PROD-03851,Cámara DSLR EcoLife 210,Electrónica,EcoLife,20927.35,13375.73,280,Activo,4.1
PROD-03852,Engrapadora Industrial Nexa 916,Papelería y Oficina,Nexa,1590.37,800.36,263,Activo,4.9
PROD-03853,Cinturón de Piel ProStyle 223,Ropa y Moda,ProStyle,2108.91,1141.13,173,Activo,4.6
PROD-03854,Silla Ergonómica ProStyle 145,Papelería y Oficina,ProStyle,428.95,221.22,156,Activo,4.1
PROD-03855,Protector Solar Aero 328,Salud y Cuidado Personal,Aero,119.11,73.93,136,Activo,4.5
PROD-03856,Organizador de Escritorio Krono 520,Papelería y Oficina,Krono,933.14,435.19,410,Activo,4.4
PROD-03857,Engrapadora Industrial Apex 242,Papelería y Oficina,Apex,146.3,86.84,461,Activo,4.8
PROD-03858,Secadora de Cabello Nova 609,Salud y Cuidado Personal,Nova,1897.63,1004.35,155,Activo,4.3
PROD-03859,Set de Bolígrafos Zenith 522,Papelería y Oficina,Zenith,1916.17,1098.44,443,Activo,5.0
PROD-03860,Calculadora Científica Titan 497,Papelería y Oficina,Titan,81.25,34.79,241,Activo,3.7
PROD-03861,Secadora de Cabello Nexa 745,Salud y Cuidado Personal,Nexa,758.52,343.01,67,Activo,3.7
PROD-03862,Rompecabezas 1000 piezas Krono 751,Juguetes y Juegos,Krono,2505.57,1328.87,66,Activo,3.2
PROD-03863,Libro de Poesía Nexa 814,Libros y Entretenimiento,Nexa,2599.92,1553.41,90,Activo,3.2
PROD-03864,Masajeador Cervical Krono 758,Salud y Cuidado Personal,Krono,1724.21,697.5,21,Activo,3.6
PROD-03865,Sudadera con Capucha Zenith 947,Ropa y Moda,Zenith,2250.69,1076.48,138,Activo,4.0
PROD-03866,Dron para Niños Titan 696,Juguetes y Juegos,Titan,1175.51,614.62,202,Activo,4.4
PROD-03867,Horno de Microondas Vortex 578,Hogar y Cocina,Vortex,7730.75,5107.05,94,Activo,4.9
PROD-03868,Teclado Mecánico ProStyle 550,Electrónica,ProStyle,21077.5,15121.76,144,Activo,4.8
PROD-03869,Bicicleta de Montaña Krono 177,Deportes y Aire Libre,Krono,4579.56,3167.35,342,Activo,3.0
PROD-03870,Calcetines Transpirables Nova 318,Ropa y Moda,Nova,416.68,257.22,134,Activo,4.1
PROD-03871,Silla Ergonómica Aero 266,Papelería y Oficina,Aero,631.32,292.92,102,Activo,3.0
PROD-03872,Protector Solar Krono 410,Salud y Cuidado Personal,Krono,524.8,288.35,413,Activo,4.6
PROD-03873,Lámpara de Escritorio Titan 717,Hogar y Cocina,Titan,1007.96,615.24,136,Activo,5.0
PROD-03874,Sudadera con Capucha Aero 767,Ropa y Moda,Aero,2165.54,1163.0,368,Activo,4.4
PROD-03875,Organizador de Escritorio ProStyle 910,Papelería y Oficina,ProStyle,135.55,81.87,458,Activo,4.4
PROD-03876,Marcadores de Colores Aero 589,Papelería y Oficina,Aero,1044.62,454.71,231,Activo,3.7
PROD-03877,Novela de Ficción Vortex 174,Libros y Entretenimiento,Vortex,2343.2,1568.87,316,Activo,3.1
PROD-03878,Rasuradora Eléctrica Vortex 766,Salud y Cuidado Personal,Vortex,1800.99,1020.8,251,Activo,4.8
PROD-03879,Marcadores de Colores Titan 833,Papelería y Oficina,Titan,906.65,468.06,43,Activo,4.0
PROD-03880,Smartwatch Aero 815,Electrónica,Aero,20554.08,15013.22,65,Activo,3.2
PROD-03881,Sartén Antiadherente Aero 356,Hogar y Cocina,Aero,6145.35,3463.87,325,Activo,3.2
PROD-03882,Cuento Infantil Ilustrado Nova 676,Libros y Entretenimiento,Nova,2262.16,1247.07,177,Activo,3.6
PROD-03883,Libro de Poesía Aero 270,Libros y Entretenimiento,Aero,2309.73,1154.06,350,Activo,4.3
PROD-03884,Bicicleta de Montaña Nexa 824,Deportes y Aire Libre,Nexa,3235.17,1891.94,465,Activo,3.9
PROD-03885,Pelota de Fútbol Aero 180,Deportes y Aire Libre,Aero,8254.63,5114.23,304,Activo,4.2
PROD-03886,Set de Bloques de Construcción Apex 119,Juguetes y Juegos,Apex,1381.89,753.22,354,Activo,4.5
PROD-03887,Dron para Niños Krono 984,Juguetes y Juegos,Krono,1791.33,956.79,392,Activo,4.4
PROD-03888,Manual de Cocina Krono 524,Libros y Entretenimiento,Krono,1270.17,697.07,432,Activo,4.8
PROD-03889,Casco de Ciclismo Lumix 874,Deportes y Aire Libre,Lumix,5796.1,3317.16,247,Activo,3.5
PROD-03890,Libro de Finanzas Personales Urban 366,Libros y Entretenimiento,Urban,2892.81,1483.47,109,Activo,3.6
PROD-03891,Juego de Mesa Familiar Apex 194,Juguetes y Juegos,Apex,1154.0,682.47,450,Activo,3.7
PROD-03892,Calcetines Transpirables Urban 746,Ropa y Moda,Urban,1007.25,566.33,8,Activo,3.6
PROD-03893,Freidora de Aire Zenith 942,Hogar y Cocina,Zenith,8183.89,5316.28,459,Activo,4.0
PROD-03894,Silla Ergonómica Krono 933,Papelería y Oficina,Krono,1566.21,638.01,457,Activo,4.9
PROD-03895,Consola Portátil de Videojuegos Lumix 460,Juguetes y Juegos,Lumix,173.42,103.32,166,Activo,3.5
PROD-03896,Calculadora Científica Lumix 859,Papelería y Oficina,Lumix,334.69,185.39,410,Activo,4.0
PROD-03897,Masajeador Cervical Nova 532,Salud y Cuidado Personal,Nova,1699.98,719.8,134,Activo,4.9
PROD-03898,Bandas de Resistencia ProStyle 306,Deportes y Aire Libre,ProStyle,3923.59,2326.83,240,Activo,3.3
PROD-03899,Pelota de Fútbol Nova 493,Deportes y Aire Libre,Nova,6393.23,4318.95,444,Activo,3.9
PROD-03900,Organizador de Escritorio Titan 716,Papelería y Oficina,Titan,664.46,374.07,371,Activo,4.6
PROD-03901,Pantalón Mezclilla Apex 733,Ropa y Moda,Apex,439.02,224.85,409,Activo,3.6
PROD-03902,Horno de Microondas Urban 250,Hogar y Cocina,Urban,8190.9,5552.97,88,Activo,3.2
PROD-03903,Tapete de Yoga Krono 671,Deportes y Aire Libre,Krono,5925.09,3800.22,306,Activo,3.5
PROD-03904,Libro de Desarrollo Personal Krono 473,Libros y Entretenimiento,Krono,1531.67,932.7,308,Activo,3.8
PROD-03905,Bocina Portátil EcoLife 362,Electrónica,EcoLife,4587.91,2599.28,7,Activo,4.6
PROD-03906,Libro de Desarrollo Personal Aero 751,Libros y Entretenimiento,Aero,1446.3,920.5,185,Activo,3.2
PROD-03907,Tablet 10 pulgadas Urban 402,Electrónica,Urban,20285.46,11766.91,77,Activo,4.7
PROD-03908,Smartphone Pro Krono 609,Electrónica,Krono,2665.17,1985.87,331,Activo,4.2
PROD-03909,Masajeador Cervical Zenith 629,Salud y Cuidado Personal,Zenith,1964.07,1155.3,22,Activo,3.5
PROD-03910,Gel Antiséptico Urban 249,Salud y Cuidado Personal,Urban,2184.25,935.51,436,Activo,4.0
PROD-03911,Protector Solar EcoLife 241,Salud y Cuidado Personal,EcoLife,2078.15,1297.96,421,Activo,3.3
PROD-03912,Bascula Digital EcoLife 586,Salud y Cuidado Personal,EcoLife,2468.94,1477.96,271,Activo,4.8
PROD-03913,Biografía Histórica Titan 708,Libros y Entretenimiento,Titan,1102.14,649.16,334,Activo,4.5
PROD-03914,Muñeca Articulada ProStyle 474,Juguetes y Juegos,ProStyle,1930.23,1034.65,166,Activo,3.4
PROD-03915,Marcadores de Colores Apex 940,Papelería y Oficina,Apex,742.67,299.55,419,Activo,3.3
PROD-03916,Vitaminas Multivitamínicas Urban 359,Salud y Cuidado Personal,Urban,240.55,98.93,81,Activo,4.0
PROD-03917,Tenis Deportivos Lumix 290,Ropa y Moda,Lumix,848.33,415.92,221,Activo,4.7
PROD-03918,Purificador de Aire Krono 904,Hogar y Cocina,Krono,6272.36,3888.75,446,Activo,3.8
PROD-03919,Libro de Poesía Nova 582,Libros y Entretenimiento,Nova,1485.7,822.24,192,Activo,4.2
PROD-03920,Kit de Cuidado Facial EcoLife 766,Salud y Cuidado Personal,EcoLife,2325.83,1245.39,409,Activo,4.0
PROD-03921,Gorra Deportiva Aero 469,Ropa y Moda,Aero,1479.83,640.74,325,Activo,3.5
PROD-03922,Laptop Gamer Titan 842,Electrónica,Titan,12819.83,8032.76,41,Activo,3.7
PROD-03923,Enciclopedia Ilustrada Aero 569,Libros y Entretenimiento,Aero,3336.92,1552.21,195,Activo,3.7
PROD-03924,Casco de Ciclismo Titan 967,Deportes y Aire Libre,Titan,4524.19,2730.51,140,Activo,4.5
PROD-03925,Novela de Ficción Apex 608,Libros y Entretenimiento,Apex,3118.76,2082.02,281,Activo,5.0
PROD-03926,Bocina Portátil Vortex 725,Electrónica,Vortex,4600.53,3100.6,395,Activo,5.0
PROD-03927,Bicicleta de Montaña Krono 686,Deportes y Aire Libre,Krono,1698.13,876.9,174,Activo,4.3
PROD-03928,Audífonos Bluetooth Zenith 436,Electrónica,Zenith,24301.44,15614.22,476,Activo,3.7
PROD-03929,Cuerda para Saltar Titan 824,Deportes y Aire Libre,Titan,2173.33,1210.95,421,Activo,3.4
PROD-03930,Protector Solar Apex 905,Salud y Cuidado Personal,Apex,56.58,29.6,275,Activo,3.3
PROD-03931,Marcadores de Colores Nexa 276,Papelería y Oficina,Nexa,1012.72,652.03,324,Activo,4.4
PROD-03932,Bocina Portátil Urban 452,Electrónica,Urban,5447.47,3724.51,137,Activo,3.6
PROD-03933,Monitor 4K Nova 327,Electrónica,Nova,1933.94,1401.27,233,Activo,4.0
PROD-03934,Kit de Pintura Apex 896,Juguetes y Juegos,Apex,2153.33,982.65,379,Activo,3.6
PROD-03935,Monitor 4K Krono 793,Electrónica,Krono,5667.36,3338.25,182,Activo,3.1
PROD-03936,Audífonos Bluetooth Aero 494,Electrónica,Aero,23771.63,17353.18,156,Activo,4.2
PROD-03937,Pantalón Mezclilla Titan 208,Ropa y Moda,Titan,1728.68,1067.96,37,Activo,4.2
PROD-03938,Playera de Algodón Nova 916,Ropa y Moda,Nova,1683.18,961.13,142,Activo,4.8
PROD-03939,Libro de Finanzas Personales Nova 646,Libros y Entretenimiento,Nova,512.19,239.11,7,Activo,3.7
PROD-03940,Cámara DSLR ProStyle 301,Electrónica,ProStyle,17600.58,12487.32,449,Activo,4.3
PROD-03941,Casco de Ciclismo Krono 760,Deportes y Aire Libre,Krono,6835.46,3967.76,360,Activo,4.1
PROD-03942,Pantalón Mezclilla Titan 490,Ropa y Moda,Titan,1390.64,759.83,296,Activo,4.4
PROD-03943,Freidora de Aire Nova 285,Hogar y Cocina,Nova,4823.25,2721.67,408,Activo,4.2
PROD-03944,Gafas de Sol ProStyle 393,Ropa y Moda,ProStyle,1927.9,934.57,4,Activo,4.1
PROD-03945,Enciclopedia Ilustrada Krono 108,Libros y Entretenimiento,Krono,165.03,97.68,427,Activo,4.0
PROD-03946,Kit de Pintura Nova 672,Juguetes y Juegos,Nova,271.7,156.66,464,Activo,4.5
PROD-03947,Cuaderno Profesional EcoLife 143,Papelería y Oficina,EcoLife,1458.34,748.69,239,Activo,4.3
PROD-03948,Sudadera con Capucha Titan 354,Ropa y Moda,Titan,276.28,126.54,55,Activo,5.0
PROD-03949,Licuadora de Alta Potencia Urban 848,Hogar y Cocina,Urban,4506.12,2954.36,313,Activo,4.3
PROD-03950,Tapete de Yoga Zenith 110,Deportes y Aire Libre,Zenith,842.46,542.35,301,Activo,4.4
PROD-03951,Pelota de Fútbol Zenith 924,Deportes y Aire Libre,Zenith,4792.82,2705.28,146,Activo,4.2
PROD-03952,Calculadora Científica Nova 241,Papelería y Oficina,Nova,477.91,286.01,410,Activo,4.5
PROD-03953,Bascula Digital Urban 764,Salud y Cuidado Personal,Urban,222.6,117.62,392,Activo,3.5
PROD-03954,Laptop Gamer Zenith 927,Electrónica,Zenith,24744.1,14135.1,464,Activo,4.2
PROD-03955,Bicicleta de Montaña Lumix 343,Deportes y Aire Libre,Lumix,7218.08,3910.27,159,Activo,4.3
PROD-03956,Secadora de Cabello Krono 109,Salud y Cuidado Personal,Krono,1248.12,632.67,209,Activo,4.8
PROD-03957,Casco de Ciclismo Vortex 475,Deportes y Aire Libre,Vortex,8460.81,4462.21,39,Activo,3.2
PROD-03958,Teclado Mecánico Zenith 563,Electrónica,Zenith,3416.29,1938.76,309,Activo,3.8
PROD-03959,Smartwatch Vortex 747,Electrónica,Vortex,10959.06,6563.01,92,Activo,4.2
PROD-03960,Gorra Deportiva EcoLife 437,Ropa y Moda,EcoLife,66.58,39.24,394,Activo,4.4
PROD-03961,Smartwatch Titan 730,Electrónica,Titan,14518.26,10616.6,236,Activo,4.1
PROD-03962,Novela de Ficción EcoLife 661,Libros y Entretenimiento,EcoLife,3277.41,2039.46,135,Activo,3.9
PROD-03963,Guantes de Gimnasio Vortex 515,Deportes y Aire Libre,Vortex,2748.6,1784.55,110,Activo,4.2
PROD-03964,Set de Bloques de Construcción Nexa 281,Juguetes y Juegos,Nexa,2672.56,1311.76,65,Activo,4.2
PROD-03965,Horno de Microondas ProStyle 177,Hogar y Cocina,ProStyle,7081.79,4561.4,167,Activo,3.6
PROD-03966,Gel Antiséptico Zenith 834,Salud y Cuidado Personal,Zenith,1546.52,1002.45,443,Activo,3.9
PROD-03967,Aspiradora Robot Krono 719,Hogar y Cocina,Krono,8307.88,5050.68,54,Activo,4.5
PROD-03968,Destrozadora de Papel Urban 209,Papelería y Oficina,Urban,229.57,140.91,18,Activo,3.9
PROD-03969,Guantes de Gimnasio Nexa 498,Deportes y Aire Libre,Nexa,6035.55,3879.64,200,Activo,3.3
PROD-03970,Cinturón de Piel EcoLife 383,Ropa y Moda,EcoLife,2096.37,1147.94,43,Activo,4.1
PROD-03971,Bascula Digital Vortex 475,Salud y Cuidado Personal,Vortex,302.16,156.26,25,Activo,4.4
PROD-03972,Sudadera con Capucha Apex 971,Ropa y Moda,Apex,201.64,108.43,352,Activo,4.4
PROD-03973,Libro de Desarrollo Personal Nexa 852,Libros y Entretenimiento,Nexa,1043.1,526.65,352,Activo,5.0
PROD-03974,Gel Antiséptico Nexa 888,Salud y Cuidado Personal,Nexa,1824.1,959.56,202,Activo,4.7
PROD-03975,Pista de Carreras Titan 705,Juguetes y Juegos,Titan,1556.23,1071.22,244,Activo,3.1
PROD-03976,Vitaminas Multivitamínicas Krono 984,Salud y Cuidado Personal,Krono,2114.47,1135.91,46,Activo,4.7
PROD-03977,Cinturón de Piel EcoLife 345,Ropa y Moda,EcoLife,1924.97,801.39,97,Activo,3.1
PROD-03978,Pista de Carreras Aero 427,Juguetes y Juegos,Aero,1507.26,826.31,424,Activo,4.5
PROD-03979,Tapete de Yoga Titan 564,Deportes y Aire Libre,Titan,2233.46,1373.17,271,Activo,4.3
PROD-03980,Vitaminas Multivitamínicas Apex 175,Salud y Cuidado Personal,Apex,2175.73,878.78,171,Activo,4.9
PROD-03981,Marcadores de Colores Nova 548,Papelería y Oficina,Nova,1975.76,879.15,358,Activo,3.5
PROD-03982,Horno de Microondas Urban 608,Hogar y Cocina,Urban,8070.23,4287.06,17,Activo,4.1
PROD-03983,Carpeta de Argollas Krono 202,Papelería y Oficina,Krono,2469.63,1010.71,395,Activo,3.8
PROD-03984,Gel Antiséptico Vortex 702,Salud y Cuidado Personal,Vortex,1433.69,905.07,65,Activo,4.9
PROD-03985,Biografía Histórica Nova 601,Libros y Entretenimiento,Nova,357.97,210.23,212,Activo,4.3
PROD-03986,Smartwatch Vortex 759,Electrónica,Vortex,23771.55,16094.13,169,Activo,3.9
PROD-03987,Bascula Digital Urban 659,Salud y Cuidado Personal,Urban,597.0,241.29,245,Activo,4.6
PROD-03988,Sartén Antiadherente Aero 713,Hogar y Cocina,Aero,5330.25,2667.98,0,Agotado,3.1
PROD-03989,Kit de Pintura EcoLife 167,Juguetes y Juegos,EcoLife,1939.4,1038.19,18,Activo,5.0
PROD-03990,Dron para Niños Lumix 854,Juguetes y Juegos,Lumix,2152.73,1201.74,170,Activo,3.1
PROD-03991,Freidora de Aire Zenith 590,Hogar y Cocina,Zenith,206.06,122.08,315,Activo,3.5
PROD-03992,Crema Hidratante Lumix 425,Salud y Cuidado Personal,Lumix,1834.67,992.68,106,Activo,4.6
PROD-03993,Gorra Deportiva Aero 486,Ropa y Moda,Aero,622.16,250.58,381,Activo,3.7
PROD-03994,Calculadora Científica Apex 147,Papelería y Oficina,Apex,1399.96,572.7,310,Activo,4.9
PROD-03995,Masajeador Cervical EcoLife 668,Salud y Cuidado Personal,EcoLife,1412.44,762.76,397,Activo,3.8
PROD-03996,Marcadores de Colores Vortex 858,Papelería y Oficina,Vortex,1883.74,1088.88,257,Activo,5.0
PROD-03997,Smartwatch Lumix 487,Electrónica,Lumix,19322.46,11417.24,224,Activo,3.9
PROD-03998,Destrozadora de Papel Nova 979,Papelería y Oficina,Nova,1697.81,889.29,401,Activo,4.9
PROD-03999,Libro de Desarrollo Personal Nexa 481,Libros y Entretenimiento,Nexa,339.02,186.65,286,Activo,4.9
PROD-04000,Sudadera con Capucha Nova 949,Ropa y Moda,Nova,160.54,87.24,232,Activo,3.3
PROD-04001,Cuento Infantil Ilustrado Titan 727,Libros y Entretenimiento,Titan,2326.97,1487.49,465,Activo,3.9
PROD-04002,Bandas de Resistencia Zenith 177,Deportes y Aire Libre,Zenith,3276.02,1934.32,143,Activo,4.1
PROD-04003,Tapete de Yoga Lumix 696,Deportes y Aire Libre,Lumix,7566.16,4966.51,472,Activo,3.3
PROD-04004,Bicicleta de Montaña Nova 595,Deportes y Aire Libre,Nova,7564.35,4085.84,320,Activo,4.1
PROD-04005,Freidora de Aire Titan 580,Hogar y Cocina,Titan,2558.48,1715.13,380,Activo,4.8
PROD-04006,Licuadora de Alta Potencia Urban 725,Hogar y Cocina,Urban,4514.86,3134.68,439,Activo,3.1
PROD-04007,Consola Portátil de Videojuegos EcoLife 723,Juguetes y Juegos,EcoLife,1171.24,644.76,148,Activo,3.4
PROD-04008,Horno de Microondas Lumix 212,Hogar y Cocina,Lumix,6924.28,4388.23,36,Activo,5.0
PROD-04009,Marcadores de Colores Nexa 758,Papelería y Oficina,Nexa,1578.96,971.48,495,Activo,3.8
PROD-04010,Novela de Ficción Krono 342,Libros y Entretenimiento,Krono,2443.89,1395.75,463,Activo,3.8
PROD-04011,Silla Ergonómica Nexa 630,Papelería y Oficina,Nexa,1389.28,816.88,403,Activo,3.4
PROD-04012,Post-it Adhesivos Vortex 838,Papelería y Oficina,Vortex,2397.91,1324.94,338,Activo,3.9
PROD-04013,Mouse Inalámbrico Nova 349,Electrónica,Nova,23106.63,14866.43,332,Activo,4.3
PROD-04014,Post-it Adhesivos Krono 852,Papelería y Oficina,Krono,1884.86,1201.27,398,Activo,4.3
PROD-04015,Crema Hidratante Nexa 262,Salud y Cuidado Personal,Nexa,1537.5,621.41,186,Activo,3.2
PROD-04016,Chamarra de Pluma Vortex 214,Ropa y Moda,Vortex,2031.41,984.23,394,Activo,3.8
PROD-04017,Licuadora de Alta Potencia Aero 299,Hogar y Cocina,Aero,5574.48,3566.99,396,Activo,3.7
PROD-04018,Mochila de Senderismo EcoLife 720,Deportes y Aire Libre,EcoLife,7675.83,4591.71,208,Activo,4.9
PROD-04019,Bandas de Resistencia EcoLife 228,Deportes y Aire Libre,EcoLife,4064.38,2699.53,329,Activo,4.0
PROD-04020,Lámpara de Escritorio ProStyle 389,Hogar y Cocina,ProStyle,2590.34,1441.54,449,Activo,3.5
PROD-04021,Tablet 10 pulgadas Titan 535,Electrónica,Titan,11486.19,7458.4,347,Activo,4.2
PROD-04022,Marcadores de Colores Titan 800,Papelería y Oficina,Titan,2262.95,908.02,243,Activo,4.7
PROD-04023,Laptop Gamer Nova 222,Electrónica,Nova,19663.81,10980.12,184,Activo,3.5
PROD-04024,Enciclopedia Ilustrada Krono 442,Libros y Entretenimiento,Krono,3048.07,1973.32,95,Activo,3.6
PROD-04025,Gel Antiséptico Krono 123,Salud y Cuidado Personal,Krono,1644.57,685.12,290,Activo,3.3
PROD-04026,Licuadora de Alta Potencia Lumix 619,Hogar y Cocina,Lumix,2153.82,1485.86,360,Activo,3.2
PROD-04027,Destrozadora de Papel Aero 397,Papelería y Oficina,Aero,1623.22,1025.11,134,Activo,5.0
PROD-04028,Tablet 10 pulgadas Aero 462,Electrónica,Aero,9220.47,6289.24,325,Activo,4.3
PROD-04029,Bicicleta de Montaña Nexa 603,Deportes y Aire Libre,Nexa,7683.65,4158.27,499,Activo,4.7
PROD-04030,Licuadora de Alta Potencia EcoLife 122,Hogar y Cocina,EcoLife,6611.58,3717.93,373,Activo,4.2
PROD-04031,Pantalón Mezclilla Zenith 943,Ropa y Moda,Zenith,2009.56,815.7,167,Activo,3.1
PROD-04032,Juego de Mesa Familiar Urban 190,Juguetes y Juegos,Urban,2107.98,1442.33,129,Activo,4.3
PROD-04033,Carpeta de Argollas Urban 827,Papelería y Oficina,Urban,1943.63,861.41,8,Activo,3.2
PROD-04034,Audífonos Bluetooth Nexa 543,Electrónica,Nexa,13522.07,8363.91,158,Activo,3.0
PROD-04035,Playera de Algodón Nova 979,Ropa y Moda,Nova,1128.25,550.27,497,Activo,3.5
PROD-04036,Bocina Portátil Vortex 839,Electrónica,Vortex,18598.9,13233.36,418,Activo,4.2
PROD-04037,Calcetines Transpirables Urban 603,Ropa y Moda,Urban,1314.75,580.66,242,Activo,4.1
PROD-04038,Protector Solar Zenith 334,Salud y Cuidado Personal,Zenith,1225.97,762.5,264,Activo,4.1
PROD-04039,Vestido Casual Titan 741,Ropa y Moda,Titan,659.78,277.96,60,Activo,3.7
PROD-04040,Muñeca Articulada Vortex 113,Juguetes y Juegos,Vortex,1558.05,726.42,232,Activo,4.7
PROD-04041,Purificador de Aire Lumix 521,Hogar y Cocina,Lumix,5459.85,2735.73,218,Activo,4.5
PROD-04042,Vitaminas Multivitamínicas Nova 811,Salud y Cuidado Personal,Nova,2030.93,1275.07,439,Activo,4.4
PROD-04043,Botella de Agua Térmica Vortex 247,Deportes y Aire Libre,Vortex,7314.57,4515.54,355,Activo,4.7
PROD-04044,Engrapadora Industrial Krono 314,Papelería y Oficina,Krono,700.71,296.29,96,Activo,4.3
PROD-04045,Pantalón Mezclilla Nova 965,Ropa y Moda,Nova,1446.31,651.89,277,Activo,3.7
PROD-04046,Cinturón de Piel Nexa 349,Ropa y Moda,Nexa,1552.41,927.82,423,Activo,4.3
PROD-04047,Pelota de Fútbol Nova 132,Deportes y Aire Libre,Nova,4237.28,2181.06,289,Activo,3.3
PROD-04048,Chamarra de Pluma Lumix 784,Ropa y Moda,Lumix,1493.44,855.36,383,Activo,4.3
PROD-04049,Destrozadora de Papel EcoLife 812,Papelería y Oficina,EcoLife,157.37,76.64,301,Activo,4.0
PROD-04050,Libro de Poesía Urban 757,Libros y Entretenimiento,Urban,1159.85,529.98,441,Activo,3.5
PROD-04051,Tapete de Yoga Zenith 889,Deportes y Aire Libre,Zenith,5499.88,3345.91,195,Activo,4.2
PROD-04052,Rompecabezas 1000 piezas Lumix 796,Juguetes y Juegos,Lumix,2470.15,1265.6,92,Activo,3.8
PROD-04053,Bandas de Resistencia Apex 711,Deportes y Aire Libre,Apex,2954.03,1620.31,58,Activo,3.6
PROD-04054,Carro a Control Remoto ProStyle 115,Juguetes y Juegos,ProStyle,2352.03,1423.67,225,Activo,4.0
PROD-04055,Guantes de Gimnasio Aero 441,Deportes y Aire Libre,Aero,7079.87,4589.04,228,Activo,3.2
PROD-04056,Pista de Carreras ProStyle 904,Juguetes y Juegos,ProStyle,860.12,478.57,334,Activo,3.5
PROD-04057,Marcadores de Colores Vortex 812,Papelería y Oficina,Vortex,2244.64,1295.99,57,Activo,4.3
PROD-04058,Pista de Carreras Urban 772,Juguetes y Juegos,Urban,776.91,487.67,311,Activo,4.9
PROD-04059,Cámara DSLR Nexa 428,Electrónica,Nexa,13410.98,8348.84,111,Activo,3.2
PROD-04060,Purificador de Aire Nexa 979,Hogar y Cocina,Nexa,7268.99,4267.68,408,Activo,3.3
PROD-04061,Novela de Ficción ProStyle 647,Libros y Entretenimiento,ProStyle,360.9,209.59,289,Activo,3.5
PROD-04062,Pantalón Mezclilla Apex 746,Ropa y Moda,Apex,1715.45,965.45,214,Activo,3.2
PROD-04063,Enciclopedia Ilustrada Urban 442,Libros y Entretenimiento,Urban,3117.0,2103.9,185,Activo,4.2
PROD-04064,Laptop Gamer Nexa 263,Electrónica,Nexa,11626.11,8493.11,426,Activo,4.3
PROD-04065,Calcetines Transpirables Vortex 193,Ropa y Moda,Vortex,1437.93,701.7,437,Activo,4.4
PROD-04066,Monitor 4K Titan 818,Electrónica,Titan,7263.68,5386.7,283,Activo,4.0
PROD-04067,Purificador de Aire Zenith 853,Hogar y Cocina,Zenith,4418.41,2219.23,154,Activo,4.6
PROD-04068,Mochila de Senderismo Nova 218,Deportes y Aire Libre,Nova,6825.3,3499.03,93,Activo,4.0
PROD-04069,Tablet 10 pulgadas Titan 998,Electrónica,Titan,3616.34,2285.39,273,Activo,4.7
PROD-04070,Juego de Mesa Familiar Vortex 899,Juguetes y Juegos,Vortex,2133.63,1291.99,394,Activo,3.4
PROD-04071,Organizador de Escritorio Urban 359,Papelería y Oficina,Urban,2368.81,1201.27,136,Activo,3.9
PROD-04072,Juego de Sartenes Aero 576,Hogar y Cocina,Aero,341.78,200.81,491,Activo,4.9
PROD-04073,Mouse Inalámbrico Krono 414,Electrónica,Krono,22690.78,15468.13,411,Activo,4.8
PROD-04074,Teclado Mecánico Urban 731,Electrónica,Urban,14317.42,8196.64,197,Activo,3.3
PROD-04075,Lámpara de Escritorio EcoLife 581,Hogar y Cocina,EcoLife,6425.13,3900.2,78,Activo,4.8
PROD-04076,Libro de Poesía Vortex 884,Libros y Entretenimiento,Vortex,650.65,384.93,481,Activo,4.3
PROD-04077,Mancuernas Ajustables Zenith 890,Deportes y Aire Libre,Zenith,8391.75,4904.46,60,Activo,3.5
PROD-04078,Post-it Adhesivos Nova 238,Papelería y Oficina,Nova,1963.43,1040.72,20,Activo,4.7
PROD-04079,Marcadores de Colores Vortex 441,Papelería y Oficina,Vortex,1142.39,544.59,24,Activo,4.3
PROD-04080,Aspiradora Robot Aero 137,Hogar y Cocina,Aero,6523.49,4457.68,231,Activo,3.8
PROD-04081,Rompecabezas 1000 piezas Nexa 710,Juguetes y Juegos,Nexa,588.19,410.23,165,Activo,3.7
PROD-04082,Playera de Algodón Apex 821,Ropa y Moda,Apex,917.58,425.77,55,Activo,3.2
PROD-04083,Gel Antiséptico Nova 703,Salud y Cuidado Personal,Nova,1982.57,815.65,405,Activo,4.0
PROD-04084,Tapete de Yoga Krono 538,Deportes y Aire Libre,Krono,1674.68,886.58,16,Activo,3.5
PROD-04085,Tablet 10 pulgadas Aero 442,Electrónica,Aero,14699.53,10813.83,30,Activo,4.1
PROD-04086,Cámara DSLR Vortex 456,Electrónica,Vortex,5226.26,3711.17,415,Activo,4.3
PROD-04087,Guía de Viajes Nexa 737,Libros y Entretenimiento,Nexa,727.34,424.61,385,Activo,4.5
PROD-04088,Protector Solar EcoLife 596,Salud y Cuidado Personal,EcoLife,2430.38,1259.88,361,Activo,4.9
PROD-04089,Enciclopedia Ilustrada ProStyle 669,Libros y Entretenimiento,ProStyle,3445.26,2236.83,137,Activo,3.6
PROD-04090,Sartén Antiadherente ProStyle 760,Hogar y Cocina,ProStyle,3253.57,1914.28,465,Activo,4.9
PROD-04091,Set de Bolígrafos Titan 384,Papelería y Oficina,Titan,2347.44,1338.78,176,Activo,4.3
PROD-04092,Monitor 4K EcoLife 350,Electrónica,EcoLife,10116.99,5770.6,283,Activo,4.3
PROD-04093,Bascula Digital Vortex 845,Salud y Cuidado Personal,Vortex,2143.49,1290.23,9,Activo,3.4
PROD-04094,Cinturón de Piel Nova 959,Ropa y Moda,Nova,2465.02,1189.85,202,Activo,3.3
PROD-04095,Casco de Ciclismo ProStyle 212,Deportes y Aire Libre,ProStyle,6354.42,3261.33,376,Activo,4.2
PROD-04096,Bocina Portátil Apex 716,Electrónica,Apex,1562.58,981.09,406,Activo,4.0
PROD-04097,Horno de Microondas Lumix 821,Hogar y Cocina,Lumix,6124.04,3815.84,417,Activo,3.0
PROD-04098,Manual de Cocina Aero 652,Libros y Entretenimiento,Aero,2852.52,1710.44,7,Activo,4.7
PROD-04099,Chamarra de Pluma Krono 824,Ropa y Moda,Krono,2182.19,1351.78,448,Activo,4.5
PROD-04100,Teclado Mecánico Apex 983,Electrónica,Apex,23900.25,17392.7,183,Activo,4.0
PROD-04101,Chamarra de Pluma Apex 449,Ropa y Moda,Apex,2055.9,871.85,309,Activo,4.2
PROD-04102,Licuadora de Alta Potencia Vortex 257,Hogar y Cocina,Vortex,7115.82,4415.1,100,Activo,3.3
PROD-04103,Gel Antiséptico ProStyle 210,Salud y Cuidado Personal,ProStyle,967.64,459.38,166,Activo,4.0
PROD-04104,Manual de Cocina EcoLife 452,Libros y Entretenimiento,EcoLife,662.15,351.55,280,Activo,3.4
PROD-04105,Freidora de Aire Apex 183,Hogar y Cocina,Apex,4547.97,2799.21,407,Activo,3.6
PROD-04106,Organizador de Escritorio Zenith 663,Papelería y Oficina,Zenith,1335.64,737.13,224,Activo,4.1
PROD-04107,Audífonos Bluetooth Nova 681,Electrónica,Nova,21893.16,12579.51,336,Activo,3.5
PROD-04108,Calcetines Transpirables Apex 772,Ropa y Moda,Apex,1166.41,533.46,201,Activo,4.5
PROD-04109,Organizador de Escritorio Titan 259,Papelería y Oficina,Titan,334.34,147.13,326,Activo,4.6
PROD-04110,Bocina Portátil Krono 158,Electrónica,Krono,18813.95,13206.64,291,Activo,4.9
PROD-04111,Peluche Gigante Vortex 335,Juguetes y Juegos,Vortex,1100.37,530.13,211,Activo,3.7
PROD-04112,Cuaderno Profesional Urban 766,Papelería y Oficina,Urban,887.66,395.39,245,Activo,4.0
PROD-04113,Smartphone Pro Apex 987,Electrónica,Apex,5731.97,3356.01,66,Activo,3.2
PROD-04114,Smartphone Pro Aero 909,Electrónica,Aero,21251.46,12839.29,200,Activo,3.3
PROD-04115,Playera de Algodón Aero 240,Ropa y Moda,Aero,1537.26,803.78,24,Activo,3.6
PROD-04116,Peluche Gigante Nexa 629,Juguetes y Juegos,Nexa,2477.65,1631.19,322,Activo,3.9
PROD-04117,Smartphone Pro Apex 958,Electrónica,Apex,1447.25,965.3,345,Activo,3.8
PROD-04118,Bicicleta de Montaña Aero 238,Deportes y Aire Libre,Aero,8073.47,5456.88,378,Activo,3.0
PROD-04119,Novela de Ficción Titan 250,Libros y Entretenimiento,Titan,1740.34,1105.62,433,Activo,4.8
PROD-04120,Tapete de Yoga Nexa 575,Deportes y Aire Libre,Nexa,995.73,587.35,448,Activo,3.7
PROD-04121,Purificador de Aire EcoLife 871,Hogar y Cocina,EcoLife,3083.14,1795.52,368,Activo,3.6
PROD-04122,Muñeca Articulada Urban 482,Juguetes y Juegos,Urban,3404.42,1799.06,62,Activo,3.8
PROD-04123,Cepillo Eléctrico Titan 692,Salud y Cuidado Personal,Titan,1567.58,863.42,188,Activo,3.4
PROD-04124,Freidora de Aire Urban 717,Hogar y Cocina,Urban,3341.87,2065.82,288,Activo,3.4
PROD-04125,Pantalón Mezclilla Vortex 556,Ropa y Moda,Vortex,419.23,226.54,303,Activo,4.7
PROD-04126,Calcetines Transpirables EcoLife 957,Ropa y Moda,EcoLife,939.81,541.37,44,Activo,3.6
PROD-04127,Post-it Adhesivos Aero 404,Papelería y Oficina,Aero,2198.33,1261.56,497,Activo,3.7
PROD-04128,Libro de Desarrollo Personal Nova 886,Libros y Entretenimiento,Nova,1104.16,561.51,128,Activo,3.1
PROD-04129,Post-it Adhesivos Aero 883,Papelería y Oficina,Aero,1355.34,703.93,123,Activo,4.1
PROD-04130,Calculadora Científica Urban 181,Papelería y Oficina,Urban,932.46,407.34,147,Activo,3.5
PROD-04131,Carro a Control Remoto Aero 726,Juguetes y Juegos,Aero,2340.55,1149.72,194,Activo,3.8
PROD-04132,Libro de Desarrollo Personal Vortex 463,Libros y Entretenimiento,Vortex,2323.97,1260.1,487,Activo,3.7
PROD-04133,Laptop Gamer Apex 248,Electrónica,Apex,22925.19,14493.51,382,Activo,4.7
PROD-04134,Kit de Pintura ProStyle 873,Juguetes y Juegos,ProStyle,1605.26,887.05,164,Activo,4.1
PROD-04135,Aspiradora Robot Apex 455,Hogar y Cocina,Apex,4769.33,2723.78,72,Activo,3.6
PROD-04136,Mouse Inalámbrico Apex 325,Electrónica,Apex,8469.22,5946.38,32,Activo,4.4
PROD-04137,Sartén Antiadherente Titan 971,Hogar y Cocina,Titan,2391.35,1469.56,248,Activo,3.6
PROD-04138,Botella de Agua Térmica Titan 770,Deportes y Aire Libre,Titan,2841.16,1619.08,459,Activo,3.4
PROD-04139,Smartwatch Nexa 278,Electrónica,Nexa,8927.11,5752.75,341,Activo,3.8
PROD-04140,Aspiradora Robot Apex 902,Hogar y Cocina,Apex,4669.64,2533.42,177,Activo,4.7
PROD-04141,Cuerda para Saltar EcoLife 467,Deportes y Aire Libre,EcoLife,6745.43,4228.02,60,Activo,4.5
PROD-04142,Sudadera con Capucha Krono 716,Ropa y Moda,Krono,1270.96,733.49,259,Activo,3.1
PROD-04143,Guantes de Gimnasio EcoLife 763,Deportes y Aire Libre,EcoLife,7400.35,4133.64,194,Activo,3.4
PROD-04144,Gafas de Sol Titan 166,Ropa y Moda,Titan,1072.8,433.3,168,Activo,4.6
PROD-04145,Rasuradora Eléctrica ProStyle 761,Salud y Cuidado Personal,ProStyle,2352.14,1452.08,207,Activo,4.0
PROD-04146,Aspiradora Robot Lumix 807,Hogar y Cocina,Lumix,8182.42,5198.52,427,Activo,4.1
PROD-04147,Engrapadora Industrial Krono 489,Papelería y Oficina,Krono,1790.38,943.05,392,Activo,4.4
PROD-04148,Tenis Deportivos Lumix 458,Ropa y Moda,Lumix,884.4,551.0,248,Activo,4.1
PROD-04149,Pelota de Fútbol Nexa 795,Deportes y Aire Libre,Nexa,2491.05,1317.61,122,Activo,3.6
PROD-04150,Tapete de Yoga Nova 885,Deportes y Aire Libre,Nova,2367.24,1472.83,310,Activo,3.8
PROD-04151,Guantes de Gimnasio Krono 768,Deportes y Aire Libre,Krono,4321.95,2975.22,93,Activo,4.7
PROD-04152,Novela de Ficción Lumix 418,Libros y Entretenimiento,Lumix,363.5,173.14,331,Activo,4.9
PROD-04153,Carpeta de Argollas Urban 629,Papelería y Oficina,Urban,123.7,72.55,177,Activo,4.3
PROD-04154,Mouse Inalámbrico EcoLife 830,Electrónica,EcoLife,22018.24,16493.68,40,Activo,3.0
PROD-04155,Tenis Deportivos Urban 135,Ropa y Moda,Urban,1560.47,735.21,496,Activo,3.2
PROD-04156,Muñeca Articulada Nexa 355,Juguetes y Juegos,Nexa,2901.16,1484.35,357,Activo,4.3
PROD-04157,Purificador de Aire ProStyle 925,Hogar y Cocina,ProStyle,539.13,278.8,286,Activo,3.4
PROD-04158,Cafetera de Goteo Vortex 188,Hogar y Cocina,Vortex,6702.41,3530.07,346,Activo,4.9
PROD-04159,Gel Antiséptico Titan 785,Salud y Cuidado Personal,Titan,2035.51,950.11,129,Activo,4.1
PROD-04160,Muñeca Articulada Urban 883,Juguetes y Juegos,Urban,3294.82,1611.83,426,Activo,4.2
PROD-04161,Sudadera con Capucha Apex 561,Ropa y Moda,Apex,1258.65,793.86,6,Activo,4.7
PROD-04162,Calcetines Transpirables ProStyle 312,Ropa y Moda,ProStyle,974.16,542.98,168,Activo,3.1
PROD-04163,Smartwatch Vortex 689,Electrónica,Vortex,17284.75,9588.21,480,Activo,4.3
PROD-04164,Vestido Casual Zenith 354,Ropa y Moda,Zenith,865.83,358.65,87,Activo,3.4
PROD-04165,Juego de Cuchillos Nexa 250,Hogar y Cocina,Nexa,5790.74,3318.68,267,Activo,4.7
PROD-04166,Enciclopedia Ilustrada ProStyle 748,Libros y Entretenimiento,ProStyle,3465.76,1826.28,261,Activo,3.3
PROD-04167,Pista de Carreras Vortex 367,Juguetes y Juegos,Vortex,2612.88,1380.01,469,Activo,4.6
PROD-04168,Juego de Mesa Familiar Urban 740,Juguetes y Juegos,Urban,1048.51,679.93,241,Activo,3.3
PROD-04169,Pelota de Fútbol Apex 774,Deportes y Aire Libre,Apex,3470.41,2249.34,166,Activo,3.8
PROD-04170,Licuadora de Alta Potencia Nova 511,Hogar y Cocina,Nova,2002.62,1204.21,278,Activo,4.3
PROD-04171,Organizador de Escritorio Lumix 370,Papelería y Oficina,Lumix,1992.77,982.77,215,Activo,3.9
PROD-04172,Consola Portátil de Videojuegos Apex 580,Juguetes y Juegos,Apex,3366.08,1826.83,143,Activo,3.9
PROD-04173,Playera de Algodón Nova 710,Ropa y Moda,Nova,375.4,158.18,429,Activo,3.6
PROD-04174,Lámpara de Escritorio Nova 149,Hogar y Cocina,Nova,8311.19,4492.93,254,Activo,3.0
PROD-04175,Botella de Agua Térmica Apex 450,Deportes y Aire Libre,Apex,432.99,255.27,355,Activo,4.8
PROD-04176,Libro de Desarrollo Personal Titan 955,Libros y Entretenimiento,Titan,442.09,240.78,423,Activo,3.3
PROD-04177,Set de Bolígrafos ProStyle 775,Papelería y Oficina,ProStyle,641.69,415.82,412,Activo,4.4
PROD-04178,Post-it Adhesivos Urban 660,Papelería y Oficina,Urban,1208.42,680.4,77,Activo,3.6
PROD-04179,Secadora de Cabello Krono 898,Salud y Cuidado Personal,Krono,433.32,204.14,140,Activo,4.3
PROD-04180,Purificador de Aire Vortex 168,Hogar y Cocina,Vortex,3643.36,2521.73,411,Activo,3.6
PROD-04181,Mancuernas Ajustables Nexa 826,Deportes y Aire Libre,Nexa,528.29,334.87,328,Activo,4.7
PROD-04182,Calcetines Transpirables Krono 625,Ropa y Moda,Krono,1342.45,595.65,297,Activo,4.7
PROD-04183,Crema Hidratante Zenith 663,Salud y Cuidado Personal,Zenith,2487.32,1252.09,350,Activo,4.2
PROD-04184,Comic Edición de Colección Vortex 183,Libros y Entretenimiento,Vortex,670.75,348.33,326,Activo,3.5
PROD-04185,Pelota de Fútbol Urban 818,Deportes y Aire Libre,Urban,1925.94,1339.48,105,Activo,4.2
PROD-04186,Manual de Cocina Urban 661,Libros y Entretenimiento,Urban,320.56,201.64,29,Activo,4.2
PROD-04187,Peluche Gigante Urban 287,Juguetes y Juegos,Urban,452.75,288.77,230,Activo,3.2
PROD-04188,Engrapadora Industrial Apex 477,Papelería y Oficina,Apex,758.99,429.6,155,Activo,3.1
PROD-04189,Sartén Antiadherente Nova 470,Hogar y Cocina,Nova,2476.92,1543.08,273,Activo,4.6
PROD-04190,Cafetera de Goteo Krono 686,Hogar y Cocina,Krono,1404.55,722.37,352,Activo,3.3
PROD-04191,Casco de Ciclismo Krono 561,Deportes y Aire Libre,Krono,4830.81,2603.65,64,Activo,3.1
PROD-04192,Masajeador Cervical ProStyle 326,Salud y Cuidado Personal,ProStyle,1124.89,632.25,138,Activo,4.4
PROD-04193,Cuento Infantil Ilustrado Lumix 965,Libros y Entretenimiento,Lumix,432.83,269.42,225,Activo,4.3
PROD-04194,Playera de Algodón Urban 839,Ropa y Moda,Urban,92.68,43.78,131,Activo,4.9
PROD-04195,Mochila de Senderismo Krono 173,Deportes y Aire Libre,Krono,468.35,289.92,374,Activo,4.3
PROD-04196,Masajeador Cervical Nexa 355,Salud y Cuidado Personal,Nexa,984.83,574.48,404,Activo,3.9
PROD-04197,Cafetera de Goteo Zenith 535,Hogar y Cocina,Zenith,7396.55,3965.75,27,Activo,3.9
PROD-04198,Mouse Inalámbrico Zenith 504,Electrónica,Zenith,24044.4,16264.6,432,Activo,3.3
PROD-04199,Silla Ergonómica Urban 179,Papelería y Oficina,Urban,650.78,279.55,17,Activo,4.2
PROD-04200,Enciclopedia Ilustrada Urban 860,Libros y Entretenimiento,Urban,2470.26,1133.02,309,Activo,5.0
PROD-04201,Bicicleta de Montaña Lumix 536,Deportes y Aire Libre,Lumix,8459.93,5420.59,333,Activo,3.2
PROD-04202,Kit de Pintura Apex 482,Juguetes y Juegos,Apex,2578.95,1640.22,260,Activo,4.1
PROD-04203,Carpeta de Argollas Zenith 641,Papelería y Oficina,Zenith,953.07,618.17,451,Activo,4.5
PROD-04204,Novela de Ficción Nova 928,Libros y Entretenimiento,Nova,3402.47,1851.9,483,Activo,4.1
PROD-04205,Rasuradora Eléctrica Lumix 489,Salud y Cuidado Personal,Lumix,1416.41,651.25,454,Activo,4.8
PROD-04206,Cinturón de Piel Nova 421,Ropa y Moda,Nova,817.34,405.54,444,Activo,4.4
PROD-04207,Protector Solar Vortex 911,Salud y Cuidado Personal,Vortex,1520.79,647.77,384,Activo,3.1
PROD-04208,Licuadora de Alta Potencia Apex 749,Hogar y Cocina,Apex,5219.56,2937.01,309,Activo,3.6
PROD-04209,Bicicleta de Montaña Aero 945,Deportes y Aire Libre,Aero,6901.98,4294.56,333,Activo,4.0
PROD-04210,Laptop Gamer Urban 186,Electrónica,Urban,8284.19,5969.96,165,Activo,4.9
PROD-04211,Protector Solar Nova 507,Salud y Cuidado Personal,Nova,128.14,54.23,94,Activo,3.1
PROD-04212,Cafetera de Goteo EcoLife 428,Hogar y Cocina,EcoLife,1932.67,1155.2,35,Activo,4.2
PROD-04213,Mochila de Senderismo Lumix 579,Deportes y Aire Libre,Lumix,7180.39,3886.99,105,Activo,4.6
PROD-04214,Protector Solar Titan 366,Salud y Cuidado Personal,Titan,1968.77,1077.18,488,Activo,3.1
PROD-04215,Rompecabezas 1000 piezas Apex 740,Juguetes y Juegos,Apex,3155.06,1438.31,382,Activo,3.7
PROD-04216,Organizador de Escritorio Titan 272,Papelería y Oficina,Titan,1648.25,774.97,342,Activo,4.3
PROD-04217,Pista de Carreras Krono 334,Juguetes y Juegos,Krono,2288.41,1213.61,218,Activo,3.9
PROD-04218,Bascula Digital Krono 249,Salud y Cuidado Personal,Krono,788.44,351.86,27,Activo,4.3
PROD-04219,Cuaderno Profesional Aero 802,Papelería y Oficina,Aero,1541.19,957.63,200,Activo,4.4
PROD-04220,Kit de Pintura Vortex 548,Juguetes y Juegos,Vortex,3451.16,1768.5,254,Activo,3.1
PROD-04221,Protector Solar Titan 434,Salud y Cuidado Personal,Titan,714.14,414.7,91,Activo,3.1
PROD-04222,Rasuradora Eléctrica Aero 598,Salud y Cuidado Personal,Aero,2488.37,1523.62,52,Activo,3.3
PROD-04223,Marcadores de Colores Krono 373,Papelería y Oficina,Krono,1099.01,550.62,206,Activo,3.6
PROD-04224,Sudadera con Capucha Zenith 392,Ropa y Moda,Zenith,1174.4,478.65,123,Activo,3.4
PROD-04225,Lámpara de Escritorio Zenith 323,Hogar y Cocina,Zenith,6843.93,4427.81,113,Activo,5.0
PROD-04226,Secadora de Cabello Vortex 995,Salud y Cuidado Personal,Vortex,731.38,320.17,46,Activo,3.5
PROD-04227,Consola Portátil de Videojuegos ProStyle 104,Juguetes y Juegos,ProStyle,348.34,189.26,345,Activo,4.0
PROD-04228,Sudadera con Capucha Zenith 633,Ropa y Moda,Zenith,1296.26,691.6,73,Activo,3.9
PROD-04229,Muñeca Articulada Nova 926,Juguetes y Juegos,Nova,1545.99,782.93,420,Activo,4.8
PROD-04230,Cuento Infantil Ilustrado Nexa 820,Libros y Entretenimiento,Nexa,3215.08,2060.43,109,Activo,4.0
PROD-04231,Cinturón de Piel Aero 253,Ropa y Moda,Aero,1790.19,843.55,422,Activo,4.2
PROD-04232,Bocina Portátil Lumix 495,Electrónica,Lumix,24189.7,15513.02,432,Activo,4.4
PROD-04233,Bocina Portátil ProStyle 383,Electrónica,ProStyle,20486.89,14523.58,460,Activo,4.5
PROD-04234,Set de Bolígrafos Zenith 876,Papelería y Oficina,Zenith,684.78,371.35,403,Activo,3.1
PROD-04235,Rasuradora Eléctrica Aero 184,Salud y Cuidado Personal,Aero,1461.78,679.39,354,Activo,3.4
PROD-04236,Monitor 4K ProStyle 745,Electrónica,ProStyle,18736.4,13667.55,191,Activo,4.6
PROD-04237,Cinturón de Piel Vortex 734,Ropa y Moda,Vortex,1756.44,886.44,261,Activo,4.1
PROD-04238,Post-it Adhesivos EcoLife 319,Papelería y Oficina,EcoLife,2374.95,1299.16,151,Activo,4.5
PROD-04239,Set de Bloques de Construcción Nexa 569,Juguetes y Juegos,Nexa,1213.29,623.8,290,Activo,3.5
PROD-04240,Kit de Pintura Nova 588,Juguetes y Juegos,Nova,2066.41,1097.51,31,Activo,4.3
PROD-04241,Set de Bloques de Construcción Apex 964,Juguetes y Juegos,Apex,1264.13,624.12,474,Activo,5.0
PROD-04242,Cafetera de Goteo Nova 416,Hogar y Cocina,Nova,3784.48,2504.55,479,Activo,4.3
PROD-04243,Cafetera de Goteo Aero 299,Hogar y Cocina,Aero,7425.79,4815.15,285,Activo,4.9
PROD-04244,Freidora de Aire Urban 501,Hogar y Cocina,Urban,3206.46,2242.47,186,Activo,4.2
PROD-04245,Tenis Deportivos Vortex 787,Ropa y Moda,Vortex,2258.56,1178.22,49,Activo,4.4
PROD-04246,Destrozadora de Papel EcoLife 607,Papelería y Oficina,EcoLife,1695.11,916.14,358,Activo,4.4
PROD-04247,Licuadora de Alta Potencia Krono 593,Hogar y Cocina,Krono,3480.76,2403.06,160,Activo,3.2
PROD-04248,Dron para Niños Aero 385,Juguetes y Juegos,Aero,3461.62,1650.02,265,Activo,5.0
PROD-04249,Mochila de Senderismo Krono 257,Deportes y Aire Libre,Krono,1308.74,696.53,16,Activo,4.6
PROD-04250,Peluche Gigante Urban 275,Juguetes y Juegos,Urban,2113.28,1024.16,325,Activo,3.6
PROD-04251,Smartwatch Nexa 746,Electrónica,Nexa,14267.1,10541.89,365,Activo,4.4
PROD-04252,Set de Bolígrafos Urban 464,Papelería y Oficina,Urban,1543.9,751.92,374,Activo,4.8
PROD-04253,Engrapadora Industrial Nova 342,Papelería y Oficina,Nova,2171.04,896.6,455,Activo,3.4
PROD-04254,Mancuernas Ajustables Lumix 475,Deportes y Aire Libre,Lumix,6319.01,3301.66,437,Activo,4.2
PROD-04255,Aspiradora Robot Krono 502,Hogar y Cocina,Krono,2097.12,1316.88,459,Activo,4.9
PROD-04256,Marcadores de Colores Krono 862,Papelería y Oficina,Krono,772.92,334.49,237,Activo,4.3
PROD-04257,Post-it Adhesivos Aero 255,Papelería y Oficina,Aero,1360.75,713.46,239,Activo,4.5
PROD-04258,Manual de Cocina Vortex 995,Libros y Entretenimiento,Vortex,1122.63,594.2,10,Activo,4.3
PROD-04259,Novela de Ficción ProStyle 429,Libros y Entretenimiento,ProStyle,3150.35,1864.73,202,Activo,4.7
PROD-04260,Bandas de Resistencia Urban 165,Deportes y Aire Libre,Urban,5897.53,3602.92,163,Activo,4.5
PROD-04261,Mochila de Senderismo Vortex 359,Deportes y Aire Libre,Vortex,1095.08,632.7,448,Activo,4.2
PROD-04262,Licuadora de Alta Potencia Urban 422,Hogar y Cocina,Urban,3410.93,2052.84,112,Activo,4.6
PROD-04263,Mochila de Senderismo Vortex 249,Deportes y Aire Libre,Vortex,6823.53,4120.21,167,Activo,5.0
PROD-04264,Masajeador Cervical Urban 961,Salud y Cuidado Personal,Urban,2036.13,1150.16,316,Activo,3.1
PROD-04265,Juego de Mesa Familiar Krono 425,Juguetes y Juegos,Krono,2296.93,1087.89,9,Activo,3.8
PROD-04266,Mancuernas Ajustables Aero 604,Deportes y Aire Libre,Aero,8452.11,5448.72,63,Activo,3.5
PROD-04267,Libro de Desarrollo Personal ProStyle 879,Libros y Entretenimiento,ProStyle,1771.51,1187.46,178,Activo,3.2
PROD-04268,Cepillo Eléctrico Nexa 590,Salud y Cuidado Personal,Nexa,1451.38,623.05,130,Activo,4.2
PROD-04269,Vestido Casual Urban 774,Ropa y Moda,Urban,515.03,304.5,11,Activo,3.0
PROD-04270,Protector Solar ProStyle 663,Salud y Cuidado Personal,ProStyle,81.19,39.46,274,Activo,4.2
PROD-04271,Tablet 10 pulgadas Krono 374,Electrónica,Krono,9987.82,6116.64,128,Activo,4.5
PROD-04272,Freidora de Aire Lumix 258,Hogar y Cocina,Lumix,5992.33,3494.23,183,Activo,3.8
PROD-04273,Carpeta de Argollas Zenith 503,Papelería y Oficina,Zenith,162.36,101.01,178,Activo,3.3
PROD-04274,Crema Hidratante Nova 717,Salud y Cuidado Personal,Nova,1984.34,924.74,161,Activo,4.4
PROD-04275,Vitaminas Multivitamínicas Urban 408,Salud y Cuidado Personal,Urban,2006.82,1065.0,493,Activo,3.5
PROD-04276,Guantes de Gimnasio Nova 996,Deportes y Aire Libre,Nova,633.51,333.53,375,Activo,4.7
PROD-04277,Carro a Control Remoto Krono 307,Juguetes y Juegos,Krono,1783.48,1233.74,363,Activo,3.3
PROD-04278,Guía de Viajes EcoLife 631,Libros y Entretenimiento,EcoLife,3021.87,1835.41,116,Activo,3.7
PROD-04279,Cuaderno Profesional EcoLife 988,Papelería y Oficina,EcoLife,2474.35,1182.4,132,Activo,3.5
PROD-04280,Dron para Niños Urban 553,Juguetes y Juegos,Urban,3375.96,2260.65,151,Activo,4.5
PROD-04281,Gafas de Sol Aero 885,Ropa y Moda,Aero,156.49,75.69,438,Activo,3.2
PROD-04282,Rompecabezas 1000 piezas Aero 387,Juguetes y Juegos,Aero,2787.63,1351.13,110,Activo,4.4
PROD-04283,Sudadera con Capucha Nexa 216,Ropa y Moda,Nexa,1205.84,660.77,334,Activo,3.6
PROD-04284,Mancuernas Ajustables ProStyle 569,Deportes y Aire Libre,ProStyle,318.38,176.84,56,Activo,3.5
PROD-04285,Teclado Mecánico Titan 596,Electrónica,Titan,9377.52,5468.78,171,Activo,4.1
PROD-04286,Protector Solar Zenith 491,Salud y Cuidado Personal,Zenith,683.04,391.69,243,Activo,4.1
PROD-04287,Cuento Infantil Ilustrado Nova 726,Libros y Entretenimiento,Nova,595.0,380.17,48,Activo,3.6
PROD-04288,Libro de Desarrollo Personal ProStyle 552,Libros y Entretenimiento,ProStyle,1008.71,698.39,180,Activo,5.0
PROD-04289,Mouse Inalámbrico Nexa 138,Electrónica,Nexa,18029.16,12885.37,40,Activo,3.2
PROD-04290,Marcadores de Colores Apex 956,Papelería y Oficina,Apex,849.37,485.35,137,Activo,4.0
PROD-04291,Engrapadora Industrial Nova 578,Papelería y Oficina,Nova,1407.28,605.4,60,Activo,3.6
PROD-04292,Secadora de Cabello Krono 837,Salud y Cuidado Personal,Krono,2067.86,1148.85,73,Activo,3.7
PROD-04293,Post-it Adhesivos Apex 719,Papelería y Oficina,Apex,401.09,239.15,401,Activo,3.4
PROD-04294,Libro de Finanzas Personales Krono 414,Libros y Entretenimiento,Krono,3342.03,2007.86,177,Activo,4.5
PROD-04295,Organizador de Escritorio Urban 561,Papelería y Oficina,Urban,691.45,364.22,244,Activo,4.7
PROD-04296,Mouse Inalámbrico Vortex 849,Electrónica,Vortex,5058.09,2831.02,167,Activo,4.7
PROD-04297,Rompecabezas 1000 piezas Apex 689,Juguetes y Juegos,Apex,2100.15,1326.36,0,Agotado,4.1
PROD-04298,Manual de Cocina Apex 978,Libros y Entretenimiento,Apex,1972.38,1018.12,127,Activo,4.1
PROD-04299,Dron para Niños ProStyle 268,Juguetes y Juegos,ProStyle,1482.08,981.73,392,Activo,4.3
PROD-04300,Dron para Niños Titan 161,Juguetes y Juegos,Titan,1900.94,919.46,229,Activo,4.5
PROD-04301,Mouse Inalámbrico Apex 669,Electrónica,Apex,3688.08,2307.87,67,Activo,4.0
PROD-04302,Carpeta de Argollas Vortex 402,Papelería y Oficina,Vortex,1026.41,608.75,275,Activo,3.2
PROD-04303,Guantes de Gimnasio Zenith 673,Deportes y Aire Libre,Zenith,4079.49,2321.04,288,Activo,3.1
PROD-04304,Cuerda para Saltar Nova 736,Deportes y Aire Libre,Nova,7229.48,4025.75,340,Activo,3.7
PROD-04305,Lámpara de Escritorio Apex 916,Hogar y Cocina,Apex,6207.85,3197.68,98,Activo,3.9
PROD-04306,Muñeca Articulada Urban 472,Juguetes y Juegos,Urban,2155.94,1426.92,486,Activo,3.7
PROD-04307,Lámpara de Escritorio Aero 167,Hogar y Cocina,Aero,4451.28,2756.11,17,Activo,3.1
PROD-04308,Casco de Ciclismo Urban 346,Deportes y Aire Libre,Urban,1618.33,981.36,310,Activo,3.1
PROD-04309,Pantalón Mezclilla Krono 666,Ropa y Moda,Krono,1703.26,1022.55,435,Activo,4.4
PROD-04310,Cuerda para Saltar Apex 944,Deportes y Aire Libre,Apex,6058.24,3128.56,464,Activo,4.2
PROD-04311,Engrapadora Industrial Vortex 779,Papelería y Oficina,Vortex,493.73,309.24,490,Activo,4.9
PROD-04312,Calcetines Transpirables Nexa 424,Ropa y Moda,Nexa,1976.11,1117.12,457,Activo,3.1
PROD-04313,Aspiradora Robot EcoLife 139,Hogar y Cocina,EcoLife,6464.79,4142.74,213,Activo,4.3
PROD-04314,Manual de Cocina Krono 189,Libros y Entretenimiento,Krono,3049.65,1460.64,447,Activo,4.5
PROD-04315,Laptop Gamer EcoLife 748,Electrónica,EcoLife,21406.23,13272.78,83,Activo,4.7
PROD-04316,Cinturón de Piel Apex 709,Ropa y Moda,Apex,1205.38,608.25,468,Activo,4.9
PROD-04317,Enciclopedia Ilustrada EcoLife 961,Libros y Entretenimiento,EcoLife,1756.75,1048.81,443,Activo,3.2
PROD-04318,Consola Portátil de Videojuegos EcoLife 491,Juguetes y Juegos,EcoLife,1223.31,664.83,480,Activo,4.1
PROD-04319,Gorra Deportiva Krono 361,Ropa y Moda,Krono,514.1,297.56,164,Activo,4.4
PROD-04320,Mancuernas Ajustables Zenith 156,Deportes y Aire Libre,Zenith,2260.57,1550.03,297,Activo,3.6
PROD-04321,Gel Antiséptico Aero 248,Salud y Cuidado Personal,Aero,2188.15,1126.29,68,Activo,3.1
PROD-04322,Gorra Deportiva Lumix 985,Ropa y Moda,Lumix,668.66,323.52,460,Activo,4.1
PROD-04323,Organizador de Escritorio Titan 888,Papelería y Oficina,Titan,1905.41,1195.86,314,Activo,3.8
PROD-04324,Lámpara de Escritorio Krono 907,Hogar y Cocina,Krono,5377.86,2822.21,235,Activo,3.2
PROD-04325,Dron para Niños Lumix 573,Juguetes y Juegos,Lumix,3233.79,1863.4,191,Activo,3.5
PROD-04326,Set de Bloques de Construcción Apex 216,Juguetes y Juegos,Apex,1041.86,639.49,135,Activo,3.9
PROD-04327,Engrapadora Industrial Zenith 504,Papelería y Oficina,Zenith,871.86,502.64,102,Activo,3.2
PROD-04328,Post-it Adhesivos Titan 993,Papelería y Oficina,Titan,2148.04,999.35,209,Activo,3.1
PROD-04329,Tablet 10 pulgadas Vortex 513,Electrónica,Vortex,19943.31,14214.83,315,Activo,3.7
PROD-04330,Monitor 4K Nexa 784,Electrónica,Nexa,13044.55,8029.96,396,Activo,4.8
PROD-04331,Juego de Sartenes Nova 986,Hogar y Cocina,Nova,4851.6,2566.8,212,Activo,4.5
PROD-04332,Calculadora Científica ProStyle 205,Papelería y Oficina,ProStyle,1506.8,709.62,316,Activo,3.9
PROD-04333,Cuento Infantil Ilustrado Nova 359,Libros y Entretenimiento,Nova,1964.09,1063.99,461,Activo,4.5
PROD-04334,Chamarra de Pluma Lumix 522,Ropa y Moda,Lumix,1768.22,795.78,209,Activo,4.1
PROD-04335,Audífonos Bluetooth Urban 318,Electrónica,Urban,19410.51,13974.2,191,Activo,4.7
PROD-04336,Consola Portátil de Videojuegos Vortex 256,Juguetes y Juegos,Vortex,3285.38,1630.42,100,Activo,4.4
PROD-04337,Smartphone Pro Nexa 860,Electrónica,Nexa,18035.72,10961.67,261,Activo,4.9
PROD-04338,Post-it Adhesivos Zenith 403,Papelería y Oficina,Zenith,1534.95,891.91,377,Activo,4.5
PROD-04339,Smartwatch Krono 916,Electrónica,Krono,9153.04,5551.8,321,Activo,3.4
PROD-04340,Juego de Mesa Familiar ProStyle 417,Juguetes y Juegos,ProStyle,2536.79,1548.02,297,Activo,4.7
PROD-04341,Muñeca Articulada EcoLife 505,Juguetes y Juegos,EcoLife,2649.79,1437.33,438,Activo,3.9
PROD-04342,Guía de Viajes Nexa 787,Libros y Entretenimiento,Nexa,2223.45,1039.24,430,Activo,3.4
PROD-04343,Tenis Deportivos Apex 112,Ropa y Moda,Apex,2176.6,984.7,359,Activo,4.9
PROD-04344,Lámpara de Escritorio Vortex 737,Hogar y Cocina,Vortex,4207.86,2547.22,453,Activo,4.1
PROD-04345,Laptop Gamer ProStyle 570,Electrónica,ProStyle,3591.2,2496.89,60,Activo,3.2
PROD-04346,Kit de Cuidado Facial Lumix 796,Salud y Cuidado Personal,Lumix,2039.12,1185.51,224,Activo,3.8
PROD-04347,Set de Bolígrafos Zenith 366,Papelería y Oficina,Zenith,300.19,186.38,134,Activo,4.3
PROD-04348,Marcadores de Colores Krono 599,Papelería y Oficina,Krono,1345.2,627.08,246,Activo,5.0
PROD-04349,Pista de Carreras ProStyle 166,Juguetes y Juegos,ProStyle,249.24,145.49,488,Activo,3.9
PROD-04350,Sudadera con Capucha Krono 834,Ropa y Moda,Krono,1611.21,705.7,257,Activo,3.8
PROD-04351,Horno de Microondas Krono 334,Hogar y Cocina,Krono,5789.64,3138.9,30,Activo,4.3
PROD-04352,Tenis Deportivos EcoLife 602,Ropa y Moda,EcoLife,1971.34,995.16,376,Activo,4.4
PROD-04353,Gel Antiséptico Urban 136,Salud y Cuidado Personal,Urban,448.75,246.87,79,Activo,3.9
PROD-04354,Cafetera de Goteo Lumix 692,Hogar y Cocina,Lumix,526.23,352.83,143,Activo,4.2
PROD-04355,Cuaderno Profesional ProStyle 815,Papelería y Oficina,ProStyle,2206.14,1043.84,155,Activo,4.3
PROD-04356,Consola Portátil de Videojuegos Lumix 556,Juguetes y Juegos,Lumix,738.86,457.24,499,Activo,3.7
PROD-04357,Novela de Ficción Aero 340,Libros y Entretenimiento,Aero,3131.18,1684.57,99,Activo,4.5
PROD-04358,Horno de Microondas Nexa 841,Hogar y Cocina,Nexa,4432.11,2521.51,57,Activo,4.4
PROD-04359,Libro de Poesía Nova 434,Libros y Entretenimiento,Nova,2858.82,1731.3,105,Activo,4.8
PROD-04360,Pantalón Mezclilla Vortex 846,Ropa y Moda,Vortex,1201.25,707.95,436,Activo,4.7
PROD-04361,Aspiradora Robot Titan 407,Hogar y Cocina,Titan,4787.06,2703.59,140,Activo,4.7
PROD-04362,Peluche Gigante EcoLife 634,Juguetes y Juegos,EcoLife,2098.9,1030.87,497,Activo,3.5
PROD-04363,Protector Solar Nexa 889,Salud y Cuidado Personal,Nexa,352.73,183.46,58,Activo,3.2
PROD-04364,Cinturón de Piel Nexa 303,Ropa y Moda,Nexa,482.37,237.1,153,Activo,4.6
PROD-04365,Silla Ergonómica Aero 525,Papelería y Oficina,Aero,2127.37,994.36,364,Activo,4.2
PROD-04366,Monitor 4K Zenith 462,Electrónica,Zenith,24562.31,14182.6,342,Activo,4.1
PROD-04367,Juego de Cuchillos Lumix 922,Hogar y Cocina,Lumix,4937.55,2931.41,289,Activo,3.5
PROD-04368,Smartphone Pro Zenith 217,Electrónica,Zenith,21544.78,15923.38,228,Activo,3.5
PROD-04369,Pista de Carreras Zenith 182,Juguetes y Juegos,Zenith,1675.3,940.44,104,Activo,5.0
PROD-04370,Tapete de Yoga Aero 654,Deportes y Aire Libre,Aero,2809.97,1614.54,476,Activo,4.9
PROD-04371,Juego de Sartenes Zenith 477,Hogar y Cocina,Zenith,3222.63,1937.08,414,Activo,4.4
PROD-04372,Protector Solar Krono 929,Salud y Cuidado Personal,Krono,1010.12,616.08,2,Activo,3.6
PROD-04373,Licuadora de Alta Potencia Lumix 529,Hogar y Cocina,Lumix,5747.64,3125.61,296,Activo,4.6
PROD-04374,Sudadera con Capucha Titan 518,Ropa y Moda,Titan,702.07,306.52,401,Activo,3.2
PROD-04375,Muñeca Articulada Aero 547,Juguetes y Juegos,Aero,2850.56,1615.36,270,Activo,4.7
PROD-04376,Juego de Mesa Familiar Titan 717,Juguetes y Juegos,Titan,613.56,369.98,89,Activo,4.3
PROD-04377,Mancuernas Ajustables Vortex 280,Deportes y Aire Libre,Vortex,1801.74,1035.29,83,Activo,3.1
PROD-04378,Pelota de Fútbol Urban 630,Deportes y Aire Libre,Urban,2812.98,1789.53,186,Activo,4.5
PROD-04379,Sudadera con Capucha Titan 569,Ropa y Moda,Titan,806.28,330.4,107,Activo,3.1
PROD-04380,Engrapadora Industrial ProStyle 888,Papelería y Oficina,ProStyle,1766.73,947.9,343,Activo,3.7
PROD-04381,Monitor 4K ProStyle 291,Electrónica,ProStyle,19346.69,10944.69,42,Activo,3.4
PROD-04382,Secadora de Cabello Apex 671,Salud y Cuidado Personal,Apex,247.3,113.42,255,Activo,3.5
PROD-04383,Cuerda para Saltar Vortex 114,Deportes y Aire Libre,Vortex,5866.14,3180.74,199,Activo,4.6
PROD-04384,Tablet 10 pulgadas ProStyle 433,Electrónica,ProStyle,3512.19,2093.98,297,Activo,4.1
PROD-04385,Teclado Mecánico Krono 664,Electrónica,Krono,12413.59,7893.24,252,Activo,4.2
PROD-04386,Smartphone Pro Apex 554,Electrónica,Apex,17577.59,11286.28,454,Activo,4.3
PROD-04387,Cuento Infantil Ilustrado EcoLife 704,Libros y Entretenimiento,EcoLife,3343.52,1916.97,240,Activo,4.3
PROD-04388,Purificador de Aire Krono 917,Hogar y Cocina,Krono,867.12,495.69,13,Activo,4.5
PROD-04389,Rasuradora Eléctrica Apex 519,Salud y Cuidado Personal,Apex,74.49,35.08,257,Activo,3.9
PROD-04390,Organizador de Escritorio Krono 511,Papelería y Oficina,Krono,1827.86,1099.18,499,Activo,3.4
PROD-04391,Rompecabezas 1000 piezas Nexa 350,Juguetes y Juegos,Nexa,1809.69,967.06,185,Activo,3.5
PROD-04392,Bandas de Resistencia Lumix 366,Deportes y Aire Libre,Lumix,4888.64,3348.58,224,Activo,4.9
PROD-04393,Peluche Gigante Zenith 285,Juguetes y Juegos,Zenith,2859.87,1868.56,261,Activo,3.6
PROD-04394,Tapete de Yoga Titan 596,Deportes y Aire Libre,Titan,8147.03,5060.03,437,Activo,4.5
PROD-04395,Bocina Portátil ProStyle 809,Electrónica,ProStyle,19619.55,12658.77,91,Activo,3.2
PROD-04396,Bandas de Resistencia ProStyle 762,Deportes y Aire Libre,ProStyle,7950.46,5243.62,74,Activo,3.5
PROD-04397,Comic Edición de Colección ProStyle 992,Libros y Entretenimiento,ProStyle,3298.05,1504.26,374,Activo,4.9
PROD-04398,Tenis Deportivos Nova 646,Ropa y Moda,Nova,1191.19,723.16,100,Activo,4.5
PROD-04399,Set de Bolígrafos Apex 422,Papelería y Oficina,Apex,1591.39,944.55,196,Activo,4.0
PROD-04400,Monitor 4K Titan 360,Electrónica,Titan,7845.35,5883.51,204,Activo,3.3
PROD-04401,Kit de Cuidado Facial Nexa 163,Salud y Cuidado Personal,Nexa,509.99,328.09,144,Activo,4.6
PROD-04402,Calcetines Transpirables Zenith 114,Ropa y Moda,Zenith,304.29,185.82,459,Activo,4.5
PROD-04403,Sudadera con Capucha Nexa 506,Ropa y Moda,Nexa,1135.33,530.77,427,Activo,4.2
PROD-04404,Carro a Control Remoto Aero 325,Juguetes y Juegos,Aero,3235.03,1968.6,245,Activo,3.8
PROD-04405,Freidora de Aire Krono 839,Hogar y Cocina,Krono,3266.04,1853.75,118,Activo,4.8
PROD-04406,Vitaminas Multivitamínicas Zenith 461,Salud y Cuidado Personal,Zenith,1720.97,1035.03,350,Activo,4.8
PROD-04407,Organizador de Escritorio Titan 214,Papelería y Oficina,Titan,1359.07,856.79,494,Activo,3.1
PROD-04408,Manual de Cocina Nova 501,Libros y Entretenimiento,Nova,890.82,409.96,375,Activo,3.6
PROD-04409,Engrapadora Industrial ProStyle 585,Papelería y Oficina,ProStyle,962.84,437.91,265,Activo,3.1
PROD-04410,Purificador de Aire Vortex 737,Hogar y Cocina,Vortex,2232.26,1364.12,309,Activo,3.2
PROD-04411,Mancuernas Ajustables Lumix 850,Deportes y Aire Libre,Lumix,5124.76,2584.99,200,Activo,4.8
PROD-04412,Tablet 10 pulgadas EcoLife 348,Electrónica,EcoLife,23205.94,15716.6,436,Activo,5.0
PROD-04413,Botella de Agua Térmica Aero 901,Deportes y Aire Libre,Aero,6208.72,3456.32,275,Activo,3.5
PROD-04414,Bocina Portátil Lumix 554,Electrónica,Lumix,11311.44,6941.64,236,Activo,4.1
PROD-04415,Kit de Pintura EcoLife 283,Juguetes y Juegos,EcoLife,750.19,346.72,306,Activo,4.6
PROD-04416,Lámpara de Escritorio Titan 543,Hogar y Cocina,Titan,4984.11,2735.39,299,Activo,4.1
PROD-04417,Casco de Ciclismo Titan 664,Deportes y Aire Libre,Titan,4168.94,2177.49,131,Activo,4.4
PROD-04418,Calculadora Científica Aero 125,Papelería y Oficina,Aero,433.17,246.93,406,Activo,4.3
PROD-04419,Playera de Algodón Vortex 416,Ropa y Moda,Vortex,1607.62,991.71,451,Activo,4.8
PROD-04420,Biografía Histórica Aero 901,Libros y Entretenimiento,Aero,1095.16,717.76,322,Activo,4.1
PROD-04421,Monitor 4K Titan 496,Electrónica,Titan,8737.39,5582.23,6,Activo,4.3
PROD-04422,Mochila de Senderismo EcoLife 693,Deportes y Aire Libre,EcoLife,2523.37,1592.62,218,Activo,4.1
PROD-04423,Cepillo Eléctrico Titan 608,Salud y Cuidado Personal,Titan,438.29,231.43,316,Activo,3.7
PROD-04424,Protector Solar Aero 854,Salud y Cuidado Personal,Aero,871.0,508.64,214,Activo,4.3
PROD-04425,Cinturón de Piel Nova 606,Ropa y Moda,Nova,80.19,35.09,95,Activo,3.6
PROD-04426,Cuaderno Profesional Vortex 761,Papelería y Oficina,Vortex,788.3,457.07,159,Activo,4.7
PROD-04427,Vitaminas Multivitamínicas Nova 972,Salud y Cuidado Personal,Nova,464.62,229.55,145,Activo,3.8
PROD-04428,Rompecabezas 1000 piezas Vortex 959,Juguetes y Juegos,Vortex,2379.54,1209.63,363,Activo,3.3
PROD-04429,Tablet 10 pulgadas Nova 161,Electrónica,Nova,2121.98,1304.51,464,Activo,3.7
PROD-04430,Vitaminas Multivitamínicas EcoLife 509,Salud y Cuidado Personal,EcoLife,1557.92,829.03,204,Activo,3.2
PROD-04431,Post-it Adhesivos Titan 622,Papelería y Oficina,Titan,1136.32,542.81,74,Activo,4.7
PROD-04432,Muñeca Articulada Vortex 647,Juguetes y Juegos,Vortex,2547.31,1614.23,498,Activo,4.1
PROD-04433,Organizador de Escritorio Aero 792,Papelería y Oficina,Aero,2189.46,1245.32,367,Activo,3.5
PROD-04434,Licuadora de Alta Potencia Krono 103,Hogar y Cocina,Krono,3350.78,2122.72,146,Activo,4.1
PROD-04435,Guía de Viajes Apex 708,Libros y Entretenimiento,Apex,1606.02,855.03,150,Activo,4.7
PROD-04436,Cafetera de Goteo Nova 199,Hogar y Cocina,Nova,4939.57,2990.79,292,Activo,3.3
PROD-04437,Cuerda para Saltar Urban 454,Deportes y Aire Libre,Urban,1365.09,815.19,384,Activo,3.9
PROD-04438,Calcetines Transpirables Urban 988,Ropa y Moda,Urban,619.04,303.76,398,Activo,4.7
PROD-04439,Mouse Inalámbrico Aero 353,Electrónica,Aero,3775.71,2257.26,106,Activo,4.9
PROD-04440,Monitor 4K Aero 676,Electrónica,Aero,20863.0,15074.55,420,Activo,4.6
PROD-04441,Monitor 4K Nova 252,Electrónica,Nova,11180.88,7824.77,294,Activo,4.6
PROD-04442,Comic Edición de Colección Apex 706,Libros y Entretenimiento,Apex,2977.99,1611.59,4,Activo,3.2
PROD-04443,Calculadora Científica EcoLife 624,Papelería y Oficina,EcoLife,993.13,542.38,220,Activo,4.1
PROD-04444,Freidora de Aire Lumix 129,Hogar y Cocina,Lumix,4313.47,2896.26,197,Activo,3.0
PROD-04445,Sudadera con Capucha EcoLife 619,Ropa y Moda,EcoLife,1716.84,989.36,239,Activo,3.9
PROD-04446,Consola Portátil de Videojuegos Nova 115,Juguetes y Juegos,Nova,221.86,106.74,413,Activo,3.6
PROD-04447,Purificador de Aire Titan 100,Hogar y Cocina,Titan,1972.84,996.53,155,Activo,3.5
PROD-04448,Playera de Algodón Apex 659,Ropa y Moda,Apex,2348.91,1284.84,128,Activo,3.0
PROD-04449,Mouse Inalámbrico Apex 144,Electrónica,Apex,13994.54,8546.19,236,Activo,3.9
PROD-04450,Enciclopedia Ilustrada Lumix 230,Libros y Entretenimiento,Lumix,2354.27,1125.22,370,Activo,4.6
PROD-04451,Bandas de Resistencia Krono 147,Deportes y Aire Libre,Krono,3881.58,2378.9,386,Activo,3.2
PROD-04452,Casco de Ciclismo Lumix 658,Deportes y Aire Libre,Lumix,4482.47,2714.22,127,Activo,4.6
PROD-04453,Aspiradora Robot Vortex 311,Hogar y Cocina,Vortex,6805.82,4325.43,74,Activo,3.2
PROD-04454,Bascula Digital Nova 289,Salud y Cuidado Personal,Nova,1108.67,475.54,114,Activo,3.2
PROD-04455,Calculadora Científica Nova 633,Papelería y Oficina,Nova,1618.31,747.23,372,Activo,4.6
PROD-04456,Manual de Cocina Aero 628,Libros y Entretenimiento,Aero,1226.64,630.55,52,Activo,3.2
PROD-04457,Juego de Mesa Familiar Nexa 768,Juguetes y Juegos,Nexa,605.8,418.43,82,Activo,3.5
PROD-04458,Peluche Gigante ProStyle 878,Juguetes y Juegos,ProStyle,1566.8,859.81,142,Activo,3.7
PROD-04459,Manual de Cocina ProStyle 284,Libros y Entretenimiento,ProStyle,2175.3,1177.21,122,Activo,3.2
PROD-04460,Set de Bloques de Construcción EcoLife 358,Juguetes y Juegos,EcoLife,3361.6,1714.53,7,Activo,3.9
PROD-04461,Bandas de Resistencia ProStyle 663,Deportes y Aire Libre,ProStyle,8068.07,4698.74,193,Activo,4.0
PROD-04462,Guía de Viajes Nova 700,Libros y Entretenimiento,Nova,2167.3,1153.9,199,Activo,4.0
PROD-04463,Gorra Deportiva Apex 249,Ropa y Moda,Apex,313.35,166.4,126,Activo,3.5
PROD-04464,Cuerda para Saltar Apex 669,Deportes y Aire Libre,Apex,7529.4,4889.48,41,Activo,3.2
PROD-04465,Kit de Pintura ProStyle 954,Juguetes y Juegos,ProStyle,2857.36,1590.94,293,Activo,3.9
PROD-04466,Pantalón Mezclilla Zenith 685,Ropa y Moda,Zenith,1314.59,617.53,190,Activo,5.0
PROD-04467,Engrapadora Industrial ProStyle 846,Papelería y Oficina,ProStyle,463.67,280.81,280,Activo,4.3
PROD-04468,Consola Portátil de Videojuegos Vortex 766,Juguetes y Juegos,Vortex,2238.19,1305.89,110,Activo,3.7
PROD-04469,Silla Ergonómica Lumix 711,Papelería y Oficina,Lumix,848.25,401.44,150,Activo,4.8
PROD-04470,Juego de Mesa Familiar Urban 455,Juguetes y Juegos,Urban,1434.68,722.5,42,Activo,5.0
PROD-04471,Mouse Inalámbrico Aero 211,Electrónica,Aero,5561.85,3644.31,403,Activo,4.3
PROD-04472,Freidora de Aire Lumix 326,Hogar y Cocina,Lumix,5645.51,2960.95,207,Activo,3.8
PROD-04473,Teclado Mecánico EcoLife 295,Electrónica,EcoLife,3285.38,2450.3,463,Activo,3.0
PROD-04474,Mochila de Senderismo Urban 675,Deportes y Aire Libre,Urban,4341.48,2864.74,420,Activo,3.9
PROD-04475,Cafetera de Goteo Apex 982,Hogar y Cocina,Apex,1845.16,1264.38,58,Activo,4.9
PROD-04476,Smartwatch Titan 174,Electrónica,Titan,10511.08,7578.37,376,Activo,3.2
PROD-04477,Freidora de Aire Titan 673,Hogar y Cocina,Titan,6971.37,4620.51,382,Activo,4.1
PROD-04478,Audífonos Bluetooth Lumix 821,Electrónica,Lumix,21260.79,14372.93,270,Activo,4.0
PROD-04479,Sudadera con Capucha EcoLife 548,Ropa y Moda,EcoLife,1681.0,818.78,199,Activo,3.1
PROD-04480,Juego de Cuchillos Titan 350,Hogar y Cocina,Titan,2441.18,1306.15,37,Activo,3.8
PROD-04481,Tenis Deportivos Vortex 308,Ropa y Moda,Vortex,1200.18,617.61,202,Activo,4.1
PROD-04482,Set de Bloques de Construcción Zenith 269,Juguetes y Juegos,Zenith,314.79,190.3,471,Activo,3.2
PROD-04483,Novela de Ficción Nexa 210,Libros y Entretenimiento,Nexa,477.26,279.61,140,Activo,3.6
PROD-04484,Botella de Agua Térmica Zenith 818,Deportes y Aire Libre,Zenith,7766.86,4993.12,142,Activo,4.9
PROD-04485,Post-it Adhesivos Krono 102,Papelería y Oficina,Krono,2093.99,1340.77,319,Activo,4.8
PROD-04486,Libro de Poesía Krono 847,Libros y Entretenimiento,Krono,1609.29,994.1,386,Activo,4.6
PROD-04487,Vestido Casual EcoLife 857,Ropa y Moda,EcoLife,199.31,118.61,399,Activo,4.2
PROD-04488,Gafas de Sol Nexa 402,Ropa y Moda,Nexa,1855.0,806.8,83,Activo,4.5
PROD-04489,Lámpara de Escritorio ProStyle 489,Hogar y Cocina,ProStyle,1920.78,1236.59,123,Activo,4.5
PROD-04490,Masajeador Cervical Nova 871,Salud y Cuidado Personal,Nova,1656.11,868.13,457,Activo,4.9
PROD-04491,Engrapadora Industrial EcoLife 791,Papelería y Oficina,EcoLife,1617.74,822.38,95,Activo,4.4
PROD-04492,Pantalón Mezclilla Krono 327,Ropa y Moda,Krono,2365.83,1530.81,122,Activo,4.2
PROD-04493,Calculadora Científica Vortex 227,Papelería y Oficina,Vortex,476.62,274.62,126,Activo,3.6
PROD-04494,Chamarra de Pluma Titan 450,Ropa y Moda,Titan,1679.07,757.94,474,Activo,3.5
PROD-04495,Novela de Ficción Apex 985,Libros y Entretenimiento,Apex,2853.18,1499.12,380,Activo,4.1
PROD-04496,Comic Edición de Colección Nova 359,Libros y Entretenimiento,Nova,1480.29,716.02,425,Activo,3.6
PROD-04497,Freidora de Aire Zenith 376,Hogar y Cocina,Zenith,2120.25,1432.16,71,Activo,4.9
PROD-04498,Gel Antiséptico Zenith 701,Salud y Cuidado Personal,Zenith,628.86,287.51,497,Activo,4.3
PROD-04499,Calculadora Científica ProStyle 786,Papelería y Oficina,ProStyle,831.17,405.11,66,Activo,4.3
PROD-04500,Sudadera con Capucha ProStyle 894,Ropa y Moda,ProStyle,998.49,451.93,461,Activo,4.9
PROD-04501,Mancuernas Ajustables Zenith 654,Deportes y Aire Libre,Zenith,5728.8,3963.75,432,Activo,3.6
PROD-04502,Juego de Sartenes Urban 141,Hogar y Cocina,Urban,4304.05,2464.23,126,Activo,4.6
PROD-04503,Marcadores de Colores Titan 380,Papelería y Oficina,Titan,1156.27,648.72,228,Activo,4.6
PROD-04504,Crema Hidratante Nova 339,Salud y Cuidado Personal,Nova,2446.46,1400.74,101,Activo,3.1
PROD-04505,Bascula Digital Aero 521,Salud y Cuidado Personal,Aero,2080.9,1326.06,14,Activo,4.6
PROD-04506,Destrozadora de Papel Vortex 973,Papelería y Oficina,Vortex,627.36,314.19,170,Activo,3.2
PROD-04507,Silla Ergonómica Lumix 738,Papelería y Oficina,Lumix,1837.29,890.99,262,Activo,4.5
PROD-04508,Libro de Poesía Vortex 296,Libros y Entretenimiento,Vortex,617.15,281.64,133,Activo,3.6
PROD-04509,Teclado Mecánico Apex 391,Electrónica,Apex,6406.92,3573.68,177,Activo,4.0
PROD-04510,Sartén Antiadherente Krono 760,Hogar y Cocina,Krono,2751.6,1662.45,197,Activo,3.6
PROD-04511,Gel Antiséptico Urban 240,Salud y Cuidado Personal,Urban,758.66,436.73,403,Activo,4.2
PROD-04512,Bandas de Resistencia Zenith 447,Deportes y Aire Libre,Zenith,3524.78,2141.96,261,Activo,5.0
PROD-04513,Smartwatch Nova 844,Electrónica,Nova,5560.43,3563.27,305,Activo,5.0
PROD-04514,Monitor 4K ProStyle 427,Electrónica,ProStyle,5047.18,3370.41,281,Activo,3.5
PROD-04515,Pista de Carreras Lumix 433,Juguetes y Juegos,Lumix,2481.47,1726.36,329,Activo,5.0
PROD-04516,Novela de Ficción Nova 980,Libros y Entretenimiento,Nova,2748.08,1902.25,20,Activo,4.5
PROD-04517,Marcadores de Colores EcoLife 883,Papelería y Oficina,EcoLife,2303.61,1422.94,191,Activo,4.4
PROD-04518,Smartphone Pro Vortex 787,Electrónica,Vortex,8770.4,6064.82,322,Activo,3.3
PROD-04519,Set de Bolígrafos Krono 301,Papelería y Oficina,Krono,344.9,181.95,165,Activo,4.9
PROD-04520,Masajeador Cervical Nexa 281,Salud y Cuidado Personal,Nexa,1342.19,671.19,388,Activo,4.5
PROD-04521,Tapete de Yoga Nova 835,Deportes y Aire Libre,Nova,7331.8,3717.93,404,Activo,5.0
PROD-04522,Purificador de Aire Zenith 108,Hogar y Cocina,Zenith,720.6,372.59,280,Activo,4.8
PROD-04523,Dron para Niños Aero 366,Juguetes y Juegos,Aero,2297.9,1201.71,451,Activo,4.5
PROD-04524,Guantes de Gimnasio Aero 288,Deportes y Aire Libre,Aero,6287.86,3726.53,3,Activo,4.2
PROD-04525,Guantes de Gimnasio Vortex 152,Deportes y Aire Libre,Vortex,2321.92,1252.68,436,Activo,4.3
PROD-04526,Pista de Carreras Lumix 393,Juguetes y Juegos,Lumix,2589.4,1522.16,69,Activo,3.2
PROD-04527,Licuadora de Alta Potencia Aero 944,Hogar y Cocina,Aero,384.64,213.24,252,Activo,4.1
PROD-04528,Laptop Gamer Krono 790,Electrónica,Krono,8624.29,6363.59,225,Activo,4.5
PROD-04529,Smartphone Pro Vortex 441,Electrónica,Vortex,7011.31,4904.63,424,Activo,3.7
PROD-04530,Teclado Mecánico Apex 657,Electrónica,Apex,20154.52,11902.91,64,Activo,3.6
PROD-04531,Pista de Carreras Krono 705,Juguetes y Juegos,Krono,3150.32,1749.69,212,Activo,4.7
PROD-04532,Mochila de Senderismo Zenith 110,Deportes y Aire Libre,Zenith,8248.14,4281.21,337,Activo,4.2
PROD-04533,Enciclopedia Ilustrada EcoLife 326,Libros y Entretenimiento,EcoLife,785.68,521.16,111,Activo,3.1
PROD-04534,Gel Antiséptico Vortex 183,Salud y Cuidado Personal,Vortex,2139.21,915.24,429,Activo,3.2
PROD-04535,Libro de Desarrollo Personal ProStyle 141,Libros y Entretenimiento,ProStyle,2965.06,1773.51,125,Activo,3.6
PROD-04536,Secadora de Cabello Zenith 462,Salud y Cuidado Personal,Zenith,389.36,204.07,114,Activo,3.6
PROD-04537,Libro de Finanzas Personales Zenith 267,Libros y Entretenimiento,Zenith,2045.65,1224.01,231,Activo,3.1
PROD-04538,Bascula Digital EcoLife 952,Salud y Cuidado Personal,EcoLife,1141.11,502.41,485,Activo,3.2
PROD-04539,Kit de Pintura ProStyle 556,Juguetes y Juegos,ProStyle,1230.49,735.75,13,Activo,4.3
PROD-04540,Pelota de Fútbol Titan 293,Deportes y Aire Libre,Titan,4734.25,2803.05,421,Activo,4.4
PROD-04541,Kit de Pintura Krono 910,Juguetes y Juegos,Krono,1380.35,840.61,154,Activo,5.0
PROD-04542,Tablet 10 pulgadas Zenith 570,Electrónica,Zenith,17814.5,10676.59,39,Activo,4.5
PROD-04543,Consola Portátil de Videojuegos ProStyle 636,Juguetes y Juegos,ProStyle,1979.28,899.8,186,Activo,4.7
PROD-04544,Laptop Gamer Apex 870,Electrónica,Apex,17582.0,10978.88,18,Activo,4.7
PROD-04545,Protector Solar Titan 551,Salud y Cuidado Personal,Titan,948.68,582.34,338,Activo,5.0
PROD-04546,Comic Edición de Colección Krono 134,Libros y Entretenimiento,Krono,2901.85,1674.38,25,Activo,3.0
PROD-04547,Guía de Viajes Krono 724,Libros y Entretenimiento,Krono,1637.85,1143.0,423,Activo,3.2
PROD-04548,Cámara DSLR Nexa 810,Electrónica,Nexa,11485.64,7907.63,179,Activo,4.7
PROD-04549,Teclado Mecánico Urban 866,Electrónica,Urban,18819.56,12192.0,315,Activo,3.5
PROD-04550,Teclado Mecánico EcoLife 805,Electrónica,EcoLife,16566.36,11919.88,208,Activo,3.3
PROD-04551,Dron para Niños Nexa 765,Juguetes y Juegos,Nexa,3131.81,1441.67,277,Activo,4.3
PROD-04552,Pelota de Fútbol Nexa 895,Deportes y Aire Libre,Nexa,4278.77,2900.1,299,Activo,3.6
PROD-04553,Rompecabezas 1000 piezas Nova 940,Juguetes y Juegos,Nova,1157.38,654.42,68,Activo,4.6
PROD-04554,Set de Bolígrafos Apex 578,Papelería y Oficina,Apex,731.06,380.94,45,Activo,4.8
PROD-04555,Aspiradora Robot Titan 284,Hogar y Cocina,Titan,8469.52,4881.24,53,Activo,3.2
PROD-04556,Rasuradora Eléctrica Aero 303,Salud y Cuidado Personal,Aero,763.53,447.42,142,Activo,4.5
PROD-04557,Juego de Sartenes Krono 585,Hogar y Cocina,Krono,2069.4,1100.67,361,Activo,3.6
PROD-04558,Carro a Control Remoto Apex 247,Juguetes y Juegos,Apex,1522.46,980.49,320,Activo,3.9
PROD-04559,Juego de Sartenes Apex 909,Hogar y Cocina,Apex,2880.76,1753.55,104,Activo,4.2
PROD-04560,Juego de Cuchillos Nexa 679,Hogar y Cocina,Nexa,1849.56,1007.61,207,Activo,4.5
PROD-04561,Crema Hidratante ProStyle 830,Salud y Cuidado Personal,ProStyle,1856.83,973.95,462,Activo,4.8
PROD-04562,Teclado Mecánico Urban 907,Electrónica,Urban,11951.75,6854.13,432,Activo,4.6
PROD-04563,Crema Hidratante Titan 768,Salud y Cuidado Personal,Titan,2233.61,1318.28,471,Activo,3.6
PROD-04564,Botella de Agua Térmica Titan 737,Deportes y Aire Libre,Titan,447.27,246.78,248,Activo,3.9
PROD-04565,Consola Portátil de Videojuegos Nexa 481,Juguetes y Juegos,Nexa,2713.95,1844.43,293,Activo,4.8
PROD-04566,Monitor 4K ProStyle 762,Electrónica,ProStyle,18009.34,12269.8,484,Activo,5.0
PROD-04567,Tenis Deportivos Vortex 525,Ropa y Moda,Vortex,1869.61,854.81,155,Activo,3.5
PROD-04568,Comic Edición de Colección Krono 687,Libros y Entretenimiento,Krono,717.33,355.62,128,Activo,4.3
PROD-04569,Sartén Antiadherente Aero 396,Hogar y Cocina,Aero,4136.62,2277.13,329,Activo,3.6
PROD-04570,Masajeador Cervical Nova 576,Salud y Cuidado Personal,Nova,2166.35,962.72,270,Activo,4.8
PROD-04571,Kit de Cuidado Facial Aero 881,Salud y Cuidado Personal,Aero,1468.86,601.79,107,Activo,3.5
PROD-04572,Crema Hidratante Titan 263,Salud y Cuidado Personal,Titan,2422.93,1045.26,16,Activo,4.6
PROD-04573,Vestido Casual Vortex 711,Ropa y Moda,Vortex,1141.53,616.19,365,Activo,4.0
PROD-04574,Silla Ergonómica Urban 775,Papelería y Oficina,Urban,2065.55,879.25,79,Activo,5.0
PROD-04575,Bascula Digital EcoLife 413,Salud y Cuidado Personal,EcoLife,2232.78,1336.77,215,Activo,3.9
PROD-04576,Audífonos Bluetooth Vortex 292,Electrónica,Vortex,7301.01,5397.5,199,Activo,3.9
PROD-04577,Manual de Cocina Krono 133,Libros y Entretenimiento,Krono,1431.51,729.54,446,Activo,3.7
PROD-04578,Dron para Niños Titan 479,Juguetes y Juegos,Titan,819.15,454.51,104,Activo,3.8
PROD-04579,Licuadora de Alta Potencia Zenith 634,Hogar y Cocina,Zenith,3309.53,1937.35,102,Activo,3.4
PROD-04580,Mochila de Senderismo Apex 755,Deportes y Aire Libre,Apex,6534.87,4458.94,95,Activo,4.9
PROD-04581,Libro de Finanzas Personales Aero 503,Libros y Entretenimiento,Aero,1897.25,1270.29,240,Activo,4.0
PROD-04582,Libro de Finanzas Personales EcoLife 202,Libros y Entretenimiento,EcoLife,3020.43,1822.48,261,Activo,4.7
PROD-04583,Kit de Pintura EcoLife 650,Juguetes y Juegos,EcoLife,1591.56,789.34,153,Activo,3.0
PROD-04584,Bascula Digital Lumix 664,Salud y Cuidado Personal,Lumix,2070.96,962.15,390,Activo,4.6
PROD-04585,Tablet 10 pulgadas Titan 676,Electrónica,Titan,22115.3,15229.57,81,Activo,3.8
PROD-04586,Set de Bloques de Construcción Nexa 408,Juguetes y Juegos,Nexa,1831.7,840.43,51,Activo,3.7
PROD-04587,Horno de Microondas Apex 161,Hogar y Cocina,Apex,6652.4,4520.09,92,Activo,3.3
PROD-04588,Sudadera con Capucha EcoLife 890,Ropa y Moda,EcoLife,2454.97,997.14,462,Activo,3.4
PROD-04589,Monitor 4K Zenith 107,Electrónica,Zenith,18588.17,13025.9,306,Activo,4.9
PROD-04590,Tablet 10 pulgadas Urban 884,Electrónica,Urban,9738.52,5647.21,500,Activo,4.8
PROD-04591,Mouse Inalámbrico Vortex 626,Electrónica,Vortex,9258.26,5208.87,56,Activo,4.4
PROD-04592,Guía de Viajes Krono 601,Libros y Entretenimiento,Krono,1409.05,695.21,14,Activo,4.2
PROD-04593,Enciclopedia Ilustrada EcoLife 237,Libros y Entretenimiento,EcoLife,240.04,121.47,371,Activo,3.7
PROD-04594,Tablet 10 pulgadas Titan 757,Electrónica,Titan,18312.87,12823.42,88,Activo,4.0
PROD-04595,Manual de Cocina ProStyle 746,Libros y Entretenimiento,ProStyle,1173.09,584.15,478,Activo,3.7
PROD-04596,Lámpara de Escritorio Aero 185,Hogar y Cocina,Aero,8363.22,5411.73,244,Activo,3.5
PROD-04597,Cuento Infantil Ilustrado Vortex 311,Libros y Entretenimiento,Vortex,2524.47,1750.7,214,Activo,4.0
PROD-04598,Guantes de Gimnasio ProStyle 773,Deportes y Aire Libre,ProStyle,5333.83,2898.99,428,Activo,4.1
PROD-04599,Libro de Finanzas Personales Krono 679,Libros y Entretenimiento,Krono,1795.08,1112.54,374,Activo,4.2
PROD-04600,Enciclopedia Ilustrada Nexa 952,Libros y Entretenimiento,Nexa,2287.05,1246.61,114,Activo,3.4
PROD-04601,Carro a Control Remoto Lumix 700,Juguetes y Juegos,Lumix,2251.12,1525.65,236,Activo,4.5
PROD-04602,Calcetines Transpirables Krono 310,Ropa y Moda,Krono,1518.9,982.42,209,Activo,3.3
PROD-04603,Aspiradora Robot Urban 750,Hogar y Cocina,Urban,8480.09,4777.02,157,Activo,3.5
PROD-04604,Calcetines Transpirables Nexa 787,Ropa y Moda,Nexa,2354.69,965.73,52,Activo,3.9
PROD-04605,Juego de Sartenes Aero 672,Hogar y Cocina,Aero,7913.08,4787.46,51,Activo,3.2
PROD-04606,Teclado Mecánico Aero 828,Electrónica,Aero,21109.11,15088.67,371,Activo,4.6
PROD-04607,Juego de Cuchillos Lumix 229,Hogar y Cocina,Lumix,4296.4,2436.3,13,Activo,3.1
PROD-04608,Libro de Desarrollo Personal Vortex 546,Libros y Entretenimiento,Vortex,3296.11,2172.76,428,Activo,4.4
PROD-04609,Juego de Cuchillos Zenith 343,Hogar y Cocina,Zenith,7658.41,4442.83,403,Activo,4.1
PROD-04610,Set de Bolígrafos Nova 706,Papelería y Oficina,Nova,2445.92,1564.13,475,Activo,3.6
PROD-04611,Cuaderno Profesional Krono 307,Papelería y Oficina,Krono,980.86,577.72,399,Activo,3.2
PROD-04612,Horno de Microondas Aero 798,Hogar y Cocina,Aero,6855.94,4450.89,409,Activo,3.1
PROD-04613,Pelota de Fútbol Krono 149,Deportes y Aire Libre,Krono,7906.95,5197.26,352,Activo,3.0
PROD-04614,Chamarra de Pluma Nova 546,Ropa y Moda,Nova,2462.45,1338.14,402,Activo,3.2
PROD-04615,Juego de Cuchillos Nova 887,Hogar y Cocina,Nova,2823.25,1455.31,21,Activo,3.1
PROD-04616,Pelota de Fútbol Aero 386,Deportes y Aire Libre,Aero,442.64,276.55,117,Activo,4.7
PROD-04617,Guía de Viajes Urban 831,Libros y Entretenimiento,Urban,3135.66,1773.93,225,Activo,3.4
PROD-04618,Set de Bolígrafos Nexa 938,Papelería y Oficina,Nexa,1722.93,841.18,404,Activo,4.7
PROD-04619,Lámpara de Escritorio Lumix 319,Hogar y Cocina,Lumix,1990.08,1336.38,144,Activo,4.6
PROD-04620,Cepillo Eléctrico Aero 481,Salud y Cuidado Personal,Aero,656.57,325.92,336,Activo,3.8
PROD-04621,Rompecabezas 1000 piezas ProStyle 156,Juguetes y Juegos,ProStyle,1037.75,490.93,422,Activo,4.4
PROD-04622,Peluche Gigante Nexa 244,Juguetes y Juegos,Nexa,3154.95,2205.02,409,Activo,4.6
PROD-04623,Teclado Mecánico Vortex 797,Electrónica,Vortex,2744.17,1987.7,151,Activo,4.8
PROD-04624,Tenis Deportivos Vortex 463,Ropa y Moda,Vortex,1654.47,779.44,400,Activo,3.9
PROD-04625,Audífonos Bluetooth EcoLife 464,Electrónica,EcoLife,22476.18,13816.47,181,Activo,4.8
PROD-04626,Libro de Finanzas Personales Krono 330,Libros y Entretenimiento,Krono,2782.46,1421.67,201,Activo,3.3
PROD-04627,Libro de Poesía EcoLife 752,Libros y Entretenimiento,EcoLife,1818.4,1057.73,407,Activo,3.4
PROD-04628,Secadora de Cabello Vortex 982,Salud y Cuidado Personal,Vortex,2182.73,934.23,83,Activo,4.4
PROD-04629,Mancuernas Ajustables Nova 938,Deportes y Aire Libre,Nova,7086.63,4226.3,202,Activo,3.2
PROD-04630,Bascula Digital Titan 367,Salud y Cuidado Personal,Titan,1089.29,593.89,349,Activo,3.8
PROD-04631,Cafetera de Goteo Lumix 853,Hogar y Cocina,Lumix,3052.1,1701.6,87,Activo,4.1
PROD-04632,Juego de Cuchillos Nova 467,Hogar y Cocina,Nova,829.96,436.14,226,Activo,4.3
PROD-04633,Organizador de Escritorio Aero 516,Papelería y Oficina,Aero,1167.3,652.95,454,Activo,3.6
PROD-04634,Playera de Algodón Nova 773,Ropa y Moda,Nova,1504.08,965.45,263,Activo,4.2
PROD-04635,Juego de Cuchillos Urban 170,Hogar y Cocina,Urban,6330.36,4116.98,306,Activo,4.0
PROD-04636,Bocina Portátil Krono 404,Electrónica,Krono,10407.77,7302.59,298,Activo,4.5
PROD-04637,Crema Hidratante Aero 367,Salud y Cuidado Personal,Aero,993.04,496.03,155,Activo,3.7
PROD-04638,Purificador de Aire Nexa 402,Hogar y Cocina,Nexa,8383.27,4213.55,187,Activo,3.2
PROD-04639,Laptop Gamer Krono 324,Electrónica,Krono,1031.97,638.37,59,Activo,3.8
PROD-04640,Dron para Niños Zenith 749,Juguetes y Juegos,Zenith,2560.11,1393.35,152,Activo,5.0
PROD-04641,Juego de Sartenes Nexa 484,Hogar y Cocina,Nexa,7344.62,4905.88,235,Activo,3.1
PROD-04642,Tablet 10 pulgadas Krono 793,Electrónica,Krono,1502.74,845.82,448,Activo,3.1
PROD-04643,Guantes de Gimnasio ProStyle 978,Deportes y Aire Libre,ProStyle,6472.77,4396.93,265,Activo,4.8
PROD-04644,Sartén Antiadherente ProStyle 275,Hogar y Cocina,ProStyle,1107.49,635.51,70,Activo,3.1
PROD-04645,Carro a Control Remoto Aero 418,Juguetes y Juegos,Aero,162.2,94.24,477,Activo,4.3
PROD-04646,Vitaminas Multivitamínicas Aero 301,Salud y Cuidado Personal,Aero,641.14,377.09,50,Activo,4.4
PROD-04647,Set de Bolígrafos ProStyle 125,Papelería y Oficina,ProStyle,937.78,509.09,172,Activo,3.6
PROD-04648,Biografía Histórica EcoLife 606,Libros y Entretenimiento,EcoLife,1069.84,685.34,33,Activo,4.5
PROD-04649,Enciclopedia Ilustrada Urban 106,Libros y Entretenimiento,Urban,2052.31,970.06,293,Activo,4.3
PROD-04650,Kit de Cuidado Facial Nova 110,Salud y Cuidado Personal,Nova,1808.01,1075.74,100,Activo,3.9
PROD-04651,Peluche Gigante Zenith 106,Juguetes y Juegos,Zenith,666.16,422.23,20,Activo,4.0
PROD-04652,Rompecabezas 1000 piezas Nova 769,Juguetes y Juegos,Nova,3125.33,1834.7,427,Activo,4.4
PROD-04653,Smartphone Pro Nova 934,Electrónica,Nova,8745.82,5936.49,150,Activo,3.9
PROD-04654,Guía de Viajes Zenith 262,Libros y Entretenimiento,Zenith,1616.71,1071.5,165,Activo,4.4
PROD-04655,Consola Portátil de Videojuegos Nexa 194,Juguetes y Juegos,Nexa,2483.6,1441.13,321,Activo,3.4
PROD-04656,Consola Portátil de Videojuegos Aero 620,Juguetes y Juegos,Aero,919.8,442.45,56,Activo,3.6
PROD-04657,Pista de Carreras Titan 197,Juguetes y Juegos,Titan,1109.96,670.59,458,Activo,3.8
PROD-04658,Novela de Ficción Urban 428,Libros y Entretenimiento,Urban,3277.54,1917.53,349,Activo,4.0
PROD-04659,Silla Ergonómica Lumix 911,Papelería y Oficina,Lumix,1710.61,948.35,244,Activo,4.8
PROD-04660,Bicicleta de Montaña Nova 452,Deportes y Aire Libre,Nova,3263.67,2255.34,344,Activo,3.8
PROD-04661,Playera de Algodón EcoLife 954,Ropa y Moda,EcoLife,1949.42,1071.65,353,Activo,3.4
PROD-04662,Libro de Desarrollo Personal Nova 632,Libros y Entretenimiento,Nova,624.03,332.62,81,Activo,4.9
PROD-04663,Juego de Cuchillos ProStyle 897,Hogar y Cocina,ProStyle,3594.49,1905.09,389,Activo,3.1
PROD-04664,Bascula Digital Nova 886,Salud y Cuidado Personal,Nova,553.9,341.61,95,Activo,3.9
PROD-04665,Cepillo Eléctrico Vortex 160,Salud y Cuidado Personal,Vortex,918.15,489.18,476,Activo,3.5
PROD-04666,Cepillo Eléctrico Lumix 116,Salud y Cuidado Personal,Lumix,539.2,258.3,372,Activo,4.8
PROD-04667,Sudadera con Capucha ProStyle 810,Ropa y Moda,ProStyle,173.87,96.14,89,Activo,3.2
PROD-04668,Chamarra de Pluma Vortex 456,Ropa y Moda,Vortex,1471.51,772.97,395,Activo,3.8
PROD-04669,Playera de Algodón Apex 326,Ropa y Moda,Apex,1103.64,629.73,323,Activo,4.7
PROD-04670,Engrapadora Industrial Titan 785,Papelería y Oficina,Titan,1790.31,761.72,188,Activo,4.8
PROD-04671,Cámara DSLR EcoLife 976,Electrónica,EcoLife,11840.22,7878.32,137,Activo,3.1
PROD-04672,Calcetines Transpirables Vortex 765,Ropa y Moda,Vortex,410.35,251.41,97,Activo,3.2
PROD-04673,Peluche Gigante Apex 572,Juguetes y Juegos,Apex,2292.21,1135.37,143,Activo,3.2
PROD-04674,Bicicleta de Montaña Vortex 160,Deportes y Aire Libre,Vortex,1595.59,921.53,293,Activo,4.2
PROD-04675,Kit de Pintura Zenith 566,Juguetes y Juegos,Zenith,2313.4,1377.56,63,Activo,4.5
PROD-04676,Bandas de Resistencia Vortex 306,Deportes y Aire Libre,Vortex,5713.58,3595.7,169,Activo,3.9
PROD-04677,Casco de Ciclismo Nova 434,Deportes y Aire Libre,Nova,3771.74,2374.17,62,Activo,3.1
PROD-04678,Vitaminas Multivitamínicas Titan 680,Salud y Cuidado Personal,Titan,360.49,217.21,176,Activo,3.6
PROD-04679,Chamarra de Pluma ProStyle 550,Ropa y Moda,ProStyle,903.89,398.27,170,Activo,4.7
PROD-04680,Gel Antiséptico Apex 149,Salud y Cuidado Personal,Apex,2341.64,1402.24,295,Activo,3.3
PROD-04681,Masajeador Cervical Aero 280,Salud y Cuidado Personal,Aero,804.17,332.67,287,Activo,4.7
PROD-04682,Pelota de Fútbol ProStyle 453,Deportes y Aire Libre,ProStyle,6789.88,4177.46,224,Activo,3.8
PROD-04683,Biografía Histórica Titan 558,Libros y Entretenimiento,Titan,218.43,116.64,146,Activo,4.5
PROD-04684,Pelota de Fútbol EcoLife 389,Deportes y Aire Libre,EcoLife,231.27,124.08,430,Activo,3.9
PROD-04685,Sudadera con Capucha Apex 315,Ropa y Moda,Apex,750.03,312.52,362,Activo,3.1
PROD-04686,Pantalón Mezclilla Zenith 241,Ropa y Moda,Zenith,962.81,469.28,413,Activo,4.4
PROD-04687,Tapete de Yoga Nexa 275,Deportes y Aire Libre,Nexa,3722.98,2577.65,39,Activo,3.1
PROD-04688,Aspiradora Robot Nexa 436,Hogar y Cocina,Nexa,3896.73,2458.91,169,Activo,4.1
PROD-04689,Horno de Microondas Nexa 212,Hogar y Cocina,Nexa,2636.02,1837.32,228,Activo,3.9
PROD-04690,Secadora de Cabello Vortex 390,Salud y Cuidado Personal,Vortex,1441.9,715.48,380,Activo,5.0
PROD-04691,Silla Ergonómica Titan 267,Papelería y Oficina,Titan,2039.26,1065.3,330,Activo,4.6
PROD-04692,Monitor 4K Titan 238,Electrónica,Titan,1958.96,1276.82,487,Activo,4.6
PROD-04693,Carro a Control Remoto Zenith 831,Juguetes y Juegos,Zenith,3427.42,2371.15,265,Activo,3.5
PROD-04694,Enciclopedia Ilustrada Apex 743,Libros y Entretenimiento,Apex,1168.11,617.36,457,Activo,3.7
PROD-04695,Smartphone Pro Urban 466,Electrónica,Urban,22199.49,16556.81,379,Activo,4.5
PROD-04696,Bocina Portátil Urban 415,Electrónica,Urban,13567.2,9139.42,58,Activo,4.2
PROD-04697,Cuaderno Profesional Nova 553,Papelería y Oficina,Nova,1979.04,1244.91,409,Activo,4.7
PROD-04698,Tablet 10 pulgadas Lumix 366,Electrónica,Lumix,8356.94,6114.64,424,Activo,4.9
PROD-04699,Mancuernas Ajustables Nova 544,Deportes y Aire Libre,Nova,5180.8,3176.11,386,Activo,3.4
PROD-04700,Secadora de Cabello Apex 538,Salud y Cuidado Personal,Apex,2043.17,1210.3,418,Activo,3.5
PROD-04701,Cuaderno Profesional Zenith 952,Papelería y Oficina,Zenith,898.84,482.07,373,Activo,4.5
PROD-04702,Carro a Control Remoto Vortex 479,Juguetes y Juegos,Vortex,3424.6,1896.35,492,Activo,4.4
PROD-04703,Horno de Microondas Titan 848,Hogar y Cocina,Titan,1978.53,1173.27,200,Activo,4.0
PROD-04704,Pista de Carreras Aero 613,Juguetes y Juegos,Aero,2607.61,1399.73,176,Activo,3.5
PROD-04705,Playera de Algodón EcoLife 136,Ropa y Moda,EcoLife,876.37,441.73,115,Activo,3.8
PROD-04706,Botella de Agua Térmica Vortex 420,Deportes y Aire Libre,Vortex,1556.65,917.17,228,Activo,4.7
PROD-04707,Mancuernas Ajustables Krono 232,Deportes y Aire Libre,Krono,1408.23,950.95,206,Activo,4.7
PROD-04708,Carro a Control Remoto Urban 635,Juguetes y Juegos,Urban,802.52,405.45,402,Activo,4.6
PROD-04709,Aspiradora Robot Vortex 772,Hogar y Cocina,Vortex,4836.03,2699.24,400,Activo,4.2
PROD-04710,Juego de Mesa Familiar ProStyle 635,Juguetes y Juegos,ProStyle,968.68,451.49,333,Activo,5.0
PROD-04711,Cámara DSLR Krono 671,Electrónica,Krono,16410.16,11324.47,103,Activo,4.4
PROD-04712,Marcadores de Colores Nexa 736,Papelería y Oficina,Nexa,882.22,364.06,206,Activo,4.5
PROD-04713,Novela de Ficción Zenith 538,Libros y Entretenimiento,Zenith,1414.71,895.75,326,Activo,4.7
PROD-04714,Laptop Gamer EcoLife 296,Electrónica,EcoLife,20079.81,12299.49,272,Activo,4.4
PROD-04715,Laptop Gamer Urban 244,Electrónica,Urban,22055.72,12611.11,182,Activo,4.2
PROD-04716,Gafas de Sol Zenith 880,Ropa y Moda,Zenith,1715.2,833.43,444,Activo,3.4
PROD-04717,Bicicleta de Montaña Krono 980,Deportes y Aire Libre,Krono,3562.34,1995.44,244,Activo,3.6
PROD-04718,Monitor 4K Krono 354,Electrónica,Krono,22930.21,15521.88,456,Activo,4.3
PROD-04719,Mancuernas Ajustables Apex 328,Deportes y Aire Libre,Apex,4393.53,2381.44,427,Activo,4.7
PROD-04720,Enciclopedia Ilustrada Nexa 521,Libros y Entretenimiento,Nexa,2876.77,1849.58,88,Activo,3.7
PROD-04721,Destrozadora de Papel Lumix 820,Papelería y Oficina,Lumix,941.52,519.99,273,Activo,3.7
PROD-04722,Tapete de Yoga Vortex 920,Deportes y Aire Libre,Vortex,3388.57,1790.14,95,Activo,4.7
PROD-04723,Sartén Antiadherente Titan 570,Hogar y Cocina,Titan,3830.87,2245.98,290,Activo,3.6
PROD-04724,Juego de Mesa Familiar Krono 343,Juguetes y Juegos,Krono,2056.98,1155.02,477,Activo,3.7
PROD-04725,Bocina Portátil Nova 626,Electrónica,Nova,16255.65,10241.67,370,Activo,4.3
PROD-04726,Tablet 10 pulgadas Lumix 201,Electrónica,Lumix,1513.48,925.49,144,Activo,3.9
PROD-04727,Dron para Niños Krono 478,Juguetes y Juegos,Krono,425.36,286.72,133,Activo,4.4
PROD-04728,Silla Ergonómica Lumix 498,Papelería y Oficina,Lumix,416.93,192.19,177,Activo,3.3
PROD-04729,Monitor 4K EcoLife 123,Electrónica,EcoLife,10963.96,7440.28,251,Activo,3.5
PROD-04730,Smartphone Pro Titan 136,Electrónica,Titan,5285.68,3805.19,470,Activo,4.7
PROD-04731,Purificador de Aire Lumix 493,Hogar y Cocina,Lumix,1850.01,1205.31,214,Activo,4.9
PROD-04732,Protector Solar Aero 818,Salud y Cuidado Personal,Aero,1658.61,703.82,387,Activo,3.2
PROD-04733,Libro de Desarrollo Personal Nexa 718,Libros y Entretenimiento,Nexa,2148.47,1472.6,63,Activo,3.9
PROD-04734,Bascula Digital Vortex 876,Salud y Cuidado Personal,Vortex,1777.63,981.07,381,Activo,4.3
PROD-04735,Gafas de Sol Aero 345,Ropa y Moda,Aero,959.78,479.35,299,Activo,3.6
PROD-04736,Peluche Gigante Aero 776,Juguetes y Juegos,Aero,1591.89,736.96,422,Activo,3.9
PROD-04737,Tenis Deportivos Vortex 613,Ropa y Moda,Vortex,747.66,341.08,254,Activo,3.2
PROD-04738,Organizador de Escritorio EcoLife 554,Papelería y Oficina,EcoLife,420.85,188.28,142,Activo,3.4
PROD-04739,Pista de Carreras Zenith 401,Juguetes y Juegos,Zenith,3289.59,1717.74,327,Activo,3.1
PROD-04740,Aspiradora Robot Nexa 348,Hogar y Cocina,Nexa,7994.59,5311.85,224,Activo,4.9
PROD-04741,Calculadora Científica ProStyle 750,Papelería y Oficina,ProStyle,557.78,359.37,360,Activo,4.9
PROD-04742,Smartwatch Krono 577,Electrónica,Krono,17344.96,9797.8,256,Activo,3.1
PROD-04743,Comic Edición de Colección Vortex 856,Libros y Entretenimiento,Vortex,1982.73,1283.78,208,Activo,4.1
PROD-04744,Set de Bloques de Construcción Lumix 248,Juguetes y Juegos,Lumix,3408.09,1962.3,228,Activo,3.4
PROD-04745,Pantalón Mezclilla Titan 201,Ropa y Moda,Titan,437.1,216.76,292,Activo,3.5
PROD-04746,Freidora de Aire Apex 330,Hogar y Cocina,Apex,1311.88,880.44,452,Activo,3.7
PROD-04747,Purificador de Aire Aero 755,Hogar y Cocina,Aero,2173.88,1312.09,195,Activo,3.1
PROD-04748,Secadora de Cabello Vortex 392,Salud y Cuidado Personal,Vortex,204.72,97.96,108,Activo,3.4
PROD-04749,Novela de Ficción Zenith 633,Libros y Entretenimiento,Zenith,2069.84,1159.64,74,Activo,4.2
PROD-04750,Kit de Cuidado Facial Nexa 842,Salud y Cuidado Personal,Nexa,1029.48,576.75,23,Activo,4.2
PROD-04751,Manual de Cocina Nova 818,Libros y Entretenimiento,Nova,2836.9,1321.87,364,Activo,4.3
PROD-04752,Cepillo Eléctrico ProStyle 538,Salud y Cuidado Personal,ProStyle,908.06,391.87,333,Activo,4.2
PROD-04753,Bascula Digital Urban 688,Salud y Cuidado Personal,Urban,1408.92,767.16,494,Activo,4.4
PROD-04754,Biografía Histórica Zenith 561,Libros y Entretenimiento,Zenith,2123.46,1384.96,151,Activo,3.6
PROD-04755,Freidora de Aire Lumix 891,Hogar y Cocina,Lumix,7549.89,4174.66,449,Activo,3.1
PROD-04756,Smartwatch Lumix 920,Electrónica,Lumix,6647.26,4440.45,208,Activo,4.7
PROD-04757,Laptop Gamer Nova 792,Electrónica,Nova,18238.01,13111.28,96,Activo,3.1
PROD-04758,Licuadora de Alta Potencia EcoLife 611,Hogar y Cocina,EcoLife,980.84,521.66,244,Activo,4.0
PROD-04759,Laptop Gamer Apex 891,Electrónica,Apex,8285.96,5254.22,44,Activo,4.6
PROD-04760,Tapete de Yoga Vortex 550,Deportes y Aire Libre,Vortex,7917.71,5486.36,334,Activo,4.4
PROD-04761,Sudadera con Capucha Nova 374,Ropa y Moda,Nova,852.2,514.78,177,Activo,3.3
PROD-04762,Dron para Niños Krono 706,Juguetes y Juegos,Krono,1746.28,889.84,149,Activo,4.9
PROD-04763,Cuerda para Saltar Nexa 989,Deportes y Aire Libre,Nexa,7665.23,3948.91,198,Activo,5.0
PROD-04764,Tapete de Yoga Urban 372,Deportes y Aire Libre,Urban,4005.48,2096.54,499,Activo,3.3
PROD-04765,Mochila de Senderismo ProStyle 972,Deportes y Aire Libre,ProStyle,2341.34,1273.51,438,Activo,4.1
PROD-04766,Gafas de Sol Urban 236,Ropa y Moda,Urban,809.59,357.65,94,Activo,3.7
PROD-04767,Protector Solar ProStyle 392,Salud y Cuidado Personal,ProStyle,1386.83,656.12,346,Activo,3.4
PROD-04768,Silla Ergonómica Aero 475,Papelería y Oficina,Aero,1458.84,688.33,75,Activo,3.6
PROD-04769,Teclado Mecánico EcoLife 947,Electrónica,EcoLife,15906.99,11441.77,453,Activo,3.2
PROD-04770,Horno de Microondas Nexa 629,Hogar y Cocina,Nexa,1473.94,924.74,69,Activo,3.5
PROD-04771,Cepillo Eléctrico ProStyle 725,Salud y Cuidado Personal,ProStyle,719.21,336.79,474,Activo,4.2
PROD-04772,Muñeca Articulada EcoLife 641,Juguetes y Juegos,EcoLife,2949.61,1777.92,216,Activo,3.1
PROD-04773,Bocina Portátil Apex 679,Electrónica,Apex,19591.55,11295.8,224,Activo,3.0
PROD-04774,Engrapadora Industrial Apex 142,Papelería y Oficina,Apex,2129.25,1025.34,211,Activo,3.0
PROD-04775,Aspiradora Robot Krono 822,Hogar y Cocina,Krono,1949.43,1359.55,97,Activo,4.5
PROD-04776,Cuerda para Saltar Krono 229,Deportes y Aire Libre,Krono,2432.42,1657.07,485,Activo,3.9
PROD-04777,Sartén Antiadherente EcoLife 659,Hogar y Cocina,EcoLife,4848.32,2607.97,411,Activo,3.7
PROD-04778,Consola Portátil de Videojuegos Urban 529,Juguetes y Juegos,Urban,580.2,349.44,12,Activo,3.5
PROD-04779,Peluche Gigante Vortex 846,Juguetes y Juegos,Vortex,2206.2,1192.47,398,Activo,3.5
PROD-04780,Guantes de Gimnasio Vortex 854,Deportes y Aire Libre,Vortex,5704.27,3317.22,484,Activo,4.6
PROD-04781,Engrapadora Industrial Zenith 841,Papelería y Oficina,Zenith,1691.47,1004.51,8,Activo,4.2
PROD-04782,Sudadera con Capucha ProStyle 226,Ropa y Moda,ProStyle,1226.98,747.19,122,Activo,4.4
PROD-04783,Pista de Carreras Nova 107,Juguetes y Juegos,Nova,503.6,278.01,89,Activo,4.6
PROD-04784,Teclado Mecánico Titan 763,Electrónica,Titan,14623.39,8944.42,68,Activo,3.4
PROD-04785,Set de Bolígrafos Nexa 863,Papelería y Oficina,Nexa,2077.18,892.29,9,Activo,3.2
PROD-04786,Cuerda para Saltar Vortex 499,Deportes y Aire Libre,Vortex,2782.03,1663.81,255,Activo,4.1
PROD-04787,Calcetines Transpirables Nova 906,Ropa y Moda,Nova,1309.69,693.67,251,Activo,4.7
PROD-04788,Peluche Gigante Lumix 316,Juguetes y Juegos,Lumix,1487.07,995.82,101,Activo,4.8
PROD-04789,Teclado Mecánico Vortex 660,Electrónica,Vortex,697.14,474.54,375,Activo,4.7
PROD-04790,Laptop Gamer Nexa 497,Electrónica,Nexa,8817.1,5026.17,30,Activo,4.4
PROD-04791,Pantalón Mezclilla EcoLife 311,Ropa y Moda,EcoLife,1950.81,930.83,375,Activo,4.5
PROD-04792,Freidora de Aire Urban 336,Hogar y Cocina,Urban,7608.42,4617.93,315,Activo,3.4
PROD-04793,Mancuernas Ajustables Apex 738,Deportes y Aire Libre,Apex,5035.3,2583.81,295,Activo,3.1
PROD-04794,Aspiradora Robot Lumix 189,Hogar y Cocina,Lumix,7198.58,4978.68,437,Activo,3.9
PROD-04795,Chamarra de Pluma Nova 253,Ropa y Moda,Nova,2047.14,1118.63,469,Activo,4.4
PROD-04796,Gorra Deportiva Krono 610,Ropa y Moda,Krono,440.51,251.66,65,Activo,4.7
PROD-04797,Post-it Adhesivos Vortex 694,Papelería y Oficina,Vortex,1203.92,572.68,307,Activo,3.8
PROD-04798,Monitor 4K Zenith 649,Electrónica,Zenith,2184.0,1508.35,96,Activo,3.3
PROD-04799,Pantalón Mezclilla Nexa 682,Ropa y Moda,Nexa,1654.49,788.51,455,Activo,4.2
PROD-04800,Cuerda para Saltar Krono 372,Deportes y Aire Libre,Krono,5044.15,3499.06,326,Activo,4.9
PROD-04801,Organizador de Escritorio ProStyle 421,Papelería y Oficina,ProStyle,980.22,605.45,22,Activo,3.8
PROD-04802,Botella de Agua Térmica ProStyle 244,Deportes y Aire Libre,ProStyle,3834.15,2043.24,106,Activo,4.4
PROD-04803,Libro de Poesía Krono 613,Libros y Entretenimiento,Krono,2400.35,1083.98,353,Activo,4.7
PROD-04804,Organizador de Escritorio Urban 548,Papelería y Oficina,Urban,1399.01,713.24,33,Activo,4.4
PROD-04805,Vestido Casual Zenith 612,Ropa y Moda,Zenith,1803.81,861.1,0,Agotado,3.9
PROD-04806,Smartphone Pro Nexa 274,Electrónica,Nexa,21344.51,15610.18,27,Activo,3.2
PROD-04807,Teclado Mecánico Lumix 902,Electrónica,Lumix,10049.26,5821.43,387,Activo,3.4
PROD-04808,Dron para Niños Nexa 317,Juguetes y Juegos,Nexa,1763.51,1116.07,21,Activo,3.8
PROD-04809,Vitaminas Multivitamínicas Nexa 274,Salud y Cuidado Personal,Nexa,1587.37,805.16,33,Activo,3.3
PROD-04810,Silla Ergonómica Zenith 553,Papelería y Oficina,Zenith,1140.82,637.85,130,Activo,4.9
PROD-04811,Kit de Cuidado Facial Nova 339,Salud y Cuidado Personal,Nova,2202.34,1229.68,270,Activo,4.8
PROD-04812,Freidora de Aire Titan 493,Hogar y Cocina,Titan,2641.23,1731.94,148,Activo,3.2
PROD-04813,Tapete de Yoga Nexa 716,Deportes y Aire Libre,Nexa,1281.39,814.4,164,Activo,4.6
PROD-04814,Rasuradora Eléctrica Titan 928,Salud y Cuidado Personal,Titan,2329.78,981.76,24,Activo,3.4
PROD-04815,Novela de Ficción EcoLife 486,Libros y Entretenimiento,EcoLife,286.53,164.91,53,Activo,3.1
PROD-04816,Casco de Ciclismo Krono 579,Deportes y Aire Libre,Krono,6855.13,4198.63,333,Activo,4.2
PROD-04817,Casco de Ciclismo Vortex 531,Deportes y Aire Libre,Vortex,7909.31,4395.83,200,Activo,4.8
PROD-04818,Bicicleta de Montaña Krono 416,Deportes y Aire Libre,Krono,5640.8,3916.31,310,Activo,4.7
PROD-04819,Cuaderno Profesional ProStyle 317,Papelería y Oficina,ProStyle,1376.87,620.65,242,Activo,3.3
PROD-04820,Mancuernas Ajustables Vortex 165,Deportes y Aire Libre,Vortex,1978.3,990.0,421,Activo,3.9
PROD-04821,Silla Ergonómica Aero 822,Papelería y Oficina,Aero,1009.44,544.24,196,Activo,4.3
PROD-04822,Smartphone Pro EcoLife 209,Electrónica,EcoLife,24836.79,17361.38,487,Activo,4.6
PROD-04823,Cuento Infantil Ilustrado Apex 680,Libros y Entretenimiento,Apex,2066.49,1251.45,443,Activo,3.4
PROD-04824,Set de Bolígrafos ProStyle 221,Papelería y Oficina,ProStyle,1788.74,1130.94,349,Activo,4.9
PROD-04825,Sudadera con Capucha Zenith 555,Ropa y Moda,Zenith,1506.27,818.34,212,Activo,4.7
PROD-04826,Tablet 10 pulgadas EcoLife 565,Electrónica,EcoLife,16177.42,11737.86,130,Activo,4.2
PROD-04827,Calculadora Científica Urban 834,Papelería y Oficina,Urban,1758.82,711.65,270,Activo,4.7
PROD-04828,Marcadores de Colores Titan 972,Papelería y Oficina,Titan,2021.9,1142.96,404,Activo,3.4
PROD-04829,Bicicleta de Montaña Urban 711,Deportes y Aire Libre,Urban,3937.15,2738.5,409,Activo,3.2
PROD-04830,Cuerda para Saltar Aero 538,Deportes y Aire Libre,Aero,2292.42,1568.5,133,Activo,3.8
PROD-04831,Carro a Control Remoto Apex 966,Juguetes y Juegos,Apex,372.58,234.77,453,Activo,3.9
PROD-04832,Destrozadora de Papel Nexa 369,Papelería y Oficina,Nexa,452.48,223.87,25,Activo,4.4
PROD-04833,Carro a Control Remoto Apex 760,Juguetes y Juegos,Apex,306.66,148.57,479,Activo,4.3
PROD-04834,Juego de Cuchillos ProStyle 447,Hogar y Cocina,ProStyle,4786.88,3002.13,105,Activo,4.0
PROD-04835,Tapete de Yoga Zenith 237,Deportes y Aire Libre,Zenith,5993.25,2996.68,383,Activo,4.8
PROD-04836,Cuento Infantil Ilustrado Apex 962,Libros y Entretenimiento,Apex,1343.98,861.95,260,Activo,5.0
PROD-04837,Libro de Desarrollo Personal Nova 953,Libros y Entretenimiento,Nova,2324.72,1585.6,126,Activo,3.1
PROD-04838,Vestido Casual ProStyle 965,Ropa y Moda,ProStyle,1032.44,443.65,388,Activo,3.1
PROD-04839,Organizador de Escritorio Urban 503,Papelería y Oficina,Urban,2095.24,1227.74,101,Activo,4.7
PROD-04840,Botella de Agua Térmica Zenith 767,Deportes y Aire Libre,Zenith,7405.57,3893.46,114,Activo,4.7
PROD-04841,Protector Solar Titan 245,Salud y Cuidado Personal,Titan,2206.75,918.2,350,Activo,3.5
PROD-04842,Vitaminas Multivitamínicas Aero 658,Salud y Cuidado Personal,Aero,2106.99,872.1,152,Activo,3.4
PROD-04843,Mochila de Senderismo Titan 330,Deportes y Aire Libre,Titan,5684.13,3274.9,293,Activo,3.2
PROD-04844,Dron para Niños Apex 932,Juguetes y Juegos,Apex,1964.84,1042.37,10,Activo,4.3
PROD-04845,Cámara DSLR Apex 768,Electrónica,Apex,11605.91,7796.69,83,Activo,3.7
PROD-04846,Gafas de Sol Apex 595,Ropa y Moda,Apex,1897.3,1184.68,150,Activo,5.0
PROD-04847,Chamarra de Pluma Aero 107,Ropa y Moda,Aero,1664.13,884.18,235,Activo,3.6
PROD-04848,Guantes de Gimnasio Titan 388,Deportes y Aire Libre,Titan,4671.72,2518.23,26,Activo,4.4
PROD-04849,Cafetera de Goteo Apex 346,Hogar y Cocina,Apex,6781.16,4075.33,497,Activo,3.6
PROD-04850,Calcetines Transpirables EcoLife 597,Ropa y Moda,EcoLife,2295.38,1079.11,146,Activo,3.3
PROD-04851,Comic Edición de Colección Vortex 698,Libros y Entretenimiento,Vortex,853.37,493.52,477,Activo,4.6
PROD-04852,Bandas de Resistencia Vortex 873,Deportes y Aire Libre,Vortex,2327.54,1440.54,25,Activo,3.8
PROD-04853,Organizador de Escritorio Krono 692,Papelería y Oficina,Krono,809.17,326.36,166,Activo,3.0
PROD-04854,Chamarra de Pluma Apex 929,Ropa y Moda,Apex,1972.8,820.66,167,Activo,3.1
PROD-04855,Dron para Niños Lumix 928,Juguetes y Juegos,Lumix,258.07,172.94,422,Activo,4.2
PROD-04856,Lámpara de Escritorio EcoLife 224,Hogar y Cocina,EcoLife,5307.32,3068.35,266,Activo,4.8
PROD-04857,Rasuradora Eléctrica Nexa 998,Salud y Cuidado Personal,Nexa,669.02,302.18,416,Activo,3.8
PROD-04858,Set de Bolígrafos Zenith 954,Papelería y Oficina,Zenith,1714.29,947.38,366,Activo,3.0
PROD-04859,Libro de Desarrollo Personal EcoLife 358,Libros y Entretenimiento,EcoLife,1447.88,760.48,200,Activo,4.8
PROD-04860,Juego de Cuchillos Zenith 246,Hogar y Cocina,Zenith,7365.83,4694.75,331,Activo,4.8
PROD-04861,Post-it Adhesivos Apex 265,Papelería y Oficina,Apex,280.36,138.34,69,Activo,5.0
PROD-04862,Carpeta de Argollas EcoLife 920,Papelería y Oficina,EcoLife,826.36,430.18,413,Activo,3.6
PROD-04863,Kit de Cuidado Facial Nova 247,Salud y Cuidado Personal,Nova,1215.81,492.74,104,Activo,3.2
PROD-04864,Gel Antiséptico EcoLife 617,Salud y Cuidado Personal,EcoLife,839.69,400.03,111,Activo,4.6
PROD-04865,Crema Hidratante ProStyle 857,Salud y Cuidado Personal,ProStyle,914.17,469.67,472,Activo,3.8
PROD-04866,Carpeta de Argollas EcoLife 644,Papelería y Oficina,EcoLife,71.64,42.95,419,Activo,3.3
PROD-04867,Rasuradora Eléctrica Lumix 402,Salud y Cuidado Personal,Lumix,1340.92,547.22,78,Activo,3.2
PROD-04868,Peluche Gigante ProStyle 303,Juguetes y Juegos,ProStyle,2801.06,1752.86,367,Activo,3.8
PROD-04869,Casco de Ciclismo Titan 243,Deportes y Aire Libre,Titan,6893.12,3664.45,359,Activo,3.2
PROD-04870,Vestido Casual Nexa 724,Ropa y Moda,Nexa,2125.92,1035.8,105,Activo,3.2
PROD-04871,Masajeador Cervical ProStyle 847,Salud y Cuidado Personal,ProStyle,1918.14,1023.66,81,Activo,4.2
PROD-04872,Marcadores de Colores ProStyle 596,Papelería y Oficina,ProStyle,1118.18,713.39,303,Activo,4.6
PROD-04873,Juego de Mesa Familiar Titan 693,Juguetes y Juegos,Titan,871.69,517.11,329,Activo,4.1
PROD-04874,Enciclopedia Ilustrada EcoLife 722,Libros y Entretenimiento,EcoLife,1518.82,692.92,282,Activo,3.4
PROD-04875,Cuento Infantil Ilustrado ProStyle 834,Libros y Entretenimiento,ProStyle,2862.61,1356.26,330,Activo,3.9
PROD-04876,Tapete de Yoga Vortex 311,Deportes y Aire Libre,Vortex,3817.78,2447.65,359,Activo,3.1
PROD-04877,Rasuradora Eléctrica Lumix 966,Salud y Cuidado Personal,Lumix,1246.7,808.02,83,Activo,3.1
PROD-04878,Carro a Control Remoto Urban 604,Juguetes y Juegos,Urban,1020.44,515.12,257,Activo,3.8
PROD-04879,Smartphone Pro Aero 876,Electrónica,Aero,5882.1,3569.75,80,Activo,4.2
PROD-04880,Kit de Cuidado Facial Apex 773,Salud y Cuidado Personal,Apex,348.52,163.17,437,Activo,4.4
PROD-04881,Guía de Viajes Nova 876,Libros y Entretenimiento,Nova,1861.12,920.21,484,Activo,3.2
PROD-04882,Dron para Niños EcoLife 388,Juguetes y Juegos,EcoLife,1776.0,950.56,341,Activo,3.5
PROD-04883,Pista de Carreras Vortex 872,Juguetes y Juegos,Vortex,2865.15,1504.69,311,Activo,4.3
PROD-04884,Cafetera de Goteo ProStyle 640,Hogar y Cocina,ProStyle,1797.82,941.72,280,Activo,4.7
PROD-04885,Gafas de Sol Apex 304,Ropa y Moda,Apex,2493.85,1339.22,311,Activo,3.5
PROD-04886,Post-it Adhesivos Zenith 835,Papelería y Oficina,Zenith,1208.51,508.73,420,Activo,4.4
PROD-04887,Laptop Gamer Titan 781,Electrónica,Titan,1809.97,1223.46,85,Activo,4.0
PROD-04888,Smartphone Pro Lumix 230,Electrónica,Lumix,8834.21,4887.14,225,Activo,3.3
PROD-04889,Pantalón Mezclilla Titan 190,Ropa y Moda,Titan,1253.64,615.32,114,Activo,3.2
PROD-04890,Cepillo Eléctrico ProStyle 963,Salud y Cuidado Personal,ProStyle,716.82,355.22,440,Activo,3.3
PROD-04891,Bicicleta de Montaña Nova 967,Deportes y Aire Libre,Nova,5050.06,3344.93,32,Activo,4.0
PROD-04892,Muñeca Articulada Zenith 919,Juguetes y Juegos,Zenith,536.1,263.24,274,Activo,4.3
PROD-04893,Libro de Finanzas Personales Apex 708,Libros y Entretenimiento,Apex,1170.79,634.18,462,Activo,5.0
PROD-04894,Cuento Infantil Ilustrado Aero 315,Libros y Entretenimiento,Aero,497.64,329.17,432,Activo,3.5
PROD-04895,Guía de Viajes ProStyle 483,Libros y Entretenimiento,ProStyle,1690.87,1153.81,376,Activo,3.6
PROD-04896,Cinturón de Piel EcoLife 230,Ropa y Moda,EcoLife,792.4,430.17,365,Activo,3.6
PROD-04897,Manual de Cocina Krono 665,Libros y Entretenimiento,Krono,3329.93,1642.79,34,Activo,3.5
PROD-04898,Vitaminas Multivitamínicas Nova 323,Salud y Cuidado Personal,Nova,502.94,222.57,316,Activo,3.2
PROD-04899,Pelota de Fútbol Aero 776,Deportes y Aire Libre,Aero,944.4,612.16,493,Activo,4.6
PROD-04900,Vestido Casual Nexa 653,Ropa y Moda,Nexa,1751.69,937.46,368,Activo,4.8
PROD-04901,Muñeca Articulada EcoLife 365,Juguetes y Juegos,EcoLife,656.24,304.46,267,Activo,3.3
PROD-04902,Silla Ergonómica Nexa 250,Papelería y Oficina,Nexa,1616.5,947.03,50,Activo,4.9
PROD-04903,Vitaminas Multivitamínicas Lumix 278,Salud y Cuidado Personal,Lumix,1447.71,785.52,350,Activo,4.8
PROD-04904,Kit de Pintura Vortex 543,Juguetes y Juegos,Vortex,1919.95,965.9,203,Activo,4.7
PROD-04905,Set de Bolígrafos Urban 236,Papelería y Oficina,Urban,1487.42,668.39,191,Activo,4.1
PROD-04906,Cafetera de Goteo Urban 572,Hogar y Cocina,Urban,2239.58,1158.58,42,Activo,5.0
PROD-04907,Carpeta de Argollas Apex 520,Papelería y Oficina,Apex,83.0,40.51,325,Activo,3.8
PROD-04908,Cuerda para Saltar Krono 141,Deportes y Aire Libre,Krono,6679.56,3830.61,341,Activo,3.4
PROD-04909,Aspiradora Robot Zenith 943,Hogar y Cocina,Zenith,2365.49,1263.95,344,Activo,3.5
PROD-04910,Biografía Histórica Urban 930,Libros y Entretenimiento,Urban,350.71,231.89,45,Activo,3.9
PROD-04911,Protector Solar Aero 320,Salud y Cuidado Personal,Aero,1360.15,813.39,103,Activo,5.0
PROD-04912,Freidora de Aire Aero 621,Hogar y Cocina,Aero,3341.77,1752.9,98,Activo,3.3
PROD-04913,Cafetera de Goteo Zenith 458,Hogar y Cocina,Zenith,5981.55,3596.26,479,Activo,3.3
PROD-04914,Purificador de Aire EcoLife 857,Hogar y Cocina,EcoLife,1959.46,1007.64,147,Activo,3.6
PROD-04915,Sudadera con Capucha Zenith 902,Ropa y Moda,Zenith,1527.03,814.55,162,Activo,4.2
PROD-04916,Rompecabezas 1000 piezas EcoLife 310,Juguetes y Juegos,EcoLife,2354.55,1194.48,133,Activo,3.6
PROD-04917,Cuerda para Saltar Lumix 573,Deportes y Aire Libre,Lumix,8005.06,4985.06,157,Activo,3.7
PROD-04918,Protector Solar Lumix 826,Salud y Cuidado Personal,Lumix,1806.55,867.7,191,Activo,4.6
PROD-04919,Cepillo Eléctrico Nova 241,Salud y Cuidado Personal,Nova,2026.83,1193.63,384,Activo,3.7
PROD-04920,Kit de Pintura Apex 974,Juguetes y Juegos,Apex,2907.87,1927.62,312,Activo,3.1
PROD-04921,Silla Ergonómica Titan 299,Papelería y Oficina,Titan,774.67,438.91,246,Activo,4.7
PROD-04922,Bocina Portátil Lumix 927,Electrónica,Lumix,19494.03,12945.87,279,Activo,3.3
PROD-04923,Rompecabezas 1000 piezas Aero 674,Juguetes y Juegos,Aero,1387.7,728.48,427,Activo,4.7
PROD-04924,Organizador de Escritorio ProStyle 170,Papelería y Oficina,ProStyle,1751.31,1018.57,447,Activo,4.9
PROD-04925,Smartphone Pro Lumix 729,Electrónica,Lumix,24342.33,14436.31,146,Activo,4.7
PROD-04926,Carpeta de Argollas Apex 219,Papelería y Oficina,Apex,1714.58,690.75,194,Activo,4.8
PROD-04927,Bicicleta de Montaña Vortex 744,Deportes y Aire Libre,Vortex,5389.15,3050.98,145,Activo,3.6
PROD-04928,Tablet 10 pulgadas Nexa 775,Electrónica,Nexa,20080.51,13523.82,86,Activo,4.6
PROD-04929,Rompecabezas 1000 piezas ProStyle 772,Juguetes y Juegos,ProStyle,3116.46,2118.61,467,Activo,4.9
PROD-04930,Peluche Gigante Urban 303,Juguetes y Juegos,Urban,2468.67,1200.3,402,Activo,3.7
PROD-04931,Mochila de Senderismo Nexa 562,Deportes y Aire Libre,Nexa,1540.83,904.61,94,Activo,3.1
PROD-04932,Vitaminas Multivitamínicas ProStyle 693,Salud y Cuidado Personal,ProStyle,1759.46,790.91,63,Activo,3.3
PROD-04933,Set de Bolígrafos EcoLife 399,Papelería y Oficina,EcoLife,253.65,159.9,323,Activo,3.6
PROD-04934,Smartwatch ProStyle 620,Electrónica,ProStyle,4390.36,3263.94,470,Activo,4.8
PROD-04935,Enciclopedia Ilustrada Urban 819,Libros y Entretenimiento,Urban,2571.94,1194.17,320,Activo,4.3
PROD-04936,Mochila de Senderismo Krono 659,Deportes y Aire Libre,Krono,6960.49,3792.0,369,Activo,3.3
PROD-04937,Novela de Ficción Aero 581,Libros y Entretenimiento,Aero,2717.32,1654.05,448,Activo,3.4
PROD-04938,Comic Edición de Colección Lumix 262,Libros y Entretenimiento,Lumix,1177.61,679.68,5,Activo,4.0
PROD-04939,Dron para Niños Apex 338,Juguetes y Juegos,Apex,2602.5,1689.04,240,Activo,3.1
PROD-04940,Masajeador Cervical Krono 415,Salud y Cuidado Personal,Krono,235.96,104.35,204,Activo,3.3
PROD-04941,Libro de Poesía Apex 125,Libros y Entretenimiento,Apex,2210.17,1398.71,240,Activo,4.8
PROD-04942,Cuerda para Saltar Krono 690,Deportes y Aire Libre,Krono,8402.51,4330.13,158,Activo,4.9
PROD-04943,Set de Bolígrafos Krono 798,Papelería y Oficina,Krono,578.01,307.89,471,Activo,4.4
PROD-04944,Chamarra de Pluma Nexa 289,Ropa y Moda,Nexa,427.25,207.95,208,Activo,4.1
PROD-04945,Cámara DSLR Vortex 738,Electrónica,Vortex,8343.73,4950.03,432,Activo,4.9
PROD-04946,Vitaminas Multivitamínicas EcoLife 417,Salud y Cuidado Personal,EcoLife,1435.66,610.29,199,Activo,4.1
PROD-04947,Cepillo Eléctrico Krono 840,Salud y Cuidado Personal,Krono,1255.76,608.18,26,Activo,4.0
PROD-04948,Vestido Casual Zenith 573,Ropa y Moda,Zenith,1731.03,973.53,470,Activo,4.5
PROD-04949,Vestido Casual Nexa 560,Ropa y Moda,Nexa,496.13,236.06,284,Activo,4.8
PROD-04950,Post-it Adhesivos Vortex 273,Papelería y Oficina,Vortex,1838.24,998.92,39,Activo,3.9
PROD-04951,Juego de Sartenes Apex 786,Hogar y Cocina,Apex,6208.97,4325.89,254,Activo,4.2
PROD-04952,Post-it Adhesivos Lumix 542,Papelería y Oficina,Lumix,73.1,37.4,288,Activo,4.5
PROD-04953,Set de Bloques de Construcción Nova 174,Juguetes y Juegos,Nova,352.69,228.58,314,Activo,3.1
PROD-04954,Rompecabezas 1000 piezas Zenith 587,Juguetes y Juegos,Zenith,211.99,107.16,70,Activo,4.6
PROD-04955,Carro a Control Remoto Nova 493,Juguetes y Juegos,Nova,1714.87,1006.28,131,Activo,4.0
PROD-04956,Monitor 4K Urban 683,Electrónica,Urban,19602.99,11924.02,443,Activo,4.1
PROD-04957,Vitaminas Multivitamínicas Vortex 399,Salud y Cuidado Personal,Vortex,2263.01,922.79,300,Activo,4.0
PROD-04958,Guía de Viajes EcoLife 619,Libros y Entretenimiento,EcoLife,1771.84,1077.96,288,Activo,4.4
PROD-04959,Destrozadora de Papel Lumix 308,Papelería y Oficina,Lumix,997.22,542.3,5,Activo,3.8
PROD-04960,Kit de Pintura Apex 300,Juguetes y Juegos,Apex,2947.1,1728.39,342,Activo,3.3
PROD-04961,Peluche Gigante Lumix 109,Juguetes y Juegos,Lumix,1241.51,852.65,306,Activo,4.4
PROD-04962,Aspiradora Robot ProStyle 405,Hogar y Cocina,ProStyle,5774.5,4027.62,285,Activo,3.7
PROD-04963,Comic Edición de Colección Lumix 999,Libros y Entretenimiento,Lumix,3330.85,1606.4,192,Activo,4.7
PROD-04964,Cuento Infantil Ilustrado Urban 282,Libros y Entretenimiento,Urban,416.5,286.88,469,Activo,3.8
PROD-04965,Monitor 4K Nova 318,Electrónica,Nova,23141.57,17063.31,272,Activo,4.1
PROD-04966,Libro de Finanzas Personales ProStyle 597,Libros y Entretenimiento,ProStyle,2293.62,1277.99,454,Activo,5.0
PROD-04967,Smartwatch Lumix 731,Electrónica,Lumix,10774.7,6121.02,148,Activo,3.7
PROD-04968,Secadora de Cabello Lumix 902,Salud y Cuidado Personal,Lumix,1397.69,625.1,360,Activo,4.0
PROD-04969,Audífonos Bluetooth Aero 953,Electrónica,Aero,18019.0,12072.15,45,Activo,4.6
PROD-04970,Libro de Poesía Urban 860,Libros y Entretenimiento,Urban,116.41,72.39,364,Activo,4.7
PROD-04971,Libro de Finanzas Personales Urban 416,Libros y Entretenimiento,Urban,2433.19,1620.15,318,Activo,3.6
PROD-04972,Muñeca Articulada Titan 242,Juguetes y Juegos,Titan,699.48,324.47,280,Activo,4.6
PROD-04973,Sudadera con Capucha Aero 141,Ropa y Moda,Aero,2045.34,1185.65,156,Activo,5.0
PROD-04974,Cepillo Eléctrico Krono 644,Salud y Cuidado Personal,Krono,1668.35,865.96,172,Activo,4.7
PROD-04975,Enciclopedia Ilustrada Nexa 445,Libros y Entretenimiento,Nexa,2931.42,1978.19,430,Activo,5.0
PROD-04976,Cafetera de Goteo ProStyle 424,Hogar y Cocina,ProStyle,4837.71,2960.38,282,Activo,3.3
PROD-04977,Post-it Adhesivos Apex 531,Papelería y Oficina,Apex,2286.23,1111.5,421,Activo,4.7
PROD-04978,Mancuernas Ajustables EcoLife 297,Deportes y Aire Libre,EcoLife,3560.65,2296.22,387,Activo,3.2
PROD-04979,Comic Edición de Colección Vortex 975,Libros y Entretenimiento,Vortex,349.16,184.04,231,Activo,3.2
PROD-04980,Bandas de Resistencia Titan 653,Deportes y Aire Libre,Titan,1744.28,1172.96,376,Activo,4.9
PROD-04981,Crema Hidratante Apex 728,Salud y Cuidado Personal,Apex,1903.86,1196.24,89,Activo,3.0
PROD-04982,Pista de Carreras Titan 615,Juguetes y Juegos,Titan,3282.82,1494.69,360,Activo,4.2
PROD-04983,Pelota de Fútbol Vortex 689,Deportes y Aire Libre,Vortex,6976.66,3538.16,239,Activo,3.9
PROD-04984,Monitor 4K Apex 181,Electrónica,Apex,1164.63,858.04,471,Activo,4.3
PROD-04985,Calculadora Científica Nova 102,Papelería y Oficina,Nova,1394.99,674.04,121,Activo,3.3
PROD-04986,Monitor 4K Aero 219,Electrónica,Aero,22069.7,12569.73,254,Activo,3.0
PROD-04987,Gel Antiséptico ProStyle 164,Salud y Cuidado Personal,ProStyle,1503.55,607.59,473,Activo,3.5
PROD-04988,Secadora de Cabello Lumix 974,Salud y Cuidado Personal,Lumix,1024.27,573.22,59,Activo,4.7
PROD-04989,Sudadera con Capucha Lumix 280,Ropa y Moda,Lumix,1483.59,914.63,359,Activo,3.7
PROD-04990,Destrozadora de Papel Urban 559,Papelería y Oficina,Urban,843.36,413.83,225,Activo,4.5
PROD-04991,Calcetines Transpirables Nexa 119,Ropa y Moda,Nexa,1849.16,756.46,135,Activo,3.9
PROD-04992,Dron para Niños EcoLife 172,Juguetes y Juegos,EcoLife,2609.87,1754.62,140,Activo,3.4
PROD-04993,Bocina Portátil Urban 239,Electrónica,Urban,17076.97,9787.17,135,Activo,4.3
PROD-04994,Crema Hidratante Titan 452,Salud y Cuidado Personal,Titan,2467.56,1195.11,38,Activo,3.0
PROD-04995,Monitor 4K Vortex 944,Electrónica,Vortex,13260.37,8905.21,438,Activo,4.4
PROD-04996,Juego de Cuchillos Vortex 124,Hogar y Cocina,Vortex,8199.4,4164.0,137,Activo,3.5
PROD-04997,Licuadora de Alta Potencia EcoLife 709,Hogar y Cocina,EcoLife,7960.6,4210.79,389,Activo,4.3
PROD-04998,Sartén Antiadherente Lumix 381,Hogar y Cocina,Lumix,1367.16,856.72,261,Activo,3.3
PROD-04999,Calculadora Científica EcoLife 888,Papelería y Oficina,EcoLife,1519.02,703.73,37,Activo,4.0
PROD-05000,Sudadera con Capucha Aero 737,Ropa y Moda,Aero,1846.89,1065.12,19,Activo,4.7
