CAM-0001,Cámara Canon EOS M50,Cámara mirrorless compacta con resolución 4K y sensor APS-C.,269.13,98
LAP-0002,Laptop Lenovo ThinkPad X1 Carbon,Laptop gamer de última generación con tarjeta gráfica dedicada y pantalla 144Hz.,1817.16,8
TEL-0003,Teléfono Xiaomi 13 Pro,"Dispositivo con carga superrápida, batería de larga duración y pantalla de 120Hz.",464.32,70
AUD-0004,Audífonos Sennheiser Momentum 4,Diadema ergonómica con graves profundos y batería de más de 30 horas.,460.70,14
MON-0005,Monitor BenQ EW3270U,Monitor gaming con tasa de refresco rápida y tiempo de respuesta de 1ms.,1189.54,95
REL-0006,Reloj Huawei Watch GT 3,Smartwatch deportivo resistente al agua con sensores de salud avanzados.,1510.64,11
TECL-0007,Teclado Redragon Kumara K552,Teclado mecánico compacto hot-swappable ideal para programación y oficina.,626.09,20
RAT-0008,Ratón Microsoft Bluetooth Ergonomic,Ratón óptico ultraligero con cable mallado suave y deslizamiento perfecto.,443.10,49
TAB-0009,Tableta Huawei MatePad 11,Tableta versátil con pantalla de alta resolución ideal para estudio y entretenimiento.,888.30,48
ACC-0010,Webcam Logitech C920 HD Pro,Dispositivo de almacenamiento rápido y confiable para respaldos de datos.,1092.51,55
CAM-0011,Cámara Canon EOS M50,Cámara de acción resistente al agua con estabilización de imagen avanzada.,868.27,72
LAP-0012,Laptop Lenovo ThinkPad X1 Carbon,"Equipo portátil para trabajo pesado, edición de video y multitarea.",910.08,85
TEL-0013,Teléfono Xiaomi 13 Pro,Smartphone de gama alta con pantalla AMOLED y cámara de alta resolución.,503.96,88
AUD-0014,Audífonos Sennheiser Momentum 4,Auriculares in-ear con audio espacial y estuche de carga inalámbrica.,217.25,90
MON-0015,Monitor BenQ EW3270U,Monitor curvo e inmersivo con panel IPS e iluminación de baja fatiga visual.,1834.51,2
REL-0016,Reloj Huawei Watch GT 3,Reloj inteligente elegante con control de notificaciones y seguimiento fit.,697.10,62
TECL-0017,Teclado Redragon Kumara K552,Teclado mecánico gamer con retroiluminación RGB configurable.,999.41,39
RAT-0018,Ratón Microsoft Bluetooth Ergonomic,Ratón gamer ligero de alta precisión con sensor óptico de alta definición.,357.49,85
TAB-0019,Tableta Huawei MatePad 11,Dispositivo multimedia portátil con altavoces estéreo y gran autonomía.,1291.70,67
ACC-0020,Webcam Logitech C920 HD Pro,Componente de conectividad portátil para expandir los puertos de tus dispositivos.,1722.22,88
CAM-0021,Cámara Canon EOS M50,Cámara mirrorless compacta con resolución 4K y sensor APS-C.,326.75,89
LAP-0022,Laptop Lenovo ThinkPad X1 Carbon,Laptop gamer de última generación con tarjeta gráfica dedicada y pantalla 144Hz.,1821.26,18
TEL-0023,Teléfono Xiaomi 13 Pro,"Dispositivo con carga superrápida, batería de larga duración y pantalla de 120Hz.",1758.44,38
AUD-0024,Audífonos Sennheiser Momentum 4,Diadema ergonómica con graves profundos y batería de más de 30 horas.,1358.04,75
MON-0025,Monitor BenQ EW3270U,Monitor gaming con tasa de refresco rápida y tiempo de respuesta de 1ms.,726.19,2
REL-0026,Reloj Huawei Watch GT 3,Smartwatch deportivo resistente al agua con sensores de salud avanzados.,1423.89,26
TECL-0027,Teclado Redragon Kumara K552,Teclado mecánico compacto hot-swappable ideal para programación y oficina.,1237.76,90
RAT-0028,Ratón Microsoft Bluetooth Ergonomic,Ratón óptico ultraligero con cable mallado suave y deslizamiento perfecto.,228.80,17
TAB-0029,Tableta Huawei MatePad 11,Tableta versátil con pantalla de alta resolución ideal para estudio y entretenimiento.,1048.65,45
ACC-0030,Webcam Logitech C920 HD Pro,Dispositivo de almacenamiento rápido y confiable para respaldos de datos.,1031.62,38
CAM-0031,Cámara Canon EOS M50,Cámara de acción resistente al agua con estabilización de imagen avanzada.,39.12,15
LAP-0032,Laptop Lenovo ThinkPad X1 Carbon,"Equipo portátil para trabajo pesado, edición de video y multitarea.",161.85,28
TEL-0033,Teléfono Xiaomi 13 Pro,Smartphone de gama alta con pantalla AMOLED y cámara de alta resolución.,1090.49,81
AUD-0034,Audífonos Sennheiser Momentum 4,Auriculares in-ear con audio espacial y estuche de carga inalámbrica.,1012.50,75
MON-0035,Monitor BenQ EW3270U,Monitor curvo e inmersivo con panel IPS e iluminación de baja fatiga visual.,1049.73,97
REL-0036,Reloj Huawei Watch GT 3,Reloj inteligente elegante con control de notificaciones y seguimiento fit.,635.26,3
TECL-0037,Teclado Redragon Kumara K552,Teclado mecánico gamer con retroiluminación RGB configurable.,1300.89,12
RAT-0038,Ratón Microsoft Bluetooth Ergonomic,Ratón gamer ligero de alta precisión con sensor óptico de alta definición.,1220.76,55
TAB-0039,Tableta Huawei MatePad 11,Dispositivo multimedia portátil con altavoces estéreo y gran autonomía.,411.35,50
ACC-0040,Webcam Logitech C920 HD Pro,Componente de conectividad portátil para expandir los puertos de tus dispositivos.,880.01,68
CAM-0041,Cámara Canon EOS M50,Cámara mirrorless compacta con resolución 4K y sensor APS-C.,733.83,30
LAP-0042,Laptop Lenovo ThinkPad X1 Carbon,Laptop gamer de última generación con tarjeta gráfica dedicada y pantalla 144Hz.,1220.67,4
TEL-0043,Teléfono Xiaomi 13 Pro,"Dispositivo con carga superrápida, batería de larga duración y pantalla de 120Hz.",88.62,90
AUD-0044,Audífonos Sennheiser Momentum 4,Diadema ergonómica con graves profundos y batería de más de 30 horas.,785.67,70
MON-0045,Monitor BenQ EW3270U,Monitor gaming con tasa de refresco rápida y tiempo de respuesta de 1ms.,528.20,63
REL-0046,Reloj Huawei Watch GT 3,Smartwatch deportivo resistente al agua con sensores de salud avanzados.,1689.49,52
TECL-0047,Teclado Redragon Kumara K552,Teclado mecánico compacto hot-swappable ideal para programación y oficina.,678.87,56
RAT-0048,Ratón Microsoft Bluetooth Ergonomic,Ratón óptico ultraligero con cable mallado suave y deslizamiento perfecto.,1048.72,17
TAB-0049,Tableta Huawei MatePad 11,Tableta versátil con pantalla de alta resolución ideal para estudio y entretenimiento.,142.00,53
ACC-0050,Webcam Logitech C920 HD Pro,Dispositivo de almacenamiento rápido y confiable para respaldos de datos.,953.35,35
CAM-0051,Cámara Canon EOS M50,Cámara de acción resistente al agua con estabilización de imagen avanzada.,474.78,65
LAP-0052,Laptop Lenovo ThinkPad X1 Carbon,"Equipo portátil para trabajo pesado, edición de video y multitarea.",1859.21,7
TEL-0053,Teléfono Xiaomi 13 Pro,Smartphone de gama alta con pantalla AMOLED y cámara de alta resolución.,1178.68,28
AUD-0054,Audífonos Sennheiser Momentum 4,Auriculares in-ear con audio espacial y estuche de carga inalámbrica.,1737.29,18
MON-0055,Monitor BenQ EW3270U,Monitor curvo e inmersivo con panel IPS e iluminación de baja fatiga visual.,186.19,26
REL-0056,Reloj Huawei Watch GT 3,Reloj inteligente elegante con control de notificaciones y seguimiento fit.,1835.78,72
TECL-0057,Teclado Redragon Kumara K552,Teclado mecánico gamer con retroiluminación RGB configurable.,96.18,76
RAT-0058,Ratón Microsoft Bluetooth Ergonomic,Ratón gamer ligero de alta precisión con sensor óptico de alta definición.,1110.14,27
TAB-0059,Tableta Huawei MatePad 11,Dispositivo multimedia portátil con altavoces estéreo y gran autonomía.,438.36,84
ACC-0060,Webcam Logitech C920 HD Pro,Componente de conectividad portátil para expandir los puertos de tus dispositivos.,595.90,74
CAM-0061,Cámara Canon EOS M50,Cámara mirrorless compacta con resolución 4K y sensor APS-C.,947.60,72
LAP-0062,Laptop Lenovo ThinkPad X1 Carbon,Laptop gamer de última generación con tarjeta gráfica dedicada y pantalla 144Hz.,1764.33,23
TEL-0063,Teléfono Xiaomi 13 Pro,"Dispositivo con carga superrápida, batería de larga duración y pantalla de 120Hz.",854.63,38
AUD-0064,Audífonos Sennheiser Momentum 4,Diadema ergonómica con graves profundos y batería de más de 30 horas.,913.07,81
MON-0065,Monitor BenQ EW3270U,Monitor gaming con tasa de refresco rápida y tiempo de respuesta de 1ms.,797.37,37
REL-0066,Reloj Huawei Watch GT 3,Smartwatch deportivo resistente al agua con sensores de salud avanzados.,149.39,56
TECL-0067,Teclado Redragon Kumara K552,Teclado mecánico compacto hot-swappable ideal para programación y oficina.,156.90,99
RAT-0068,Ratón Microsoft Bluetooth Ergonomic,Ratón óptico ultraligero con cable mallado suave y deslizamiento perfecto.,1413.29,89
TAB-0069,Tableta Huawei MatePad 11,Tableta versátil con pantalla de alta resolución ideal para estudio y entretenimiento.,1305.10,13
ACC-0070,Webcam Logitech C920 HD Pro,Dispositivo de almacenamiento rápido y confiable para respaldos de datos.,1730.00,38
CAM-0071,Cámara Canon EOS M50,Cámara de acción resistente al agua con estabilización de imagen avanzada.,625.94,80
LAP-0072,Laptop Lenovo ThinkPad X1 Carbon,"Equipo portátil para trabajo pesado, edición de video y multitarea.",154.33,77
TEL-0073,Teléfono Xiaomi 13 Pro,Smartphone de gama alta con pantalla AMOLED y cámara de alta resolución.,543.16,65
AUD-0074,Audífonos Sennheiser Momentum 4,Auriculares in-ear con audio espacial y estuche de carga inalámbrica.,1635.72,66
MON-0075,Monitor BenQ EW3270U,Monitor curvo e inmersivo con panel IPS e iluminación de baja fatiga visual.,865.38,56
REL-0076,Reloj Huawei Watch GT 3,Reloj inteligente elegante con control de notificaciones y seguimiento fit.,714.12,50
TECL-0077,Teclado Redragon Kumara K552,Teclado mecánico gamer con retroiluminación RGB configurable.,1521.52,42
RAT-0078,Ratón Microsoft Bluetooth Ergonomic,Ratón gamer ligero de alta precisión con sensor óptico de alta definición.,1550.47,13
TAB-0079,Tableta Huawei MatePad 11,Dispositivo multimedia portátil con altavoces estéreo y gran autonomía.,289.80,45
ACC-0080,Webcam Logitech C920 HD Pro,Componente de conectividad portátil para expandir los puertos de tus dispositivos.,527.48,70
CAM-0081,Cámara Canon EOS M50,Cámara mirrorless compacta con resolución 4K y sensor APS-C.,969.18,59
LAP-0082,Laptop Lenovo ThinkPad X1 Carbon,Laptop gamer de última generación con tarjeta gráfica dedicada y pantalla 144Hz.,288.64,63
TEL-0083,Teléfono Xiaomi 13 Pro,"Dispositivo con carga superrápida, batería de larga duración y pantalla de 120Hz.",950.75,59
AUD-0084,Audífonos Sennheiser Momentum 4,Diadema ergonómica con graves profundos y batería de más de 30 horas.,1394.19,100
MON-0085,Monitor BenQ EW3270U,Monitor gaming con tasa de refresco rápida y tiempo de respuesta de 1ms.,392.02,79
REL-0086,Reloj Huawei Watch GT 3,Smartwatch deportivo resistente al agua con sensores de salud avanzados.,1507.22,4
TECL-0087,Teclado Redragon Kumara K552,Teclado mecánico compacto hot-swappable ideal para programación y oficina.,290.97,25
RAT-0088,Ratón Microsoft Bluetooth Ergonomic,Ratón óptico ultraligero con cable mallado suave y deslizamiento perfecto.,764.86,25
TAB-0089,Tableta Huawei MatePad 11,Tableta versátil con pantalla de alta resolución ideal para estudio y entretenimiento.,168.76,78
ACC-0090,Webcam Logitech C920 HD Pro,Dispositivo de almacenamiento rápido y confiable para respaldos de datos.,399.71,12
CAM-0091,Cámara Canon EOS M50,Cámara de acción resistente al agua con estabilización de imagen avanzada.,173.34,23
LAP-0092,Laptop Lenovo ThinkPad X1 Carbon,"Equipo portátil para trabajo pesado, edición de video y multitarea.",809.24,73
TEL-0093,Teléfono Xiaomi 13 Pro,Smartphone de gama alta con pantalla AMOLED y cámara de alta resolución.,1734.84,64
AUD-0094,Audífonos Sennheiser Momentum 4,Auriculares in-ear con audio espacial y estuche de carga inalámbrica.,1046.16,16
MON-0095,Monitor BenQ EW3270U,Monitor curvo e inmersivo con panel IPS e iluminación de baja fatiga visual.,1448.13,66
REL-0096,Reloj Huawei Watch GT 3,Reloj inteligente elegante con control de notificaciones y seguimiento fit.,714.19,87
TECL-0097,Teclado Redragon Kumara K552,Teclado mecánico gamer con retroiluminación RGB configurable.,382.50,48
RAT-0098,Ratón Microsoft Bluetooth Ergonomic,Ratón gamer ligero de alta precisión con sensor óptico de alta definición.,687.44,6
TAB-0099,Tableta Huawei MatePad 11,Dispositivo multimedia portátil con altavoces estéreo y gran autonomía.,777.08,26
ACC-0100,Webcam Logitech C920 HD Pro,Componente de conectividad portátil para expandir los puertos de tus dispositivos.,290.43,59
CAM-0101,Cámara Canon EOS M50 S,Cámara mirrorless compacta con resolución 4K y sensor APS-C.,1110.88,25
LAP-0102,Laptop Lenovo ThinkPad X1 Carbon S,Laptop gamer de última generación con tarjeta gráfica dedicada y pantalla 144Hz.,295.14,79
TEL-0103,Teléfono Xiaomi 13 Pro S,"Dispositivo con carga superrápida, batería de larga duración y pantalla de 120Hz.",1860.52,59
AUD-0104,Audífonos Sennheiser Momentum 4 S,Diadema ergonómica con graves profundos y batería de más de 30 horas.,1824.56,26
MON-0105,Monitor BenQ EW3270U S,Monitor gaming con tasa de refresco rápida y tiempo de respuesta de 1ms.,1670.33,45
REL-0106,Reloj Huawei Watch GT 3 S,Smartwatch deportivo resistente al agua con sensores de salud avanzados.,1354.92,62
TECL-0107,Teclado Redragon Kumara K552 S,Teclado mecánico compacto hot-swappable ideal para programación y oficina.,480.36,75
RAT-0108,Ratón Microsoft Bluetooth Ergonomic S,Ratón óptico ultraligero con cable mallado suave y deslizamiento perfecto.,261.89,11
TAB-0109,Tableta Huawei MatePad 11 S,Tableta versátil con pantalla de alta resolución ideal para estudio y entretenimiento.,542.72,59
ACC-0110,Webcam Logitech C920 HD Pro SE,Dispositivo de almacenamiento rápido y confiable para respaldos de datos.,1776.14,50
CAM-0111,Cámara Canon EOS M50 SE,Cámara de acción resistente al agua con estabilización de imagen avanzada.,1574.38,28
LAP-0112,Laptop Lenovo ThinkPad X1 Carbon SE,"Equipo portátil para trabajo pesado, edición de video y multitarea.",922.66,86
TEL-0113,Teléfono Xiaomi 13 Pro SE,Smartphone de gama alta con pantalla AMOLED y cámara de alta resolución.,73.56,93
AUD-0114,Audífonos Sennheiser Momentum 4 SE,Auriculares in-ear con audio espacial y estuche de carga inalámbrica.,469.91,13
MON-0115,Monitor BenQ EW3270U SE,Monitor curvo e inmersivo con panel IPS e iluminación de baja fatiga visual.,1703.87,26
REL-0116,Reloj Huawei Watch GT 3 SE,Reloj inteligente elegante con control de notificaciones y seguimiento fit.,1563.43,77
TECL-0117,Teclado Redragon Kumara K552 SE,Teclado mecánico gamer con retroiluminación RGB configurable.,468.34,22
RAT-0118,Ratón Microsoft Bluetooth Ergonomic SE,Ratón gamer ligero de alta precisión con sensor óptico de alta definición.,1355.48,24
TAB-0119,Tableta Huawei MatePad 11 SE,Dispositivo multimedia portátil con altavoces estéreo y gran autonomía.,1761.16,24
ACC-0120,Webcam Logitech C920 HD Pro Max,Componente de conectividad portátil para expandir los puertos de tus dispositivos.,986.13,25
CAM-0121,Cámara Canon EOS M50 Max,Cámara mirrorless compacta con resolución 4K y sensor APS-C.,180.47,75
LAP-0122,Laptop Lenovo ThinkPad X1 Carbon Max,Laptop gamer de última generación con tarjeta gráfica dedicada y pantalla 144Hz.,976.86,77
TEL-0123,Teléfono Xiaomi 13 Pro Max,"Dispositivo con carga superrápida, batería de larga duración y pantalla de 120Hz.",114.64,12
AUD-0124,Audífonos Sennheiser Momentum 4 Max,Diadema ergonómica con graves profundos y batería de más de 30 horas.,1826.10,71
MON-0125,Monitor BenQ EW3270U Max,Monitor gaming con tasa de refresco rápida y tiempo de respuesta de 1ms.,1711.70,29
REL-0126,Reloj Huawei Watch GT 3 Max,Smartwatch deportivo resistente al agua con sensores de salud avanzados.,1094.72,74
TECL-0127,Teclado Redragon Kumara K552 Max,Teclado mecánico compacto hot-swappable ideal para programación y oficina.,99.97,80
RAT-0128,Ratón Microsoft Bluetooth Ergonomic Max,Ratón óptico ultraligero con cable mallado suave y deslizamiento perfecto.,1787.01,31
TAB-0129,Tableta Huawei MatePad 11 Max,Tableta versátil con pantalla de alta resolución ideal para estudio y entretenimiento.,1120.20,67
ACC-0130,Webcam Logitech C920 HD Pro v1,Dispositivo de almacenamiento rápido y confiable para respaldos de datos.,995.25,35
CAM-0131,Cámara Canon EOS M50 v1,Cámara de acción resistente al agua con estabilización de imagen avanzada.,610.27,99
LAP-0132,Laptop Lenovo ThinkPad X1 Carbon v1,"Equipo portátil para trabajo pesado, edición de video y multitarea.",793.01,53
TEL-0133,Teléfono Xiaomi 13 Pro v1,Smartphone de gama alta con pantalla AMOLED y cámara de alta resolución.,946.37,62
AUD-0134,Audífonos Sennheiser Momentum 4 v1,Auriculares in-ear con audio espacial y estuche de carga inalámbrica.,928.07,26
MON-0135,Monitor BenQ EW3270U v1,Monitor curvo e inmersivo con panel IPS e iluminación de baja fatiga visual.,1277.39,81
REL-0136,Reloj Huawei Watch GT 3 v1,Reloj inteligente elegante con control de notificaciones y seguimiento fit.,1100.64,68
TECL-0137,Teclado Redragon Kumara K552 v1,Teclado mecánico gamer con retroiluminación RGB configurable.,152.33,53
RAT-0138,Ratón Microsoft Bluetooth Ergonomic v1,Ratón gamer ligero de alta precisión con sensor óptico de alta definición.,380.42,58
TAB-0139,Tableta Huawei MatePad 11 v1,Dispositivo multimedia portátil con altavoces estéreo y gran autonomía.,18.84,89
ACC-0140,Webcam Logitech C920 HD Pro v2,Componente de conectividad portátil para expandir los puertos de tus dispositivos.,1469.67,13
CAM-0141,Cámara Canon EOS M50 v2,Cámara mirrorless compacta con resolución 4K y sensor APS-C.,990.62,4
LAP-0142,Laptop Lenovo ThinkPad X1 Carbon v2,Laptop gamer de última generación con tarjeta gráfica dedicada y pantalla 144Hz.,1113.59,88
TEL-0143,Teléfono Xiaomi 13 Pro v2,"Dispositivo con carga superrápida, batería de larga duración y pantalla de 120Hz.",1723.59,6
AUD-0144,Audífonos Sennheiser Momentum 4 v2,Diadema ergonómica con graves profundos y batería de más de 30 horas.,860.53,59
MON-0145,Monitor BenQ EW3270U v2,Monitor gaming con tasa de refresco rápida y tiempo de respuesta de 1ms.,1655.97,55
REL-0146,Reloj Huawei Watch GT 3 v2,Smartwatch deportivo resistente al agua con sensores de salud avanzados.,267.19,80
TECL-0147,Teclado Redragon Kumara K552 v2,Teclado mecánico compacto hot-swappable ideal para programación y oficina.,1156.26,20
RAT-0148,Ratón Microsoft Bluetooth Ergonomic v2,Ratón óptico ultraligero con cable mallado suave y deslizamiento perfecto.,776.19,82
TAB-0149,Tableta Huawei MatePad 11 v2,Tableta versátil con pantalla de alta resolución ideal para estudio y entretenimiento.,149.96,33
ACC-0150,Webcam Logitech C920 HD Pro Pro,Dispositivo de almacenamiento rápido y confiable para respaldos de datos.,1568.04,52
CAM-0151,Cámara Canon EOS M50 Pro,Cámara de acción resistente al agua con estabilización de imagen avanzada.,1347.17,92
LAP-0152,Laptop Lenovo ThinkPad X1 Carbon Pro,"Equipo portátil para trabajo pesado, edición de video y multitarea.",1857.89,51
TEL-0153,Teléfono Xiaomi 13 Pro Pro,Smartphone de gama alta con pantalla AMOLED y cámara de alta resolución.,1887.49,10
AUD-0154,Audífonos Sennheiser Momentum 4 Pro,Auriculares in-ear con audio espacial y estuche de carga inalámbrica.,398.71,49
MON-0155,Monitor BenQ EW3270U Pro,Monitor curvo e inmersivo con panel IPS e iluminación de baja fatiga visual.,1110.38,70
REL-0156,Reloj Huawei Watch GT 3 Pro,Reloj inteligente elegante con control de notificaciones y seguimiento fit.,934.97,95
TECL-0157,Teclado Redragon Kumara K552 Pro,Teclado mecánico gamer con retroiluminación RGB configurable.,1168.33,29
RAT-0158,Ratón Microsoft Bluetooth Ergonomic Pro,Ratón gamer ligero de alta precisión con sensor óptico de alta definición.,1305.12,29
TAB-0159,Tableta Huawei MatePad 11 Pro,Dispositivo multimedia portátil con altavoces estéreo y gran autonomía.,759.27,87
ACC-0160,Webcam Logitech C920 HD Pro Plus,Componente de conectividad portátil para expandir los puertos de tus dispositivos.,246.85,44
CAM-0161,Cámara Canon EOS M50 Plus,Cámara mirrorless compacta con resolución 4K y sensor APS-C.,992.30,71
LAP-0162,Laptop Lenovo ThinkPad X1 Carbon Plus,Laptop gamer de última generación con tarjeta gráfica dedicada y pantalla 144Hz.,117.17,81
TEL-0163,Teléfono Xiaomi 13 Pro Plus,"Dispositivo con carga superrápida, batería de larga duración y pantalla de 120Hz.",1036.03,59
AUD-0164,Audífonos Sennheiser Momentum 4 Plus,Diadema ergonómica con graves profundos y batería de más de 30 horas.,195.60,39
MON-0165,Monitor BenQ EW3270U Plus,Monitor gaming con tasa de refresco rápida y tiempo de respuesta de 1ms.,47.69,92
REL-0166,Reloj Huawei Watch GT 3 Plus,Smartwatch deportivo resistente al agua con sensores de salud avanzados.,352.69,78
TECL-0167,Teclado Redragon Kumara K552 Plus,Teclado mecánico compacto hot-swappable ideal para programación y oficina.,447.10,12
RAT-0168,Ratón Microsoft Bluetooth Ergonomic Plus,Ratón óptico ultraligero con cable mallado suave y deslizamiento perfecto.,1420.62,67
TAB-0169,Tableta Huawei MatePad 11 Plus,Tableta versátil con pantalla de alta resolución ideal para estudio y entretenimiento.,497.40,80
ACC-0170,Webcam Logitech C920 HD Pro Ultra,Dispositivo de almacenamiento rápido y confiable para respaldos de datos.,1499.45,76
CAM-0171,Cámara Canon EOS M50 Ultra,Cámara de acción resistente al agua con estabilización de imagen avanzada.,1488.45,72
LAP-0172,Laptop Lenovo ThinkPad X1 Carbon Ultra,"Equipo portátil para trabajo pesado, edición de video y multitarea.",680.14,28
TEL-0173,Teléfono Xiaomi 13 Pro Ultra,Smartphone de gama alta con pantalla AMOLED y cámara de alta resolución.,626.64,86
AUD-0174,Audífonos Sennheiser Momentum 4 Ultra,Auriculares in-ear con audio espacial y estuche de carga inalámbrica.,1530.92,57
MON-0175,Monitor BenQ EW3270U Ultra,Monitor curvo e inmersivo con panel IPS e iluminación de baja fatiga visual.,852.41,7
REL-0176,Reloj Huawei Watch GT 3 Ultra,Reloj inteligente elegante con control de notificaciones y seguimiento fit.,71.94,99
TECL-0177,Teclado Redragon Kumara K552 Ultra,Teclado mecánico gamer con retroiluminación RGB configurable.,1839.40,64
RAT-0178,Ratón Microsoft Bluetooth Ergonomic Ultra,Ratón gamer ligero de alta precisión con sensor óptico de alta definición.,1803.19,72
TAB-0179,Tableta Huawei MatePad 11 Ultra,Dispositivo multimedia portátil con altavoces estéreo y gran autonomía.,1714.42,26
ACC-0180,Webcam Logitech C920 HD Pro Lite,Componente de conectividad portátil para expandir los puertos de tus dispositivos.,287.74,87
CAM-0181,Cámara Canon EOS M50 Lite,Cámara mirrorless compacta con resolución 4K y sensor APS-C.,1110.48,14
LAP-0182,Laptop Lenovo ThinkPad X1 Carbon Lite,Laptop gamer de última generación con tarjeta gráfica dedicada y pantalla 144Hz.,867.68,30
TEL-0183,Teléfono Xiaomi 13 Pro Lite,"Dispositivo con carga superrápida, batería de larga duración y pantalla de 120Hz.",219.36,96
AUD-0184,Audífonos Sennheiser Momentum 4 Lite,Diadema ergonómica con graves profundos y batería de más de 30 horas.,535.82,31
MON-0185,Monitor BenQ EW3270U Lite,Monitor gaming con tasa de refresco rápida y tiempo de respuesta de 1ms.,1712.01,15
REL-0186,Reloj Huawei Watch GT 3 Lite,Smartwatch deportivo resistente al agua con sensores de salud avanzados.,660.88,54
TECL-0187,Teclado Redragon Kumara K552 Lite,Teclado mecánico compacto hot-swappable ideal para programación y oficina.,677.72,61
RAT-0188,Ratón Microsoft Bluetooth Ergonomic Lite,Ratón óptico ultraligero con cable mallado suave y deslizamiento perfecto.,1503.72,29
TAB-0189,Tableta Huawei MatePad 11 Lite,Tableta versátil con pantalla de alta resolución ideal para estudio y entretenimiento.,926.78,96
ACC-0190,Webcam Logitech C920 HD Pro Edition 2024,Dispositivo de almacenamiento rápido y confiable para respaldos de datos.,156.51,97
CAM-0191,Cámara Canon EOS M50 Edition 2024,Cámara de acción resistente al agua con estabilización de imagen avanzada.,1446.28,71
LAP-0192,Laptop Lenovo ThinkPad X1 Carbon Edition 2024,"Equipo portátil para trabajo pesado, edición de video y multitarea.",719.36,39
TEL-0193,Teléfono Xiaomi 13 Pro Edition 2024,Smartphone de gama alta con pantalla AMOLED y cámara de alta resolución.,1074.41,98
AUD-0194,Audífonos Sennheiser Momentum 4 Edition 2024,Auriculares in-ear con audio espacial y estuche de carga inalámbrica.,1551.25,9
MON-0195,Monitor BenQ EW3270U Edition 2024,Monitor curvo e inmersivo con panel IPS e iluminación de baja fatiga visual.,1137.95,6
REL-0196,Reloj Huawei Watch GT 3 Edition 2024,Reloj inteligente elegante con control de notificaciones y seguimiento fit.,1239.46,92
TECL-0197,Teclado Redragon Kumara K552 Edition 2024,Teclado mecánico gamer con retroiluminación RGB configurable.,1033.12,17
RAT-0198,Ratón Microsoft Bluetooth Ergonomic Edition 2024,Ratón gamer ligero de alta precisión con sensor óptico de alta definición.,115.80,92
TAB-0199,Tableta Huawei MatePad 11 Edition 2024,Dispositivo multimedia portátil con altavoces estéreo y gran autonomía.,664.55,51
ACC-0200,Webcam Logitech C920 HD Pro Special Edition,Componente de conectividad portátil para expandir los puertos de tus dispositivos.,101.92,27
CAM-0201,Cámara Canon EOS M50 Special Edition,Cámara mirrorless compacta con resolución 4K y sensor APS-C.,142.41,42
LAP-0202,Laptop Lenovo ThinkPad X1 Carbon Special Edition,Laptop gamer de última generación con tarjeta gráfica dedicada y pantalla 144Hz.,1455.14,83
TEL-0203,Teléfono Xiaomi 13 Pro Special Edition,"Dispositivo con carga superrápida, batería de larga duración y pantalla de 120Hz.",186.98,63
AUD-0204,Audífonos Sennheiser Momentum 4 Special Edition,Diadema ergonómica con graves profundos y batería de más de 30 horas.,763.76,11
MON-0205,Monitor BenQ EW3270U Special Edition,Monitor gaming con tasa de refresco rápida y tiempo de respuesta de 1ms.,834.43,93
REL-0206,Reloj Huawei Watch GT 3 Special Edition,Smartwatch deportivo resistente al agua con sensores de salud avanzados.,32.28,40
TECL-0207,Teclado Redragon Kumara K552 Special Edition,Teclado mecánico compacto hot-swappable ideal para programación y oficina.,969.25,86
RAT-0208,Ratón Microsoft Bluetooth Ergonomic Special Edition,Ratón óptico ultraligero con cable mallado suave y deslizamiento perfecto.,541.74,100
TAB-0209,Tableta Huawei MatePad 11 Special Edition,Tableta versátil con pantalla de alta resolución ideal para estudio y entretenimiento.,1065.45,3
ACC-0210,Webcam Logitech C920 HD Pro Edición Negra,Dispositivo de almacenamiento rápido y confiable para respaldos de datos.,740.77,88
CAM-0211,Cámara Canon EOS M50 Edición Negra,Cámara de acción resistente al agua con estabilización de imagen avanzada.,1080.25,95
LAP-0212,Laptop Lenovo ThinkPad X1 Carbon Edición Negra,"Equipo portátil para trabajo pesado, edición de video y multitarea.",762.55,6
TEL-0213,Teléfono Xiaomi 13 Pro Edición Negra,Smartphone de gama alta con pantalla AMOLED y cámara de alta resolución.,302.63,29
AUD-0214,Audífonos Sennheiser Momentum 4 Edición Negra,Auriculares in-ear con audio espacial y estuche de carga inalámbrica.,990.55,46
MON-0215,Monitor BenQ EW3270U Edición Negra,Monitor curvo e inmersivo con panel IPS e iluminación de baja fatiga visual.,98.97,43
REL-0216,Reloj Huawei Watch GT 3 Edición Negra,Reloj inteligente elegante con control de notificaciones y seguimiento fit.,1633.89,83
TECL-0217,Teclado Redragon Kumara K552 Edición Negra,Teclado mecánico gamer con retroiluminación RGB configurable.,1825.24,31
RAT-0218,Ratón Microsoft Bluetooth Ergonomic Edición Negra,Ratón gamer ligero de alta precisión con sensor óptico de alta definición.,581.87,14
TAB-0219,Tableta Huawei MatePad 11 Edición Negra,Dispositivo multimedia portátil con altavoces estéreo y gran autonomía.,1331.44,44
ACC-0220,Webcam Logitech C920 HD Pro Edición Plata,Componente de conectividad portátil para expandir los puertos de tus dispositivos.,1424.29,30
CAM-0221,Cámara Canon EOS M50 Edición Plata,Cámara mirrorless compacta con resolución 4K y sensor APS-C.,478.45,12
LAP-0222,Laptop Lenovo ThinkPad X1 Carbon Edición Plata,Laptop gamer de última generación con tarjeta gráfica dedicada y pantalla 144Hz.,1483.28,31
TEL-0223,Teléfono Xiaomi 13 Pro Edición Plata,"Dispositivo con carga superrápida, batería de larga duración y pantalla de 120Hz.",641.67,57
AUD-0224,Audífonos Sennheiser Momentum 4 Edición Plata,Diadema ergonómica con graves profundos y batería de más de 30 horas.,136.16,25
MON-0225,Monitor BenQ EW3270U Edición Plata,Monitor gaming con tasa de refresco rápida y tiempo de respuesta de 1ms.,1334.87,31
REL-0226,Reloj Huawei Watch GT 3 Edición Plata,Smartwatch deportivo resistente al agua con sensores de salud avanzados.,927.94,83
TECL-0227,Teclado Redragon Kumara K552 Edición Plata,Teclado mecánico compacto hot-swappable ideal para programación y oficina.,767.82,88
RAT-0228,Ratón Microsoft Bluetooth Ergonomic Edición Plata,Ratón óptico ultraligero con cable mallado suave y deslizamiento perfecto.,1748.55,90
TAB-0229,Tableta Huawei MatePad 11 Edición Plata,Tableta versátil con pantalla de alta resolución ideal para estudio y entretenimiento.,1012.26,29
ACC-0230,Webcam Logitech C920 HD Pro S,Dispositivo de almacenamiento rápido y confiable para respaldos de datos.,1344.20,39
CAM-0231,Cámara Canon EOS M50 S,Cámara de acción resistente al agua con estabilización de imagen avanzada.,1625.89,17
LAP-0232,Laptop Lenovo ThinkPad X1 Carbon S,"Equipo portátil para trabajo pesado, edición de video y multitarea.",545.43,30
TEL-0233,Teléfono Xiaomi 13 Pro S,Smartphone de gama alta con pantalla AMOLED y cámara de alta resolución.,1301.78,81
AUD-0234,Audífonos Sennheiser Momentum 4 S,Auriculares in-ear con audio espacial y estuche de carga inalámbrica.,660.04,8
MON-0235,Monitor BenQ EW3270U S,Monitor curvo e inmersivo con panel IPS e iluminación de baja fatiga visual.,669.40,66
REL-0236,Reloj Huawei Watch GT 3 S,Reloj inteligente elegante con control de notificaciones y seguimiento fit.,1284.39,64
TECL-0237,Teclado Redragon Kumara K552 S,Teclado mecánico gamer con retroiluminación RGB configurable.,1188.83,22
RAT-0238,Ratón Microsoft Bluetooth Ergonomic S,Ratón gamer ligero de alta precisión con sensor óptico de alta definición.,1515.40,12
TAB-0239,Tableta Huawei MatePad 11 S,Dispositivo multimedia portátil con altavoces estéreo y gran autonomía.,239.65,91
ACC-0240,Webcam Logitech C920 HD Pro SE,Componente de conectividad portátil para expandir los puertos de tus dispositivos.,1643.61,8
CAM-0241,Cámara Canon EOS M50 SE,Cámara mirrorless compacta con resolución 4K y sensor APS-C.,1312.48,97
LAP-0242,Laptop Lenovo ThinkPad X1 Carbon SE,Laptop gamer de última generación con tarjeta gráfica dedicada y pantalla 144Hz.,647.80,64
TEL-0243,Teléfono Xiaomi 13 Pro SE,"Dispositivo con carga superrápida, batería de larga duración y pantalla de 120Hz.",1858.53,68
AUD-0244,Audífonos Sennheiser Momentum 4 SE,Diadema ergonómica con graves profundos y batería de más de 30 horas.,1798.61,88
MON-0245,Monitor BenQ EW3270U SE,Monitor gaming con tasa de refresco rápida y tiempo de respuesta de 1ms.,253.03,61
REL-0246,Reloj Huawei Watch GT 3 SE,Smartwatch deportivo resistente al agua con sensores de salud avanzados.,1762.60,67
TECL-0247,Teclado Redragon Kumara K552 SE,Teclado mecánico compacto hot-swappable ideal para programación y oficina.,879.34,3
RAT-0248,Ratón Microsoft Bluetooth Ergonomic SE,Ratón óptico ultraligero con cable mallado suave y deslizamiento perfecto.,1592.47,93
TAB-0249,Tableta Huawei MatePad 11 SE,Tableta versátil con pantalla de alta resolución ideal para estudio y entretenimiento.,526.72,78
ACC-0250,Webcam Logitech C920 HD Pro Max,Dispositivo de almacenamiento rápido y confiable para respaldos de datos.,746.15,21
CAM-0251,Cámara Canon EOS M50 Max,Cámara de acción resistente al agua con estabilización de imagen avanzada.,853.97,49
LAP-0252,Laptop Lenovo ThinkPad X1 Carbon Max,"Equipo portátil para trabajo pesado, edición de video y multitarea.",1479.72,3
TEL-0253,Teléfono Xiaomi 13 Pro Max,Smartphone de gama alta con pantalla AMOLED y cámara de alta resolución.,1029.95,49
AUD-0254,Audífonos Sennheiser Momentum 4 Max,Auriculares in-ear con audio espacial y estuche de carga inalámbrica.,722.12,33
MON-0255,Monitor BenQ EW3270U Max,Monitor curvo e inmersivo con panel IPS e iluminación de baja fatiga visual.,120.17,82
REL-0256,Reloj Huawei Watch GT 3 Max,Reloj inteligente elegante con control de notificaciones y seguimiento fit.,936.98,56
TECL-0257,Teclado Redragon Kumara K552 Max,Teclado mecánico gamer con retroiluminación RGB configurable.,613.34,13
RAT-0258,Ratón Microsoft Bluetooth Ergonomic Max,Ratón gamer ligero de alta precisión con sensor óptico de alta definición.,1247.48,10
TAB-0259,Tableta Huawei MatePad 11 Max,Dispositivo multimedia portátil con altavoces estéreo y gran autonomía.,90.53,71
ACC-0260,Webcam Logitech C920 HD Pro v1,Componente de conectividad portátil para expandir los puertos de tus dispositivos.,412.89,53
CAM-0261,Cámara Canon EOS M50 v1,Cámara mirrorless compacta con resolución 4K y sensor APS-C.,832.48,4
LAP-0262,Laptop Lenovo ThinkPad X1 Carbon v1,Laptop gamer de última generación con tarjeta gráfica dedicada y pantalla 144Hz.,606.05,69
TEL-0263,Teléfono Xiaomi 13 Pro v1,"Dispositivo con carga superrápida, batería de larga duración y pantalla de 120Hz.",1414.14,97
AUD-0264,Audífonos Sennheiser Momentum 4 v1,Diadema ergonómica con graves profundos y batería de más de 30 horas.,1187.63,87
MON-0265,Monitor BenQ EW3270U v1,Monitor gaming con tasa de refresco rápida y tiempo de respuesta de 1ms.,1540.74,62
REL-0266,Reloj Huawei Watch GT 3 v1,Smartwatch deportivo resistente al agua con sensores de salud avanzados.,1836.05,70
TECL-0267,Teclado Redragon Kumara K552 v1,Teclado mecánico compacto hot-swappable ideal para programación y oficina.,388.43,57
RAT-0268,Ratón Microsoft Bluetooth Ergonomic v1,Ratón óptico ultraligero con cable mallado suave y deslizamiento perfecto.,1439.11,69
TAB-0269,Tableta Huawei MatePad 11 v1,Tableta versátil con pantalla de alta resolución ideal para estudio y entretenimiento.,91.12,9
ACC-0270,Webcam Logitech C920 HD Pro v2,Dispositivo de almacenamiento rápido y confiable para respaldos de datos.,1611.53,46
CAM-0271,Cámara Canon EOS M50 v2,Cámara de acción resistente al agua con estabilización de imagen avanzada.,927.03,46
LAP-0272,Laptop Lenovo ThinkPad X1 Carbon v2,"Equipo portátil para trabajo pesado, edición de video y multitarea.",1860.15,46
TEL-0273,Teléfono Xiaomi 13 Pro v2,Smartphone de gama alta con pantalla AMOLED y cámara de alta resolución.,377.83,82
AUD-0274,Audífonos Sennheiser Momentum 4 v2,Auriculares in-ear con audio espacial y estuche de carga inalámbrica.,288.20,48
MON-0275,Monitor BenQ EW3270U v2,Monitor curvo e inmersivo con panel IPS e iluminación de baja fatiga visual.,1447.16,16
REL-0276,Reloj Huawei Watch GT 3 v2,Reloj inteligente elegante con control de notificaciones y seguimiento fit.,718.60,26
TECL-0277,Teclado Redragon Kumara K552 v2,Teclado mecánico gamer con retroiluminación RGB configurable.,1714.27,24
RAT-0278,Ratón Microsoft Bluetooth Ergonomic v2,Ratón gamer ligero de alta precisión con sensor óptico de alta definición.,1724.50,64
TAB-0279,Tableta Huawei MatePad 11 v2,Dispositivo multimedia portátil con altavoces estéreo y gran autonomía.,789.26,7
ACC-0280,Webcam Logitech C920 HD Pro Pro,Componente de conectividad portátil para expandir los puertos de tus dispositivos.,599.25,84
CAM-0281,Cámara Canon EOS M50 Pro,Cámara mirrorless compacta con resolución 4K y sensor APS-C.,53.39,33
LAP-0282,Laptop Lenovo ThinkPad X1 Carbon Pro,Laptop gamer de última generación con tarjeta gráfica dedicada y pantalla 144Hz.,1281.51,86
TEL-0283,Teléfono Xiaomi 13 Pro Pro,"Dispositivo con carga superrápida, batería de larga duración y pantalla de 120Hz.",1381.67,18
AUD-0284,Audífonos Sennheiser Momentum 4 Pro,Diadema ergonómica con graves profundos y batería de más de 30 horas.,77.83,36
MON-0285,Monitor BenQ EW3270U Pro,Monitor gaming con tasa de refresco rápida y tiempo de respuesta de 1ms.,1110.23,50
REL-0286,Reloj Huawei Watch GT 3 Pro,Smartwatch deportivo resistente al agua con sensores de salud avanzados.,942.56,41
TECL-0287,Teclado Redragon Kumara K552 Pro,Teclado mecánico compacto hot-swappable ideal para programación y oficina.,1063.48,41
RAT-0288,Ratón Microsoft Bluetooth Ergonomic Pro,Ratón óptico ultraligero con cable mallado suave y deslizamiento perfecto.,1777.40,37
TAB-0289,Tableta Huawei MatePad 11 Pro,Tableta versátil con pantalla de alta resolución ideal para estudio y entretenimiento.,1616.31,35
ACC-0290,Webcam Logitech C920 HD Pro Plus,Dispositivo de almacenamiento rápido y confiable para respaldos de datos.,1038.43,44
CAM-0291,Cámara Canon EOS M50 Plus,Cámara de acción resistente al agua con estabilización de imagen avanzada.,1256.49,94
LAP-0292,Laptop Lenovo ThinkPad X1 Carbon Plus,"Equipo portátil para trabajo pesado, edición de video y multitarea.",1462.92,98
TEL-0293,Teléfono Xiaomi 13 Pro Plus,Smartphone de gama alta con pantalla AMOLED y cámara de alta resolución.,915.75,15
AUD-0294,Audífonos Sennheiser Momentum 4 Plus,Auriculares in-ear con audio espacial y estuche de carga inalámbrica.,347.70,62
MON-0295,Monitor BenQ EW3270U Plus,Monitor curvo e inmersivo con panel IPS e iluminación de baja fatiga visual.,1640.16,37
REL-0296,Reloj Huawei Watch GT 3 Plus,Reloj inteligente elegante con control de notificaciones y seguimiento fit.,153.64,33
TECL-0297,Teclado Redragon Kumara K552 Plus,Teclado mecánico gamer con retroiluminación RGB configurable.,1005.91,96
RAT-0298,Ratón Microsoft Bluetooth Ergonomic Plus,Ratón gamer ligero de alta precisión con sensor óptico de alta definición.,403.74,83
TAB-0299,Tableta Huawei MatePad 11 Plus,Dispositivo multimedia portátil con altavoces estéreo y gran autonomía.,701.92,93
ACC-0300,Webcam Logitech C920 HD Pro Ultra,Componente de conectividad portátil para expandir los puertos de tus dispositivos.,1142.05,45
CAM-0301,Cámara Canon EOS M50 Ultra,Cámara mirrorless compacta con resolución 4K y sensor APS-C.,767.21,64
LAP-0302,Laptop Lenovo ThinkPad X1 Carbon Ultra,Laptop gamer de última generación con tarjeta gráfica dedicada y pantalla 144Hz.,1834.43,69
TEL-0303,Teléfono Xiaomi 13 Pro Ultra,"Dispositivo con carga superrápida, batería de larga duración y pantalla de 120Hz.",75.63,95
AUD-0304,Audífonos Sennheiser Momentum 4 Ultra,Diadema ergonómica con graves profundos y batería de más de 30 horas.,268.22,55
MON-0305,Monitor BenQ EW3270U Ultra,Monitor gaming con tasa de refresco rápida y tiempo de respuesta de 1ms.,359.99,73
REL-0306,Reloj Huawei Watch GT 3 Ultra,Smartwatch deportivo resistente al agua con sensores de salud avanzados.,825.81,68
TECL-0307,Teclado Redragon Kumara K552 Ultra,Teclado mecánico compacto hot-swappable ideal para programación y oficina.,1217.48,39
RAT-0308,Ratón Microsoft Bluetooth Ergonomic Ultra,Ratón óptico ultraligero con cable mallado suave y deslizamiento perfecto.,369.02,52
TAB-0309,Tableta Huawei MatePad 11 Ultra,Tableta versátil con pantalla de alta resolución ideal para estudio y entretenimiento.,135.53,1
ACC-0310,Webcam Logitech C920 HD Pro Lite,Dispositivo de almacenamiento rápido y confiable para respaldos de datos.,1054.18,25
CAM-0311,Cámara Canon EOS M50 Lite,Cámara de acción resistente al agua con estabilización de imagen avanzada.,1561.70,33
LAP-0312,Laptop Lenovo ThinkPad X1 Carbon Lite,"Equipo portátil para trabajo pesado, edición de video y multitarea.",1241.32,85
TEL-0313,Teléfono Xiaomi 13 Pro Lite,Smartphone de gama alta con pantalla AMOLED y cámara de alta resolución.,1079.70,86
AUD-0314,Audífonos Sennheiser Momentum 4 Lite,Auriculares in-ear con audio espacial y estuche de carga inalámbrica.,386.07,15
MON-0315,Monitor BenQ EW3270U Lite,Monitor curvo e inmersivo con panel IPS e iluminación de baja fatiga visual.,788.36,53
REL-0316,Reloj Huawei Watch GT 3 Lite,Reloj inteligente elegante con control de notificaciones y seguimiento fit.,65.69,2
TECL-0317,Teclado Redragon Kumara K552 Lite,Teclado mecánico gamer con retroiluminación RGB configurable.,886.77,91
RAT-0318,Ratón Microsoft Bluetooth Ergonomic Lite,Ratón gamer ligero de alta precisión con sensor óptico de alta definición.,1332.22,7
TAB-0319,Tableta Huawei MatePad 11 Lite,Dispositivo multimedia portátil con altavoces estéreo y gran autonomía.,351.22,6
ACC-0320,Webcam Logitech C920 HD Pro Edition 2024,Componente de conectividad portátil para expandir los puertos de tus dispositivos.,855.37,81
CAM-0321,Cámara Canon EOS M50 Edition 2024,Cámara mirrorless compacta con resolución 4K y sensor APS-C.,534.96,17
LAP-0322,Laptop Lenovo ThinkPad X1 Carbon Edition 2024,Laptop gamer de última generación con tarjeta gráfica dedicada y pantalla 144Hz.,1661.73,100
TEL-0323,Teléfono Xiaomi 13 Pro Edition 2024,"Dispositivo con carga superrápida, batería de larga duración y pantalla de 120Hz.",1397.04,93
AUD-0324,Audífonos Sennheiser Momentum 4 Edition 2024,Diadema ergonómica con graves profundos y batería de más de 30 horas.,1127.72,92
MON-0325,Monitor BenQ EW3270U Edition 2024,Monitor gaming con tasa de refresco rápida y tiempo de respuesta de 1ms.,1053.61,17
REL-0326,Reloj Huawei Watch GT 3 Edition 2024,Smartwatch deportivo resistente al agua con sensores de salud avanzados.,212.76,40
TECL-0327,Teclado Redragon Kumara K552 Edition 2024,Teclado mecánico compacto hot-swappable ideal para programación y oficina.,1641.89,67
RAT-0328,Ratón Microsoft Bluetooth Ergonomic Edition 2024,Ratón óptico ultraligero con cable mallado suave y deslizamiento perfecto.,1225.65,97
TAB-0329,Tableta Huawei MatePad 11 Edition 2024,Tableta versátil con pantalla de alta resolución ideal para estudio y entretenimiento.,1579.59,40
ACC-0330,Webcam Logitech C920 HD Pro Special Edition,Dispositivo de almacenamiento rápido y confiable para respaldos de datos.,1807.78,80
CAM-0331,Cámara Canon EOS M50 Special Edition,Cámara de acción resistente al agua con estabilización de imagen avanzada.,1590.45,42
LAP-0332,Laptop Lenovo ThinkPad X1 Carbon Special Edition,"Equipo portátil para trabajo pesado, edición de video y multitarea.",484.80,68
TEL-0333,Teléfono Xiaomi 13 Pro Special Edition,Smartphone de gama alta con pantalla AMOLED y cámara de alta resolución.,1061.30,46
AUD-0334,Audífonos Sennheiser Momentum 4 Special Edition,Auriculares in-ear con audio espacial y estuche de carga inalámbrica.,1758.28,72
MON-0335,Monitor BenQ EW3270U Special Edition,Monitor curvo e inmersivo con panel IPS e iluminación de baja fatiga visual.,288.32,99
REL-0336,Reloj Huawei Watch GT 3 Special Edition,Reloj inteligente elegante con control de notificaciones y seguimiento fit.,27.91,96
TECL-0337,Teclado Redragon Kumara K552 Special Edition,Teclado mecánico gamer con retroiluminación RGB configurable.,396.29,67
RAT-0338,Ratón Microsoft Bluetooth Ergonomic Special Edition,Ratón gamer ligero de alta precisión con sensor óptico de alta definición.,222.35,36
TAB-0339,Tableta Huawei MatePad 11 Special Edition,Dispositivo multimedia portátil con altavoces estéreo y gran autonomía.,282.08,82
ACC-0340,Webcam Logitech C920 HD Pro Edición Negra,Componente de conectividad portátil para expandir los puertos de tus dispositivos.,769.58,13
CAM-0341,Cámara Canon EOS M50 Edición Negra,Cámara mirrorless compacta con resolución 4K y sensor APS-C.,1113.06,73
LAP-0342,Laptop Lenovo ThinkPad X1 Carbon Edición Negra,Laptop gamer de última generación con tarjeta gráfica dedicada y pantalla 144Hz.,243.54,75
TEL-0343,Teléfono Xiaomi 13 Pro Edición Negra,"Dispositivo con carga superrápida, batería de larga duración y pantalla de 120Hz.",369.33,98
AUD-0344,Audífonos Sennheiser Momentum 4 Edición Negra,Diadema ergonómica con graves profundos y batería de más de 30 horas.,724.90,14
MON-0345,Monitor BenQ EW3270U Edición Negra,Monitor gaming con tasa de refresco rápida y tiempo de respuesta de 1ms.,1467.91,1
REL-0346,Reloj Huawei Watch GT 3 Edición Negra,Smartwatch deportivo resistente al agua con sensores de salud avanzados.,1071.04,78
TECL-0347,Teclado Redragon Kumara K552 Edición Negra,Teclado mecánico compacto hot-swappable ideal para programación y oficina.,675.86,61
RAT-0348,Ratón Microsoft Bluetooth Ergonomic Edición Negra,Ratón óptico ultraligero con cable mallado suave y deslizamiento perfecto.,1659.15,99
TAB-0349,Tableta Huawei MatePad 11 Edición Negra,Tableta versátil con pantalla de alta resolución ideal para estudio y entretenimiento.,788.07,55
ACC-0350,Webcam Logitech C920 HD Pro Edición Plata,Dispositivo de almacenamiento rápido y confiable para respaldos de datos.,1692.64,24
CAM-0351,Cámara Canon EOS M50 Edición Plata,Cámara de acción resistente al agua con estabilización de imagen avanzada.,1632.36,74
LAP-0352,Laptop Lenovo ThinkPad X1 Carbon Edición Plata,"Equipo portátil para trabajo pesado, edición de video y multitarea.",1689.74,19
TEL-0353,Teléfono Xiaomi 13 Pro Edición Plata,Smartphone de gama alta con pantalla AMOLED y cámara de alta resolución.,199.78,49
AUD-0354,Audífonos Sennheiser Momentum 4 Edición Plata,Auriculares in-ear con audio espacial y estuche de carga inalámbrica.,418.94,12
MON-0355,Monitor BenQ EW3270U Edición Plata,Monitor curvo e inmersivo con panel IPS e iluminación de baja fatiga visual.,315.85,79
REL-0356,Reloj Huawei Watch GT 3 Edición Plata,Reloj inteligente elegante con control de notificaciones y seguimiento fit.,1240.41,61
TECL-0357,Teclado Redragon Kumara K552 Edición Plata,Teclado mecánico gamer con retroiluminación RGB configurable.,362.72,90
RAT-0358,Ratón Microsoft Bluetooth Ergonomic Edición Plata,Ratón gamer ligero de alta precisión con sensor óptico de alta definición.,1456.85,31
TAB-0359,Tableta Huawei MatePad 11 Edición Plata,Dispositivo multimedia portátil con altavoces estéreo y gran autonomía.,191.28,65
ACC-0360,Webcam Logitech C920 HD Pro S,Componente de conectividad portátil para expandir los puertos de tus dispositivos.,1748.93,40
CAM-0361,Cámara Canon EOS M50 S,Cámara mirrorless compacta con resolución 4K y sensor APS-C.,1735.88,17
LAP-0362,Laptop Lenovo ThinkPad X1 Carbon S,Laptop gamer de última generación con tarjeta gráfica dedicada y pantalla 144Hz.,1461.54,68
TEL-0363,Teléfono Xiaomi 13 Pro S,"Dispositivo con carga superrápida, batería de larga duración y pantalla de 120Hz.",1486.30,5
AUD-0364,Audífonos Sennheiser Momentum 4 S,Diadema ergonómica con graves profundos y batería de más de 30 horas.,1493.13,12
MON-0365,Monitor BenQ EW3270U S,Monitor gaming con tasa de refresco rápida y tiempo de respuesta de 1ms.,1290.77,91
REL-0366,Reloj Huawei Watch GT 3 S,Smartwatch deportivo resistente al agua con sensores de salud avanzados.,145.85,93
TECL-0367,Teclado Redragon Kumara K552 S,Teclado mecánico compacto hot-swappable ideal para programación y oficina.,81.02,68
RAT-0368,Ratón Microsoft Bluetooth Ergonomic S,Ratón óptico ultraligero con cable mallado suave y deslizamiento perfecto.,1668.28,75
TAB-0369,Tableta Huawei MatePad 11 S,Tableta versátil con pantalla de alta resolución ideal para estudio y entretenimiento.,1466.77,100
ACC-0370,Webcam Logitech C920 HD Pro SE,Dispositivo de almacenamiento rápido y confiable para respaldos de datos.,250.10,99
CAM-0371,Cámara Canon EOS M50 SE,Cámara de acción resistente al agua con estabilización de imagen avanzada.,601.32,54
LAP-0372,Laptop Lenovo ThinkPad X1 Carbon SE,"Equipo portátil para trabajo pesado, edición de video y multitarea.",236.82,96
TEL-0373,Teléfono Xiaomi 13 Pro SE,Smartphone de gama alta con pantalla AMOLED y cámara de alta resolución.,80.12,85
AUD-0374,Audífonos Sennheiser Momentum 4 SE,Auriculares in-ear con audio espacial y estuche de carga inalámbrica.,640.75,92
MON-0375,Monitor BenQ EW3270U SE,Monitor curvo e inmersivo con panel IPS e iluminación de baja fatiga visual.,456.31,32
REL-0376,Reloj Huawei Watch GT 3 SE,Reloj inteligente elegante con control de notificaciones y seguimiento fit.,1282.57,93
TECL-0377,Teclado Redragon Kumara K552 SE,Teclado mecánico gamer con retroiluminación RGB configurable.,469.38,13
RAT-0378,Ratón Microsoft Bluetooth Ergonomic SE,Ratón gamer ligero de alta precisión con sensor óptico de alta definición.,58.82,91
TAB-0379,Tableta Huawei MatePad 11 SE,Dispositivo multimedia portátil con altavoces estéreo y gran autonomía.,74.79,69
ACC-0380,Webcam Logitech C920 HD Pro Max,Componente de conectividad portátil para expandir los puertos de tus dispositivos.,1752.87,43
CAM-0381,Cámara Canon EOS M50 Max,Cámara mirrorless compacta con resolución 4K y sensor APS-C.,919.16,74
LAP-0382,Laptop Lenovo ThinkPad X1 Carbon Max,Laptop gamer de última generación con tarjeta gráfica dedicada y pantalla 144Hz.,122.80,18
TEL-0383,Teléfono Xiaomi 13 Pro Max,"Dispositivo con carga superrápida, batería de larga duración y pantalla de 120Hz.",988.50,68
AUD-0384,Audífonos Sennheiser Momentum 4 Max,Diadema ergonómica con graves profundos y batería de más de 30 horas.,1230.26,50
MON-0385,Monitor BenQ EW3270U Max,Monitor gaming con tasa de refresco rápida y tiempo de respuesta de 1ms.,1759.78,64
REL-0386,Reloj Huawei Watch GT 3 Max,Smartwatch deportivo resistente al agua con sensores de salud avanzados.,1187.76,89
TECL-0387,Teclado Redragon Kumara K552 Max,Teclado mecánico compacto hot-swappable ideal para programación y oficina.,845.33,6
RAT-0388,Ratón Microsoft Bluetooth Ergonomic Max,Ratón óptico ultraligero con cable mallado suave y deslizamiento perfecto.,1529.46,48
TAB-0389,Tableta Huawei MatePad 11 Max,Tableta versátil con pantalla de alta resolución ideal para estudio y entretenimiento.,1276.16,82
ACC-0390,Webcam Logitech C920 HD Pro v1,Dispositivo de almacenamiento rápido y confiable para respaldos de datos.,1084.94,12
CAM-0391,Cámara Canon EOS M50 v1,Cámara de acción resistente al agua con estabilización de imagen avanzada.,944.46,92
LAP-0392,Laptop Lenovo ThinkPad X1 Carbon v1,"Equipo portátil para trabajo pesado, edición de video y multitarea.",1175.17,59
TEL-0393,Teléfono Xiaomi 13 Pro v1,Smartphone de gama alta con pantalla AMOLED y cámara de alta resolución.,720.41,22
AUD-0394,Audífonos Sennheiser Momentum 4 v1,Auriculares in-ear con audio espacial y estuche de carga inalámbrica.,1860.59,32
MON-0395,Monitor BenQ EW3270U v1,Monitor curvo e inmersivo con panel IPS e iluminación de baja fatiga visual.,714.35,3
REL-0396,Reloj Huawei Watch GT 3 v1,Reloj inteligente elegante con control de notificaciones y seguimiento fit.,111.08,84
TECL-0397,Teclado Redragon Kumara K552 v1,Teclado mecánico gamer con retroiluminación RGB configurable.,243.39,51
RAT-0398,Ratón Microsoft Bluetooth Ergonomic v1,Ratón gamer ligero de alta precisión con sensor óptico de alta definición.,1768.74,55
TAB-0399,Tableta Huawei MatePad 11 v1,Dispositivo multimedia portátil con altavoces estéreo y gran autonomía.,82.36,92
ACC-0400,Webcam Logitech C920 HD Pro v2,Componente de conectividad portátil para expandir los puertos de tus dispositivos.,595.67,33
CAM-0401,Cámara Canon EOS M50 v2,Cámara mirrorless compacta con resolución 4K y sensor APS-C.,953.63,55
LAP-0402,Laptop Lenovo ThinkPad X1 Carbon v2,Laptop gamer de última generación con tarjeta gráfica dedicada y pantalla 144Hz.,1564.46,13
TEL-0403,Teléfono Xiaomi 13 Pro v2,"Dispositivo con carga superrápida, batería de larga duración y pantalla de 120Hz.",486.32,44
AUD-0404,Audífonos Sennheiser Momentum 4 v2,Diadema ergonómica con graves profundos y batería de más de 30 horas.,180.74,52
MON-0405,Monitor BenQ EW3270U v2,Monitor gaming con tasa de refresco rápida y tiempo de respuesta de 1ms.,98.00,92
REL-0406,Reloj Huawei Watch GT 3 v2,Smartwatch deportivo resistente al agua con sensores de salud avanzados.,809.19,54
TECL-0407,Teclado Redragon Kumara K552 v2,Teclado mecánico compacto hot-swappable ideal para programación y oficina.,1256.16,14
RAT-0408,Ratón Microsoft Bluetooth Ergonomic v2,Ratón óptico ultraligero con cable mallado suave y deslizamiento perfecto.,1520.03,57
TAB-0409,Tableta Huawei MatePad 11 v2,Tableta versátil con pantalla de alta resolución ideal para estudio y entretenimiento.,1572.01,71
ACC-0410,Webcam Logitech C920 HD Pro Pro,Dispositivo de almacenamiento rápido y confiable para respaldos de datos.,293.10,40
CAM-0411,Cámara Canon EOS M50 Pro,Cámara de acción resistente al agua con estabilización de imagen avanzada.,423.84,42
LAP-0412,Laptop Lenovo ThinkPad X1 Carbon Pro,"Equipo portátil para trabajo pesado, edición de video y multitarea.",557.61,91
TEL-0413,Teléfono Xiaomi 13 Pro Pro,Smartphone de gama alta con pantalla AMOLED y cámara de alta resolución.,1562.65,82
AUD-0414,Audífonos Sennheiser Momentum 4 Pro,Auriculares in-ear con audio espacial y estuche de carga inalámbrica.,811.77,45
MON-0415,Monitor BenQ EW3270U Pro,Monitor curvo e inmersivo con panel IPS e iluminación de baja fatiga visual.,1476.50,32
REL-0416,Reloj Huawei Watch GT 3 Pro,Reloj inteligente elegante con control de notificaciones y seguimiento fit.,493.75,1
TECL-0417,Teclado Redragon Kumara K552 Pro,Teclado mecánico gamer con retroiluminación RGB configurable.,1770.07,93
RAT-0418,Ratón Microsoft Bluetooth Ergonomic Pro,Ratón gamer ligero de alta precisión con sensor óptico de alta definición.,623.75,15
TAB-0419,Tableta Huawei MatePad 11 Pro,Dispositivo multimedia portátil con altavoces estéreo y gran autonomía.,1192.16,93
ACC-0420,Webcam Logitech C920 HD Pro Plus,Componente de conectividad portátil para expandir los puertos de tus dispositivos.,65.62,47
CAM-0421,Cámara Canon EOS M50 Plus,Cámara mirrorless compacta con resolución 4K y sensor APS-C.,1248.95,79
LAP-0422,Laptop Lenovo ThinkPad X1 Carbon Plus,Laptop gamer de última generación con tarjeta gráfica dedicada y pantalla 144Hz.,743.13,1
TEL-0423,Teléfono Xiaomi 13 Pro Plus,"Dispositivo con carga superrápida, batería de larga duración y pantalla de 120Hz.",624.56,70
AUD-0424,Audífonos Sennheiser Momentum 4 Plus,Diadema ergonómica con graves profundos y batería de más de 30 horas.,1074.01,88
MON-0425,Monitor BenQ EW3270U Plus,Monitor gaming con tasa de refresco rápida y tiempo de respuesta de 1ms.,805.42,22
REL-0426,Reloj Huawei Watch GT 3 Plus,Smartwatch deportivo resistente al agua con sensores de salud avanzados.,323.73,94
TECL-0427,Teclado Redragon Kumara K552 Plus,Teclado mecánico compacto hot-swappable ideal para programación y oficina.,324.34,63
RAT-0428,Ratón Microsoft Bluetooth Ergonomic Plus,Ratón óptico ultraligero con cable mallado suave y deslizamiento perfecto.,496.23,7
TAB-0429,Tableta Huawei MatePad 11 Plus,Tableta versátil con pantalla de alta resolución ideal para estudio y entretenimiento.,1136.05,16
ACC-0430,Webcam Logitech C920 HD Pro Ultra,Dispositivo de almacenamiento rápido y confiable para respaldos de datos.,528.34,18
CAM-0431,Cámara Canon EOS M50 Ultra,Cámara de acción resistente al agua con estabilización de imagen avanzada.,1839.06,100
LAP-0432,Laptop Lenovo ThinkPad X1 Carbon Ultra,"Equipo portátil para trabajo pesado, edición de video y multitarea.",1115.18,86
TEL-0433,Teléfono Xiaomi 13 Pro Ultra,Smartphone de gama alta con pantalla AMOLED y cámara de alta resolución.,391.15,64
AUD-0434,Audífonos Sennheiser Momentum 4 Ultra,Auriculares in-ear con audio espacial y estuche de carga inalámbrica.,697.75,67
MON-0435,Monitor BenQ EW3270U Ultra,Monitor curvo e inmersivo con panel IPS e iluminación de baja fatiga visual.,1870.17,25
REL-0436,Reloj Huawei Watch GT 3 Ultra,Reloj inteligente elegante con control de notificaciones y seguimiento fit.,736.10,100
TECL-0437,Teclado Redragon Kumara K552 Ultra,Teclado mecánico gamer con retroiluminación RGB configurable.,1016.17,13
RAT-0438,Ratón Microsoft Bluetooth Ergonomic Ultra,Ratón gamer ligero de alta precisión con sensor óptico de alta definición.,407.97,74
TAB-0439,Tableta Huawei MatePad 11 Ultra,Dispositivo multimedia portátil con altavoces estéreo y gran autonomía.,776.78,40
ACC-0440,Webcam Logitech C920 HD Pro Lite,Componente de conectividad portátil para expandir los puertos de tus dispositivos.,250.09,11
CAM-0441,Cámara Canon EOS M50 Lite,Cámara mirrorless compacta con resolución 4K y sensor APS-C.,350.93,52
LAP-0442,Laptop Lenovo ThinkPad X1 Carbon Lite,Laptop gamer de última generación con tarjeta gráfica dedicada y pantalla 144Hz.,706.30,57
TEL-0443,Teléfono Xiaomi 13 Pro Lite,"Dispositivo con carga superrápida, batería de larga duración y pantalla de 120Hz.",1441.48,3
AUD-0444,Audífonos Sennheiser Momentum 4 Lite,Diadema ergonómica con graves profundos y batería de más de 30 horas.,597.95,2
MON-0445,Monitor BenQ EW3270U Lite,Monitor gaming con tasa de refresco rápida y tiempo de respuesta de 1ms.,1053.74,32
REL-0446,Reloj Huawei Watch GT 3 Lite,Smartwatch deportivo resistente al agua con sensores de salud avanzados.,1499.32,98
TECL-0447,Teclado Redragon Kumara K552 Lite,Teclado mecánico compacto hot-swappable ideal para programación y oficina.,790.35,68
RAT-0448,Ratón Microsoft Bluetooth Ergonomic Lite,Ratón óptico ultraligero con cable mallado suave y deslizamiento perfecto.,544.22,16
TAB-0449,Tableta Huawei MatePad 11 Lite,Tableta versátil con pantalla de alta resolución ideal para estudio y entretenimiento.,374.87,25
ACC-0450,Webcam Logitech C920 HD Pro Edition 2024,Dispositivo de almacenamiento rápido y confiable para respaldos de datos.,197.50,82
CAM-0451,Cámara Canon EOS M50 Edition 2024,Cámara de acción resistente al agua con estabilización de imagen avanzada.,92.11,17
LAP-0452,Laptop Lenovo ThinkPad X1 Carbon Edition 2024,"Equipo portátil para trabajo pesado, edición de video y multitarea.",658.93,85
TEL-0453,Teléfono Xiaomi 13 Pro Edition 2024,Smartphone de gama alta con pantalla AMOLED y cámara de alta resolución.,462.66,69
AUD-0454,Audífonos Sennheiser Momentum 4 Edition 2024,Auriculares in-ear con audio espacial y estuche de carga inalámbrica.,587.10,96
MON-0455,Monitor BenQ EW3270U Edition 2024,Monitor curvo e inmersivo con panel IPS e iluminación de baja fatiga visual.,1723.29,93
REL-0456,Reloj Huawei Watch GT 3 Edition 2024,Reloj inteligente elegante con control de notificaciones y seguimiento fit.,1425.60,60
TECL-0457,Teclado Redragon Kumara K552 Edition 2024,Teclado mecánico gamer con retroiluminación RGB configurable.,1431.79,44
RAT-0458,Ratón Microsoft Bluetooth Ergonomic Edition 2024,Ratón gamer ligero de alta precisión con sensor óptico de alta definición.,150.28,68
TAB-0459,Tableta Huawei MatePad 11 Edition 2024,Dispositivo multimedia portátil con altavoces estéreo y gran autonomía.,1823.28,99
ACC-0460,Webcam Logitech C920 HD Pro Special Edition,Componente de conectividad portátil para expandir los puertos de tus dispositivos.,577.85,97
CAM-0461,Cámara Canon EOS M50 Special Edition,Cámara mirrorless compacta con resolución 4K y sensor APS-C.,1372.84,98
LAP-0462,Laptop Lenovo ThinkPad X1 Carbon Special Edition,Laptop gamer de última generación con tarjeta gráfica dedicada y pantalla 144Hz.,1132.60,10
TEL-0463,Teléfono Xiaomi 13 Pro Special Edition,"Dispositivo con carga superrápida, batería de larga duración y pantalla de 120Hz.",400.09,61
AUD-0464,Audífonos Sennheiser Momentum 4 Special Edition,Diadema ergonómica con graves profundos y batería de más de 30 horas.,528.29,71
MON-0465,Monitor BenQ EW3270U Special Edition,Monitor gaming con tasa de refresco rápida y tiempo de respuesta de 1ms.,377.11,29
REL-0466,Reloj Huawei Watch GT 3 Special Edition,Smartwatch deportivo resistente al agua con sensores de salud avanzados.,1709.88,16
TECL-0467,Teclado Redragon Kumara K552 Special Edition,Teclado mecánico compacto hot-swappable ideal para programación y oficina.,491.65,52
RAT-0468,Ratón Microsoft Bluetooth Ergonomic Special Edition,Ratón óptico ultraligero con cable mallado suave y deslizamiento perfecto.,1891.88,49
TAB-0469,Tableta Huawei MatePad 11 Special Edition,Tableta versátil con pantalla de alta resolución ideal para estudio y entretenimiento.,516.26,39
ACC-0470,Webcam Logitech C920 HD Pro Edición Negra,Dispositivo de almacenamiento rápido y confiable para respaldos de datos.,93.75,45
CAM-0471,Cámara Canon EOS M50 Edición Negra,Cámara de acción resistente al agua con estabilización de imagen avanzada.,1866.21,9
LAP-0472,Laptop Lenovo ThinkPad X1 Carbon Edición Negra,"Equipo portátil para trabajo pesado, edición de video y multitarea.",1681.59,26
TEL-0473,Teléfono Xiaomi 13 Pro Edición Negra,Smartphone de gama alta con pantalla AMOLED y cámara de alta resolución.,649.63,7
AUD-0474,Audífonos Sennheiser Momentum 4 Edición Negra,Auriculares in-ear con audio espacial y estuche de carga inalámbrica.,147.15,7
MON-0475,Monitor BenQ EW3270U Edición Negra,Monitor curvo e inmersivo con panel IPS e iluminación de baja fatiga visual.,1851.45,9
REL-0476,Reloj Huawei Watch GT 3 Edición Negra,Reloj inteligente elegante con control de notificaciones y seguimiento fit.,954.14,76
TECL-0477,Teclado Redragon Kumara K552 Edición Negra,Teclado mecánico gamer con retroiluminación RGB configurable.,1177.80,7
RAT-0478,Ratón Microsoft Bluetooth Ergonomic Edición Negra,Ratón gamer ligero de alta precisión con sensor óptico de alta definición.,1832.45,20
TAB-0479,Tableta Huawei MatePad 11 Edición Negra,Dispositivo multimedia portátil con altavoces estéreo y gran autonomía.,1744.51,54
ACC-0480,Webcam Logitech C920 HD Pro Edición Plata,Componente de conectividad portátil para expandir los puertos de tus dispositivos.,756.12,88
CAM-0481,Cámara Canon EOS M50 Edición Plata,Cámara mirrorless compacta con resolución 4K y sensor APS-C.,1293.32,61
LAP-0482,Laptop Lenovo ThinkPad X1 Carbon Edición Plata,Laptop gamer de última generación con tarjeta gráfica dedicada y pantalla 144Hz.,997.74,39
TEL-0483,Teléfono Xiaomi 13 Pro Edición Plata,"Dispositivo con carga superrápida, batería de larga duración y pantalla de 120Hz.",1013.96,74
AUD-0484,Audífonos Sennheiser Momentum 4 Edición Plata,Diadema ergonómica con graves profundos y batería de más de 30 horas.,1093.45,57
MON-0485,Monitor BenQ EW3270U Edición Plata,Monitor gaming con tasa de refresco rápida y tiempo de respuesta de 1ms.,279.65,98
REL-0486,Reloj Huawei Watch GT 3 Edición Plata,Smartwatch deportivo resistente al agua con sensores de salud avanzados.,340.85,63
TECL-0487,Teclado Redragon Kumara K552 Edición Plata,Teclado mecánico compacto hot-swappable ideal para programación y oficina.,1558.20,78
RAT-0488,Ratón Microsoft Bluetooth Ergonomic Edición Plata,Ratón óptico ultraligero con cable mallado suave y deslizamiento perfecto.,227.30,93
TAB-0489,Tableta Huawei MatePad 11 Edición Plata,Tableta versátil con pantalla de alta resolución ideal para estudio y entretenimiento.,1784.90,23
ACC-0490,Webcam Logitech C920 HD Pro S,Dispositivo de almacenamiento rápido y confiable para respaldos de datos.,1714.16,61
CAM-0491,Cámara Canon EOS M50 S,Cámara de acción resistente al agua con estabilización de imagen avanzada.,949.72,51
LAP-0492,Laptop Lenovo ThinkPad X1 Carbon S,"Equipo portátil para trabajo pesado, edición de video y multitarea.",1533.61,14
TEL-0493,Teléfono Xiaomi 13 Pro S,Smartphone de gama alta con pantalla AMOLED y cámara de alta resolución.,1705.57,88
AUD-0494,Audífonos Sennheiser Momentum 4 S,Auriculares in-ear con audio espacial y estuche de carga inalámbrica.,1197.11,89
MON-0495,Monitor BenQ EW3270U S,Monitor curvo e inmersivo con panel IPS e iluminación de baja fatiga visual.,1305.69,25
REL-0496,Reloj Huawei Watch GT 3 S,Reloj inteligente elegante con control de notificaciones y seguimiento fit.,1391.30,58
TECL-0497,Teclado Redragon Kumara K552 S,Teclado mecánico gamer con retroiluminación RGB configurable.,509.99,94
RAT-0498,Ratón Microsoft Bluetooth Ergonomic S,Ratón gamer ligero de alta precisión con sensor óptico de alta definición.,924.17,79
TAB-0499,Tableta Huawei MatePad 11 S,Dispositivo multimedia portátil con altavoces estéreo y gran autonomía.,230.23,97
ACC-0500,Webcam Logitech C920 HD Pro SE,Componente de conectividad portátil para expandir los puertos de tus dispositivos.,1518.17,68
CAM-0501,Cámara Canon EOS M50 SE,Cámara mirrorless compacta con resolución 4K y sensor APS-C.,1220.66,81
LAP-0502,Laptop Lenovo ThinkPad X1 Carbon SE,Laptop gamer de última generación con tarjeta gráfica dedicada y pantalla 144Hz.,968.36,22
TEL-0503,Teléfono Xiaomi 13 Pro SE,"Dispositivo con carga superrápida, batería de larga duración y pantalla de 120Hz.",338.09,46
AUD-0504,Audífonos Sennheiser Momentum 4 SE,Diadema ergonómica con graves profundos y batería de más de 30 horas.,888.13,74
MON-0505,Monitor BenQ EW3270U SE,Monitor gaming con tasa de refresco rápida y tiempo de respuesta de 1ms.,297.85,39
REL-0506,Reloj Huawei Watch GT 3 SE,Smartwatch deportivo resistente al agua con sensores de salud avanzados.,1442.91,63
TECL-0507,Teclado Redragon Kumara K552 SE,Teclado mecánico compacto hot-swappable ideal para programación y oficina.,924.38,80
RAT-0508,Ratón Microsoft Bluetooth Ergonomic SE,Ratón óptico ultraligero con cable mallado suave y deslizamiento perfecto.,1036.79,85
TAB-0509,Tableta Huawei MatePad 11 SE,Tableta versátil con pantalla de alta resolución ideal para estudio y entretenimiento.,1343.74,54
ACC-0510,Webcam Logitech C920 HD Pro Max,Dispositivo de almacenamiento rápido y confiable para respaldos de datos.,1305.74,71
CAM-0511,Cámara Canon EOS M50 Max,Cámara de acción resistente al agua con estabilización de imagen avanzada.,220.34,16
LAP-0512,Laptop Lenovo ThinkPad X1 Carbon Max,"Equipo portátil para trabajo pesado, edición de video y multitarea.",51.76,57
TEL-0513,Teléfono Xiaomi 13 Pro Max,Smartphone de gama alta con pantalla AMOLED y cámara de alta resolución.,47.00,17
AUD-0514,Audífonos Sennheiser Momentum 4 Max,Auriculares in-ear con audio espacial y estuche de carga inalámbrica.,690.74,81
MON-0515,Monitor BenQ EW3270U Max,Monitor curvo e inmersivo con panel IPS e iluminación de baja fatiga visual.,326.24,37
REL-0516,Reloj Huawei Watch GT 3 Max,Reloj inteligente elegante con control de notificaciones y seguimiento fit.,1551.26,31
TECL-0517,Teclado Redragon Kumara K552 Max,Teclado mecánico gamer con retroiluminación RGB configurable.,1546.07,93
RAT-0518,Ratón Microsoft Bluetooth Ergonomic Max,Ratón gamer ligero de alta precisión con sensor óptico de alta definición.,1785.26,48
TAB-0519,Tableta Huawei MatePad 11 Max,Dispositivo multimedia portátil con altavoces estéreo y gran autonomía.,1152.89,4
ACC-0520,Webcam Logitech C920 HD Pro v1,Componente de conectividad portátil para expandir los puertos de tus dispositivos.,1866.79,8
CAM-0521,Cámara Canon EOS M50 v1,Cámara mirrorless compacta con resolución 4K y sensor APS-C.,204.10,40
LAP-0522,Laptop Lenovo ThinkPad X1 Carbon v1,Laptop gamer de última generación con tarjeta gráfica dedicada y pantalla 144Hz.,160.38,50
TEL-0523,Teléfono Xiaomi 13 Pro v1,"Dispositivo con carga superrápida, batería de larga duración y pantalla de 120Hz.",1856.21,88
AUD-0524,Audífonos Sennheiser Momentum 4 v1,Diadema ergonómica con graves profundos y batería de más de 30 horas.,440.47,2
MON-0525,Monitor BenQ EW3270U v1,Monitor gaming con tasa de refresco rápida y tiempo de respuesta de 1ms.,1573.54,15
REL-0526,Reloj Huawei Watch GT 3 v1,Smartwatch deportivo resistente al agua con sensores de salud avanzados.,1896.62,28
TECL-0527,Teclado Redragon Kumara K552 v1,Teclado mecánico compacto hot-swappable ideal para programación y oficina.,1857.95,56
RAT-0528,Ratón Microsoft Bluetooth Ergonomic v1,Ratón óptico ultraligero con cable mallado suave y deslizamiento perfecto.,1491.74,73
TAB-0529,Tableta Huawei MatePad 11 v1,Tableta versátil con pantalla de alta resolución ideal para estudio y entretenimiento.,1240.81,20
ACC-0530,Webcam Logitech C920 HD Pro v2,Dispositivo de almacenamiento rápido y confiable para respaldos de datos.,1671.45,14
CAM-0531,Cámara Canon EOS M50 v2,Cámara de acción resistente al agua con estabilización de imagen avanzada.,1715.58,88
LAP-0532,Laptop Lenovo ThinkPad X1 Carbon v2,"Equipo portátil para trabajo pesado, edición de video y multitarea.",411.03,80
TEL-0533,Teléfono Xiaomi 13 Pro v2,Smartphone de gama alta con pantalla AMOLED y cámara de alta resolución.,727.39,89
AUD-0534,Audífonos Sennheiser Momentum 4 v2,Auriculares in-ear con audio espacial y estuche de carga inalámbrica.,811.61,71
MON-0535,Monitor BenQ EW3270U v2,Monitor curvo e inmersivo con panel IPS e iluminación de baja fatiga visual.,281.20,54
REL-0536,Reloj Huawei Watch GT 3 v2,Reloj inteligente elegante con control de notificaciones y seguimiento fit.,1417.25,81
TECL-0537,Teclado Redragon Kumara K552 v2,Teclado mecánico gamer con retroiluminación RGB configurable.,1385.26,32
RAT-0538,Ratón Microsoft Bluetooth Ergonomic v2,Ratón gamer ligero de alta precisión con sensor óptico de alta definición.,526.22,7
TAB-0539,Tableta Huawei MatePad 11 v2,Dispositivo multimedia portátil con altavoces estéreo y gran autonomía.,574.72,97
ACC-0540,Webcam Logitech C920 HD Pro Pro,Componente de conectividad portátil para expandir los puertos de tus dispositivos.,1171.18,86
CAM-0541,Cámara Canon EOS M50 Pro,Cámara mirrorless compacta con resolución 4K y sensor APS-C.,691.80,60
LAP-0542,Laptop Lenovo ThinkPad X1 Carbon Pro,Laptop gamer de última generación con tarjeta gráfica dedicada y pantalla 144Hz.,921.37,21
TEL-0543,Teléfono Xiaomi 13 Pro Pro,"Dispositivo con carga superrápida, batería de larga duración y pantalla de 120Hz.",1605.14,17
AUD-0544,Audífonos Sennheiser Momentum 4 Pro,Diadema ergonómica con graves profundos y batería de más de 30 horas.,1269.83,36
MON-0545,Monitor BenQ EW3270U Pro,Monitor gaming con tasa de refresco rápida y tiempo de respuesta de 1ms.,420.87,93
REL-0546,Reloj Huawei Watch GT 3 Pro,Smartwatch deportivo resistente al agua con sensores de salud avanzados.,42.69,51
TECL-0547,Teclado Redragon Kumara K552 Pro,Teclado mecánico compacto hot-swappable ideal para programación y oficina.,101.43,91
RAT-0548,Ratón Microsoft Bluetooth Ergonomic Pro,Ratón óptico ultraligero con cable mallado suave y deslizamiento perfecto.,1814.64,5
TAB-0549,Tableta Huawei MatePad 11 Pro,Tableta versátil con pantalla de alta resolución ideal para estudio y entretenimiento.,1760.44,26
ACC-0550,Webcam Logitech C920 HD Pro Plus,Dispositivo de almacenamiento rápido y confiable para respaldos de datos.,1598.20,61
CAM-0551,Cámara Canon EOS M50 Plus,Cámara de acción resistente al agua con estabilización de imagen avanzada.,980.89,86
LAP-0552,Laptop Lenovo ThinkPad X1 Carbon Plus,"Equipo portátil para trabajo pesado, edición de video y multitarea.",55.99,10
TEL-0553,Teléfono Xiaomi 13 Pro Plus,Smartphone de gama alta con pantalla AMOLED y cámara de alta resolución.,904.94,59
AUD-0554,Audífonos Sennheiser Momentum 4 Plus,Auriculares in-ear con audio espacial y estuche de carga inalámbrica.,986.94,23
MON-0555,Monitor BenQ EW3270U Plus,Monitor curvo e inmersivo con panel IPS e iluminación de baja fatiga visual.,380.25,21
REL-0556,Reloj Huawei Watch GT 3 Plus,Reloj inteligente elegante con control de notificaciones y seguimiento fit.,1313.85,25
TECL-0557,Teclado Redragon Kumara K552 Plus,Teclado mecánico gamer con retroiluminación RGB configurable.,62.45,14
RAT-0558,Ratón Microsoft Bluetooth Ergonomic Plus,Ratón gamer ligero de alta precisión con sensor óptico de alta definición.,1878.23,34
TAB-0559,Tableta Huawei MatePad 11 Plus,Dispositivo multimedia portátil con altavoces estéreo y gran autonomía.,45.24,56
ACC-0560,Webcam Logitech C920 HD Pro Ultra,Componente de conectividad portátil para expandir los puertos de tus dispositivos.,1449.23,6
CAM-0561,Cámara Canon EOS M50 Ultra,Cámara mirrorless compacta con resolución 4K y sensor APS-C.,1132.39,26
LAP-0562,Laptop Lenovo ThinkPad X1 Carbon Ultra,Laptop gamer de última generación con tarjeta gráfica dedicada y pantalla 144Hz.,1403.10,91
TEL-0563,Teléfono Xiaomi 13 Pro Ultra,"Dispositivo con carga superrápida, batería de larga duración y pantalla de 120Hz.",999.42,39
AUD-0564,Audífonos Sennheiser Momentum 4 Ultra,Diadema ergonómica con graves profundos y batería de más de 30 horas.,1761.09,26
MON-0565,Monitor BenQ EW3270U Ultra,Monitor gaming con tasa de refresco rápida y tiempo de respuesta de 1ms.,1785.30,100
REL-0566,Reloj Huawei Watch GT 3 Ultra,Smartwatch deportivo resistente al agua con sensores de salud avanzados.,1517.01,63
TECL-0567,Teclado Redragon Kumara K552 Ultra,Teclado mecánico compacto hot-swappable ideal para programación y oficina.,283.98,61
RAT-0568,Ratón Microsoft Bluetooth Ergonomic Ultra,Ratón óptico ultraligero con cable mallado suave y deslizamiento perfecto.,208.17,69
TAB-0569,Tableta Huawei MatePad 11 Ultra,Tableta versátil con pantalla de alta resolución ideal para estudio y entretenimiento.,1182.50,69
ACC-0570,Webcam Logitech C920 HD Pro Lite,Dispositivo de almacenamiento rápido y confiable para respaldos de datos.,159.64,2
CAM-0571,Cámara Canon EOS M50 Lite,Cámara de acción resistente al agua con estabilización de imagen avanzada.,303.50,15
LAP-0572,Laptop Lenovo ThinkPad X1 Carbon Lite,"Equipo portátil para trabajo pesado, edición de video y multitarea.",1796.54,51
TEL-0573,Teléfono Xiaomi 13 Pro Lite,Smartphone de gama alta con pantalla AMOLED y cámara de alta resolución.,1327.60,84
AUD-0574,Audífonos Sennheiser Momentum 4 Lite,Auriculares in-ear con audio espacial y estuche de carga inalámbrica.,602.32,71
MON-0575,Monitor BenQ EW3270U Lite,Monitor curvo e inmersivo con panel IPS e iluminación de baja fatiga visual.,590.43,86
REL-0576,Reloj Huawei Watch GT 3 Lite,Reloj inteligente elegante con control de notificaciones y seguimiento fit.,1456.00,76
TECL-0577,Teclado Redragon Kumara K552 Lite,Teclado mecánico gamer con retroiluminación RGB configurable.,753.82,90
RAT-0578,Ratón Microsoft Bluetooth Ergonomic Lite,Ratón gamer ligero de alta precisión con sensor óptico de alta definición.,1454.57,21
TAB-0579,Tableta Huawei MatePad 11 Lite,Dispositivo multimedia portátil con altavoces estéreo y gran autonomía.,611.44,52
ACC-0580,Webcam Logitech C920 HD Pro Edition 2024,Componente de conectividad portátil para expandir los puertos de tus dispositivos.,1002.60,38
CAM-0581,Cámara Canon EOS M50 Edition 2024,Cámara mirrorless compacta con resolución 4K y sensor APS-C.,1356.31,24
LAP-0582,Laptop Lenovo ThinkPad X1 Carbon Edition 2024,Laptop gamer de última generación con tarjeta gráfica dedicada y pantalla 144Hz.,402.01,15
TEL-0583,Teléfono Xiaomi 13 Pro Edition 2024,"Dispositivo con carga superrápida, batería de larga duración y pantalla de 120Hz.",1029.52,15
AUD-0584,Audífonos Sennheiser Momentum 4 Edition 2024,Diadema ergonómica con graves profundos y batería de más de 30 horas.,1138.17,33
MON-0585,Monitor BenQ EW3270U Edition 2024,Monitor gaming con tasa de refresco rápida y tiempo de respuesta de 1ms.,133.59,93
REL-0586,Reloj Huawei Watch GT 3 Edition 2024,Smartwatch deportivo resistente al agua con sensores de salud avanzados.,1405.53,16
TECL-0587,Teclado Redragon Kumara K552 Edition 2024,Teclado mecánico compacto hot-swappable ideal para programación y oficina.,1696.84,100
RAT-0588,Ratón Microsoft Bluetooth Ergonomic Edition 2024,Ratón óptico ultraligero con cable mallado suave y deslizamiento perfecto.,1382.27,52
TAB-0589,Tableta Huawei MatePad 11 Edition 2024,Tableta versátil con pantalla de alta resolución ideal para estudio y entretenimiento.,243.33,83
ACC-0590,Webcam Logitech C920 HD Pro Special Edition,Dispositivo de almacenamiento rápido y confiable para respaldos de datos.,63.30,7
CAM-0591,Cámara Canon EOS M50 Special Edition,Cámara de acción resistente al agua con estabilización de imagen avanzada.,1049.72,65
LAP-0592,Laptop Lenovo ThinkPad X1 Carbon Special Edition,"Equipo portátil para trabajo pesado, edición de video y multitarea.",152.82,66
TEL-0593,Teléfono Xiaomi 13 Pro Special Edition,Smartphone de gama alta con pantalla AMOLED y cámara de alta resolución.,1755.11,47
AUD-0594,Audífonos Sennheiser Momentum 4 Special Edition,Auriculares in-ear con audio espacial y estuche de carga inalámbrica.,252.93,88
MON-0595,Monitor BenQ EW3270U Special Edition,Monitor curvo e inmersivo con panel IPS e iluminación de baja fatiga visual.,1888.63,46
REL-0596,Reloj Huawei Watch GT 3 Special Edition,Reloj inteligente elegante con control de notificaciones y seguimiento fit.,777.64,23
TECL-0597,Teclado Redragon Kumara K552 Special Edition,Teclado mecánico gamer con retroiluminación RGB configurable.,207.28,20
RAT-0598,Ratón Microsoft Bluetooth Ergonomic Special Edition,Ratón gamer ligero de alta precisión con sensor óptico de alta definición.,1620.07,13
TAB-0599,Tableta Huawei MatePad 11 Special Edition,Dispositivo multimedia portátil con altavoces estéreo y gran autonomía.,1348.41,44
ACC-0600,Webcam Logitech C920 HD Pro Edición Negra,Componente de conectividad portátil para expandir los puertos de tus dispositivos.,1788.01,45
CAM-0601,Cámara Canon EOS M50 Edición Negra,Cámara mirrorless compacta con resolución 4K y sensor APS-C.,378.98,73
LAP-0602,Laptop Lenovo ThinkPad X1 Carbon Edición Negra,Laptop gamer de última generación con tarjeta gráfica dedicada y pantalla 144Hz.,772.00,43
TEL-0603,Teléfono Xiaomi 13 Pro Edición Negra,"Dispositivo con carga superrápida, batería de larga duración y pantalla de 120Hz.",326.46,73
AUD-0604,Audífonos Sennheiser Momentum 4 Edición Negra,Diadema ergonómica con graves profundos y batería de más de 30 horas.,136.77,50
MON-0605,Monitor BenQ EW3270U Edición Negra,Monitor gaming con tasa de refresco rápida y tiempo de respuesta de 1ms.,340.45,74
REL-0606,Reloj Huawei Watch GT 3 Edición Negra,Smartwatch deportivo resistente al agua con sensores de salud avanzados.,1401.03,8
TECL-0607,Teclado Redragon Kumara K552 Edición Negra,Teclado mecánico compacto hot-swappable ideal para programación y oficina.,1330.48,97
RAT-0608,Ratón Microsoft Bluetooth Ergonomic Edición Negra,Ratón óptico ultraligero con cable mallado suave y deslizamiento perfecto.,263.40,27
TAB-0609,Tableta Huawei MatePad 11 Edición Negra,Tableta versátil con pantalla de alta resolución ideal para estudio y entretenimiento.,1202.72,40
ACC-0610,Webcam Logitech C920 HD Pro Edición Plata,Dispositivo de almacenamiento rápido y confiable para respaldos de datos.,854.03,40
CAM-0611,Cámara Canon EOS M50 Edición Plata,Cámara de acción resistente al agua con estabilización de imagen avanzada.,1040.20,45
LAP-0612,Laptop Lenovo ThinkPad X1 Carbon Edición Plata,"Equipo portátil para trabajo pesado, edición de video y multitarea.",1571.02,29
TEL-0613,Teléfono Xiaomi 13 Pro Edición Plata,Smartphone de gama alta con pantalla AMOLED y cámara de alta resolución.,538.31,16
AUD-0614,Audífonos Sennheiser Momentum 4 Edición Plata,Auriculares in-ear con audio espacial y estuche de carga inalámbrica.,494.24,78
MON-0615,Monitor BenQ EW3270U Edición Plata,Monitor curvo e inmersivo con panel IPS e iluminación de baja fatiga visual.,451.34,10
REL-0616,Reloj Huawei Watch GT 3 Edición Plata,Reloj inteligente elegante con control de notificaciones y seguimiento fit.,66.27,58
TECL-0617,Teclado Redragon Kumara K552 Edición Plata,Teclado mecánico gamer con retroiluminación RGB configurable.,1322.18,59
RAT-0618,Ratón Microsoft Bluetooth Ergonomic Edición Plata,Ratón gamer ligero de alta precisión con sensor óptico de alta definición.,882.16,24
TAB-0619,Tableta Huawei MatePad 11 Edición Plata,Dispositivo multimedia portátil con altavoces estéreo y gran autonomía.,974.58,1
ACC-0620,Webcam Logitech C920 HD Pro S,Componente de conectividad portátil para expandir los puertos de tus dispositivos.,436.90,65
CAM-0621,Cámara Canon EOS M50 S,Cámara mirrorless compacta con resolución 4K y sensor APS-C.,608.12,80
LAP-0622,Laptop Lenovo ThinkPad X1 Carbon S,Laptop gamer de última generación con tarjeta gráfica dedicada y pantalla 144Hz.,572.91,99
TEL-0623,Teléfono Xiaomi 13 Pro S,"Dispositivo con carga superrápida, batería de larga duración y pantalla de 120Hz.",101.23,22
AUD-0624,Audífonos Sennheiser Momentum 4 S,Diadema ergonómica con graves profundos y batería de más de 30 horas.,372.43,5
MON-0625,Monitor BenQ EW3270U S,Monitor gaming con tasa de refresco rápida y tiempo de respuesta de 1ms.,1896.29,33
REL-0626,Reloj Huawei Watch GT 3 S,Smartwatch deportivo resistente al agua con sensores de salud avanzados.,704.54,16
TECL-0627,Teclado Redragon Kumara K552 S,Teclado mecánico compacto hot-swappable ideal para programación y oficina.,1766.37,94
RAT-0628,Ratón Microsoft Bluetooth Ergonomic S,Ratón óptico ultraligero con cable mallado suave y deslizamiento perfecto.,1670.08,12
TAB-0629,Tableta Huawei MatePad 11 S,Tableta versátil con pantalla de alta resolución ideal para estudio y entretenimiento.,117.69,63
ACC-0630,Webcam Logitech C920 HD Pro SE,Dispositivo de almacenamiento rápido y confiable para respaldos de datos.,1888.76,20
CAM-0631,Cámara Canon EOS M50 SE,Cámara de acción resistente al agua con estabilización de imagen avanzada.,1508.39,44
LAP-0632,Laptop Lenovo ThinkPad X1 Carbon SE,"Equipo portátil para trabajo pesado, edición de video y multitarea.",707.73,69
TEL-0633,Teléfono Xiaomi 13 Pro SE,Smartphone de gama alta con pantalla AMOLED y cámara de alta resolución.,99.76,7
AUD-0634,Audífonos Sennheiser Momentum 4 SE,Auriculares in-ear con audio espacial y estuche de carga inalámbrica.,256.64,84
MON-0635,Monitor BenQ EW3270U SE,Monitor curvo e inmersivo con panel IPS e iluminación de baja fatiga visual.,667.10,100
REL-0636,Reloj Huawei Watch GT 3 SE,Reloj inteligente elegante con control de notificaciones y seguimiento fit.,392.41,1
TECL-0637,Teclado Redragon Kumara K552 SE,Teclado mecánico gamer con retroiluminación RGB configurable.,941.14,35
RAT-0638,Ratón Microsoft Bluetooth Ergonomic SE,Ratón gamer ligero de alta precisión con sensor óptico de alta definición.,1204.98,61
TAB-0639,Tableta Huawei MatePad 11 SE,Dispositivo multimedia portátil con altavoces estéreo y gran autonomía.,1349.71,79
ACC-0640,Webcam Logitech C920 HD Pro Max,Componente de conectividad portátil para expandir los puertos de tus dispositivos.,50.14,59
CAM-0641,Cámara Canon EOS M50 Max,Cámara mirrorless compacta con resolución 4K y sensor APS-C.,736.15,2
LAP-0642,Laptop Lenovo ThinkPad X1 Carbon Max,Laptop gamer de última generación con tarjeta gráfica dedicada y pantalla 144Hz.,1260.30,33
TEL-0643,Teléfono Xiaomi 13 Pro Max,"Dispositivo con carga superrápida, batería de larga duración y pantalla de 120Hz.",1053.36,50
AUD-0644,Audífonos Sennheiser Momentum 4 Max,Diadema ergonómica con graves profundos y batería de más de 30 horas.,930.87,56
MON-0645,Monitor BenQ EW3270U Max,Monitor gaming con tasa de refresco rápida y tiempo de respuesta de 1ms.,387.44,20
REL-0646,Reloj Huawei Watch GT 3 Max,Smartwatch deportivo resistente al agua con sensores de salud avanzados.,1094.91,76
TECL-0647,Teclado Redragon Kumara K552 Max,Teclado mecánico compacto hot-swappable ideal para programación y oficina.,1720.71,70
RAT-0648,Ratón Microsoft Bluetooth Ergonomic Max,Ratón óptico ultraligero con cable mallado suave y deslizamiento perfecto.,1225.53,74
TAB-0649,Tableta Huawei MatePad 11 Max,Tableta versátil con pantalla de alta resolución ideal para estudio y entretenimiento.,691.87,29
ACC-0650,Webcam Logitech C920 HD Pro v1,Dispositivo de almacenamiento rápido y confiable para respaldos de datos.,607.39,88
CAM-0651,Cámara Canon EOS M50 v1,Cámara de acción resistente al agua con estabilización de imagen avanzada.,98.28,73
LAP-0652,Laptop Lenovo ThinkPad X1 Carbon v1,"Equipo portátil para trabajo pesado, edición de video y multitarea.",287.05,75
TEL-0653,Teléfono Xiaomi 13 Pro v1,Smartphone de gama alta con pantalla AMOLED y cámara de alta resolución.,1409.87,64
AUD-0654,Audífonos Sennheiser Momentum 4 v1,Auriculares in-ear con audio espacial y estuche de carga inalámbrica.,1259.14,50
MON-0655,Monitor BenQ EW3270U v1,Monitor curvo e inmersivo con panel IPS e iluminación de baja fatiga visual.,1560.50,25
REL-0656,Reloj Huawei Watch GT 3 v1,Reloj inteligente elegante con control de notificaciones y seguimiento fit.,1270.00,88
TECL-0657,Teclado Redragon Kumara K552 v1,Teclado mecánico gamer con retroiluminación RGB configurable.,1137.22,33
RAT-0658,Ratón Microsoft Bluetooth Ergonomic v1,Ratón gamer ligero de alta precisión con sensor óptico de alta definición.,304.01,9
TAB-0659,Tableta Huawei MatePad 11 v1,Dispositivo multimedia portátil con altavoces estéreo y gran autonomía.,1381.66,99
ACC-0660,Webcam Logitech C920 HD Pro v2,Componente de conectividad portátil para expandir los puertos de tus dispositivos.,46.38,83
CAM-0661,Cámara Canon EOS M50 v2,Cámara mirrorless compacta con resolución 4K y sensor APS-C.,1761.29,54
LAP-0662,Laptop Lenovo ThinkPad X1 Carbon v2,Laptop gamer de última generación con tarjeta gráfica dedicada y pantalla 144Hz.,1211.57,4
TEL-0663,Teléfono Xiaomi 13 Pro v2,"Dispositivo con carga superrápida, batería de larga duración y pantalla de 120Hz.",1690.10,79
AUD-0664,Audífonos Sennheiser Momentum 4 v2,Diadema ergonómica con graves profundos y batería de más de 30 horas.,1496.81,66
MON-0665,Monitor BenQ EW3270U v2,Monitor gaming con tasa de refresco rápida y tiempo de respuesta de 1ms.,998.02,30
REL-0666,Reloj Huawei Watch GT 3 v2,Smartwatch deportivo resistente al agua con sensores de salud avanzados.,875.32,49
TECL-0667,Teclado Redragon Kumara K552 v2,Teclado mecánico compacto hot-swappable ideal para programación y oficina.,210.38,56
RAT-0668,Ratón Microsoft Bluetooth Ergonomic v2,Ratón óptico ultraligero con cable mallado suave y deslizamiento perfecto.,886.45,3
TAB-0669,Tableta Huawei MatePad 11 v2,Tableta versátil con pantalla de alta resolución ideal para estudio y entretenimiento.,584.71,67
ACC-0670,Webcam Logitech C920 HD Pro Pro,Dispositivo de almacenamiento rápido y confiable para respaldos de datos.,1080.34,95
CAM-0671,Cámara Canon EOS M50 Pro,Cámara de acción resistente al agua con estabilización de imagen avanzada.,1526.97,18
LAP-0672,Laptop Lenovo ThinkPad X1 Carbon Pro,"Equipo portátil para trabajo pesado, edición de video y multitarea.",49.52,28
TEL-0673,Teléfono Xiaomi 13 Pro Pro,Smartphone de gama alta con pantalla AMOLED y cámara de alta resolución.,1014.00,58
AUD-0674,Audífonos Sennheiser Momentum 4 Pro,Auriculares in-ear con audio espacial y estuche de carga inalámbrica.,780.67,11
MON-0675,Monitor BenQ EW3270U Pro,Monitor curvo e inmersivo con panel IPS e iluminación de baja fatiga visual.,405.11,45
REL-0676,Reloj Huawei Watch GT 3 Pro,Reloj inteligente elegante con control de notificaciones y seguimiento fit.,72.57,86
TECL-0677,Teclado Redragon Kumara K552 Pro,Teclado mecánico gamer con retroiluminación RGB configurable.,1201.74,83
RAT-0678,Ratón Microsoft Bluetooth Ergonomic Pro,Ratón gamer ligero de alta precisión con sensor óptico de alta definición.,222.77,41
TAB-0679,Tableta Huawei MatePad 11 Pro,Dispositivo multimedia portátil con altavoces estéreo y gran autonomía.,1739.57,78
ACC-0680,Webcam Logitech C920 HD Pro Plus,Componente de conectividad portátil para expandir los puertos de tus dispositivos.,1169.90,76
CAM-0681,Cámara Canon EOS M50 Plus,Cámara mirrorless compacta con resolución 4K y sensor APS-C.,795.58,41
LAP-0682,Laptop Lenovo ThinkPad X1 Carbon Plus,Laptop gamer de última generación con tarjeta gráfica dedicada y pantalla 144Hz.,1012.52,26
TEL-0683,Teléfono Xiaomi 13 Pro Plus,"Dispositivo con carga superrápida, batería de larga duración y pantalla de 120Hz.",764.84,5
AUD-0684,Audífonos Sennheiser Momentum 4 Plus,Diadema ergonómica con graves profundos y batería de más de 30 horas.,746.89,78
MON-0685,Monitor BenQ EW3270U Plus,Monitor gaming con tasa de refresco rápida y tiempo de respuesta de 1ms.,576.61,11
REL-0686,Reloj Huawei Watch GT 3 Plus,Smartwatch deportivo resistente al agua con sensores de salud avanzados.,1872.22,68
TECL-0687,Teclado Redragon Kumara K552 Plus,Teclado mecánico compacto hot-swappable ideal para programación y oficina.,780.17,18
RAT-0688,Ratón Microsoft Bluetooth Ergonomic Plus,Ratón óptico ultraligero con cable mallado suave y deslizamiento perfecto.,1535.00,95
TAB-0689,Tableta Huawei MatePad 11 Plus,Tableta versátil con pantalla de alta resolución ideal para estudio y entretenimiento.,1162.33,43
ACC-0690,Webcam Logitech C920 HD Pro Ultra,Dispositivo de almacenamiento rápido y confiable para respaldos de datos.,631.15,60
CAM-0691,Cámara Canon EOS M50 Ultra,Cámara de acción resistente al agua con estabilización de imagen avanzada.,1314.73,17
LAP-0692,Laptop Lenovo ThinkPad X1 Carbon Ultra,"Equipo portátil para trabajo pesado, edición de video y multitarea.",1662.51,83
TEL-0693,Teléfono Xiaomi 13 Pro Ultra,Smartphone de gama alta con pantalla AMOLED y cámara de alta resolución.,923.71,75
AUD-0694,Audífonos Sennheiser Momentum 4 Ultra,Auriculares in-ear con audio espacial y estuche de carga inalámbrica.,1340.49,36
MON-0695,Monitor BenQ EW3270U Ultra,Monitor curvo e inmersivo con panel IPS e iluminación de baja fatiga visual.,640.39,94
REL-0696,Reloj Huawei Watch GT 3 Ultra,Reloj inteligente elegante con control de notificaciones y seguimiento fit.,331.93,31
TECL-0697,Teclado Redragon Kumara K552 Ultra,Teclado mecánico gamer con retroiluminación RGB configurable.,273.70,8
RAT-0698,Ratón Microsoft Bluetooth Ergonomic Ultra,Ratón gamer ligero de alta precisión con sensor óptico de alta definición.,1635.98,47
TAB-0699,Tableta Huawei MatePad 11 Ultra,Dispositivo multimedia portátil con altavoces estéreo y gran autonomía.,707.48,83
ACC-0700,Webcam Logitech C920 HD Pro Lite,Componente de conectividad portátil para expandir los puertos de tus dispositivos.,329.14,25
CAM-0701,Cámara Canon EOS M50 Lite,Cámara mirrorless compacta con resolución 4K y sensor APS-C.,1423.60,64
LAP-0702,Laptop Lenovo ThinkPad X1 Carbon Lite,Laptop gamer de última generación con tarjeta gráfica dedicada y pantalla 144Hz.,1457.94,14
TEL-0703,Teléfono Xiaomi 13 Pro Lite,"Dispositivo con carga superrápida, batería de larga duración y pantalla de 120Hz.",110.43,20
AUD-0704,Audífonos Sennheiser Momentum 4 Lite,Diadema ergonómica con graves profundos y batería de más de 30 horas.,1600.24,48
MON-0705,Monitor BenQ EW3270U Lite,Monitor gaming con tasa de refresco rápida y tiempo de respuesta de 1ms.,1485.52,2
REL-0706,Reloj Huawei Watch GT 3 Lite,Smartwatch deportivo resistente al agua con sensores de salud avanzados.,1192.77,34
TECL-0707,Teclado Redragon Kumara K552 Lite,Teclado mecánico compacto hot-swappable ideal para programación y oficina.,49.23,81
RAT-0708,Ratón Microsoft Bluetooth Ergonomic Lite,Ratón óptico ultraligero con cable mallado suave y deslizamiento perfecto.,250.37,95
TAB-0709,Tableta Huawei MatePad 11 Lite,Tableta versátil con pantalla de alta resolución ideal para estudio y entretenimiento.,1022.34,35
ACC-0710,Webcam Logitech C920 HD Pro Edition 2024,Dispositivo de almacenamiento rápido y confiable para respaldos de datos.,733.01,72
CAM-0711,Cámara Canon EOS M50 Edition 2024,Cámara de acción resistente al agua con estabilización de imagen avanzada.,1174.17,51
LAP-0712,Laptop Lenovo ThinkPad X1 Carbon Edition 2024,"Equipo portátil para trabajo pesado, edición de video y multitarea.",565.21,64
TEL-0713,Teléfono Xiaomi 13 Pro Edition 2024,Smartphone de gama alta con pantalla AMOLED y cámara de alta resolución.,750.94,37
AUD-0714,Audífonos Sennheiser Momentum 4 Edition 2024,Auriculares in-ear con audio espacial y estuche de carga inalámbrica.,1473.12,9
MON-0715,Monitor BenQ EW3270U Edition 2024,Monitor curvo e inmersivo con panel IPS e iluminación de baja fatiga visual.,982.78,20
REL-0716,Reloj Huawei Watch GT 3 Edition 2024,Reloj inteligente elegante con control de notificaciones y seguimiento fit.,324.17,95
TECL-0717,Teclado Redragon Kumara K552 Edition 2024,Teclado mecánico gamer con retroiluminación RGB configurable.,464.69,20
RAT-0718,Ratón Microsoft Bluetooth Ergonomic Edition 2024,Ratón gamer ligero de alta precisión con sensor óptico de alta definición.,506.33,81
TAB-0719,Tableta Huawei MatePad 11 Edition 2024,Dispositivo multimedia portátil con altavoces estéreo y gran autonomía.,536.72,90
ACC-0720,Webcam Logitech C920 HD Pro Special Edition,Componente de conectividad portátil para expandir los puertos de tus dispositivos.,1424.06,20
CAM-0721,Cámara Canon EOS M50 Special Edition,Cámara mirrorless compacta con resolución 4K y sensor APS-C.,304.95,53
LAP-0722,Laptop Lenovo ThinkPad X1 Carbon Special Edition,Laptop gamer de última generación con tarjeta gráfica dedicada y pantalla 144Hz.,1165.98,20
TEL-0723,Teléfono Xiaomi 13 Pro Special Edition,"Dispositivo con carga superrápida, batería de larga duración y pantalla de 120Hz.",1038.25,27
AUD-0724,Audífonos Sennheiser Momentum 4 Special Edition,Diadema ergonómica con graves profundos y batería de más de 30 horas.,1665.04,38
MON-0725,Monitor BenQ EW3270U Special Edition,Monitor gaming con tasa de refresco rápida y tiempo de respuesta de 1ms.,177.09,7
REL-0726,Reloj Huawei Watch GT 3 Special Edition,Smartwatch deportivo resistente al agua con sensores de salud avanzados.,512.10,46
TECL-0727,Teclado Redragon Kumara K552 Special Edition,Teclado mecánico compacto hot-swappable ideal para programación y oficina.,1668.22,22
RAT-0728,Ratón Microsoft Bluetooth Ergonomic Special Edition,Ratón óptico ultraligero con cable mallado suave y deslizamiento perfecto.,1746.79,57
TAB-0729,Tableta Huawei MatePad 11 Special Edition,Tableta versátil con pantalla de alta resolución ideal para estudio y entretenimiento.,1337.13,42
ACC-0730,Webcam Logitech C920 HD Pro Edición Negra,Dispositivo de almacenamiento rápido y confiable para respaldos de datos.,587.34,80
CAM-0731,Cámara Canon EOS M50 Edición Negra,Cámara de acción resistente al agua con estabilización de imagen avanzada.,1376.25,90
LAP-0732,Laptop Lenovo ThinkPad X1 Carbon Edición Negra,"Equipo portátil para trabajo pesado, edición de video y multitarea.",1263.69,50
TEL-0733,Teléfono Xiaomi 13 Pro Edición Negra,Smartphone de gama alta con pantalla AMOLED y cámara de alta resolución.,801.42,82
AUD-0734,Audífonos Sennheiser Momentum 4 Edición Negra,Auriculares in-ear con audio espacial y estuche de carga inalámbrica.,1297.31,34
MON-0735,Monitor BenQ EW3270U Edición Negra,Monitor curvo e inmersivo con panel IPS e iluminación de baja fatiga visual.,818.13,17
REL-0736,Reloj Huawei Watch GT 3 Edición Negra,Reloj inteligente elegante con control de notificaciones y seguimiento fit.,492.63,10
TECL-0737,Teclado Redragon Kumara K552 Edición Negra,Teclado mecánico gamer con retroiluminación RGB configurable.,21.23,25
RAT-0738,Ratón Microsoft Bluetooth Ergonomic Edición Negra,Ratón gamer ligero de alta precisión con sensor óptico de alta definición.,1621.39,12
TAB-0739,Tableta Huawei MatePad 11 Edición Negra,Dispositivo multimedia portátil con altavoces estéreo y gran autonomía.,383.02,89
ACC-0740,Webcam Logitech C920 HD Pro Edición Plata,Componente de conectividad portátil para expandir los puertos de tus dispositivos.,1098.95,6
CAM-0741,Cámara Canon EOS M50 Edición Plata,Cámara mirrorless compacta con resolución 4K y sensor APS-C.,432.05,68
LAP-0742,Laptop Lenovo ThinkPad X1 Carbon Edición Plata,Laptop gamer de última generación con tarjeta gráfica dedicada y pantalla 144Hz.,798.05,40
TEL-0743,Teléfono Xiaomi 13 Pro Edición Plata,"Dispositivo con carga superrápida, batería de larga duración y pantalla de 120Hz.",1335.00,37
AUD-0744,Audífonos Sennheiser Momentum 4 Edición Plata,Diadema ergonómica con graves profundos y batería de más de 30 horas.,598.09,69
MON-0745,Monitor BenQ EW3270U Edición Plata,Monitor gaming con tasa de refresco rápida y tiempo de respuesta de 1ms.,431.56,86
REL-0746,Reloj Huawei Watch GT 3 Edición Plata,Smartwatch deportivo resistente al agua con sensores de salud avanzados.,814.41,21
TECL-0747,Teclado Redragon Kumara K552 Edición Plata,Teclado mecánico compacto hot-swappable ideal para programación y oficina.,578.42,81
RAT-0748,Ratón Microsoft Bluetooth Ergonomic Edición Plata,Ratón óptico ultraligero con cable mallado suave y deslizamiento perfecto.,150.67,42
TAB-0749,Tableta Huawei MatePad 11 Edición Plata,Tableta versátil con pantalla de alta resolución ideal para estudio y entretenimiento.,1448.64,87
ACC-0750,Webcam Logitech C920 HD Pro S,Dispositivo de almacenamiento rápido y confiable para respaldos de datos.,631.52,18
CAM-0751,Cámara Canon EOS M50 S,Cámara de acción resistente al agua con estabilización de imagen avanzada.,1435.51,67
LAP-0752,Laptop Lenovo ThinkPad X1 Carbon S,"Equipo portátil para trabajo pesado, edición de video y multitarea.",988.96,93
TEL-0753,Teléfono Xiaomi 13 Pro S,Smartphone de gama alta con pantalla AMOLED y cámara de alta resolución.,1456.81,10
AUD-0754,Audífonos Sennheiser Momentum 4 S,Auriculares in-ear con audio espacial y estuche de carga inalámbrica.,353.94,64
MON-0755,Monitor BenQ EW3270U S,Monitor curvo e inmersivo con panel IPS e iluminación de baja fatiga visual.,1662.12,52
REL-0756,Reloj Huawei Watch GT 3 S,Reloj inteligente elegante con control de notificaciones y seguimiento fit.,881.11,35
TECL-0757,Teclado Redragon Kumara K552 S,Teclado mecánico gamer con retroiluminación RGB configurable.,762.78,24
RAT-0758,Ratón Microsoft Bluetooth Ergonomic S,Ratón gamer ligero de alta precisión con sensor óptico de alta definición.,640.12,68
TAB-0759,Tableta Huawei MatePad 11 S,Dispositivo multimedia portátil con altavoces estéreo y gran autonomía.,127.24,69
ACC-0760,Webcam Logitech C920 HD Pro SE,Componente de conectividad portátil para expandir los puertos de tus dispositivos.,268.77,44
CAM-0761,Cámara Canon EOS M50 SE,Cámara mirrorless compacta con resolución 4K y sensor APS-C.,439.96,100
LAP-0762,Laptop Lenovo ThinkPad X1 Carbon SE,Laptop gamer de última generación con tarjeta gráfica dedicada y pantalla 144Hz.,1826.78,48
TEL-0763,Teléfono Xiaomi 13 Pro SE,"Dispositivo con carga superrápida, batería de larga duración y pantalla de 120Hz.",1185.61,64
AUD-0764,Audífonos Sennheiser Momentum 4 SE,Diadema ergonómica con graves profundos y batería de más de 30 horas.,1897.09,86
MON-0765,Monitor BenQ EW3270U SE,Monitor gaming con tasa de refresco rápida y tiempo de respuesta de 1ms.,79.08,32
REL-0766,Reloj Huawei Watch GT 3 SE,Smartwatch deportivo resistente al agua con sensores de salud avanzados.,540.52,29
TECL-0767,Teclado Redragon Kumara K552 SE,Teclado mecánico compacto hot-swappable ideal para programación y oficina.,1601.20,93
RAT-0768,Ratón Microsoft Bluetooth Ergonomic SE,Ratón óptico ultraligero con cable mallado suave y deslizamiento perfecto.,180.78,59
TAB-0769,Tableta Huawei MatePad 11 SE,Tableta versátil con pantalla de alta resolución ideal para estudio y entretenimiento.,37.58,79
ACC-0770,Webcam Logitech C920 HD Pro Max,Dispositivo de almacenamiento rápido y confiable para respaldos de datos.,734.13,100
CAM-0771,Cámara Canon EOS M50 Max,Cámara de acción resistente al agua con estabilización de imagen avanzada.,1849.88,20
LAP-0772,Laptop Lenovo ThinkPad X1 Carbon Max,"Equipo portátil para trabajo pesado, edición de video y multitarea.",212.92,71
TEL-0773,Teléfono Xiaomi 13 Pro Max,Smartphone de gama alta con pantalla AMOLED y cámara de alta resolución.,339.94,87
AUD-0774,Audífonos Sennheiser Momentum 4 Max,Auriculares in-ear con audio espacial y estuche de carga inalámbrica.,584.43,16
MON-0775,Monitor BenQ EW3270U Max,Monitor curvo e inmersivo con panel IPS e iluminación de baja fatiga visual.,932.19,3
REL-0776,Reloj Huawei Watch GT 3 Max,Reloj inteligente elegante con control de notificaciones y seguimiento fit.,864.72,78
TECL-0777,Teclado Redragon Kumara K552 Max,Teclado mecánico gamer con retroiluminación RGB configurable.,448.06,58
RAT-0778,Ratón Microsoft Bluetooth Ergonomic Max,Ratón gamer ligero de alta precisión con sensor óptico de alta definición.,96.15,17
TAB-0779,Tableta Huawei MatePad 11 Max,Dispositivo multimedia portátil con altavoces estéreo y gran autonomía.,1076.93,23
ACC-0780,Webcam Logitech C920 HD Pro v1,Componente de conectividad portátil para expandir los puertos de tus dispositivos.,395.96,42
CAM-0781,Cámara Canon EOS M50 v1,Cámara mirrorless compacta con resolución 4K y sensor APS-C.,418.64,52
LAP-0782,Laptop Lenovo ThinkPad X1 Carbon v1,Laptop gamer de última generación con tarjeta gráfica dedicada y pantalla 144Hz.,1276.59,33
TEL-0783,Teléfono Xiaomi 13 Pro v1,"Dispositivo con carga superrápida, batería de larga duración y pantalla de 120Hz.",1051.26,28
AUD-0784,Audífonos Sennheiser Momentum 4 v1,Diadema ergonómica con graves profundos y batería de más de 30 horas.,831.40,78
MON-0785,Monitor BenQ EW3270U v1,Monitor gaming con tasa de refresco rápida y tiempo de respuesta de 1ms.,986.82,24
REL-0786,Reloj Huawei Watch GT 3 v1,Smartwatch deportivo resistente al agua con sensores de salud avanzados.,1537.55,7
TECL-0787,Teclado Redragon Kumara K552 v1,Teclado mecánico compacto hot-swappable ideal para programación y oficina.,593.19,81
RAT-0788,Ratón Microsoft Bluetooth Ergonomic v1,Ratón óptico ultraligero con cable mallado suave y deslizamiento perfecto.,1121.27,2
TAB-0789,Tableta Huawei MatePad 11 v1,Tableta versátil con pantalla de alta resolución ideal para estudio y entretenimiento.,917.79,82
ACC-0790,Webcam Logitech C920 HD Pro v2,Dispositivo de almacenamiento rápido y confiable para respaldos de datos.,1220.86,93
CAM-0791,Cámara Canon EOS M50 v2,Cámara de acción resistente al agua con estabilización de imagen avanzada.,1288.45,77
LAP-0792,Laptop Lenovo ThinkPad X1 Carbon v2,"Equipo portátil para trabajo pesado, edición de video y multitarea.",1092.67,67
TEL-0793,Teléfono Xiaomi 13 Pro v2,Smartphone de gama alta con pantalla AMOLED y cámara de alta resolución.,1520.64,96
AUD-0794,Audífonos Sennheiser Momentum 4 v2,Auriculares in-ear con audio espacial y estuche de carga inalámbrica.,595.62,67
MON-0795,Monitor BenQ EW3270U v2,Monitor curvo e inmersivo con panel IPS e iluminación de baja fatiga visual.,771.07,59
REL-0796,Reloj Huawei Watch GT 3 v2,Reloj inteligente elegante con control de notificaciones y seguimiento fit.,1073.19,62
TECL-0797,Teclado Redragon Kumara K552 v2,Teclado mecánico gamer con retroiluminación RGB configurable.,1718.92,51
RAT-0798,Ratón Microsoft Bluetooth Ergonomic v2,Ratón gamer ligero de alta precisión con sensor óptico de alta definición.,791.20,55
TAB-0799,Tableta Huawei MatePad 11 v2,Dispositivo multimedia portátil con altavoces estéreo y gran autonomía.,1662.39,83
ACC-0800,Webcam Logitech C920 HD Pro Pro,Componente de conectividad portátil para expandir los puertos de tus dispositivos.,1280.84,76
CAM-0801,Cámara Canon EOS M50 Pro,Cámara mirrorless compacta con resolución 4K y sensor APS-C.,214.06,46
LAP-0802,Laptop Lenovo ThinkPad X1 Carbon Pro,Laptop gamer de última generación con tarjeta gráfica dedicada y pantalla 144Hz.,1049.64,71
TEL-0803,Teléfono Xiaomi 13 Pro Pro,"Dispositivo con carga superrápida, batería de larga duración y pantalla de 120Hz.",221.67,63
AUD-0804,Audífonos Sennheiser Momentum 4 Pro,Diadema ergonómica con graves profundos y batería de más de 30 horas.,918.20,59
MON-0805,Monitor BenQ EW3270U Pro,Monitor gaming con tasa de refresco rápida y tiempo de respuesta de 1ms.,946.85,10
REL-0806,Reloj Huawei Watch GT 3 Pro,Smartwatch deportivo resistente al agua con sensores de salud avanzados.,1756.07,2
TECL-0807,Teclado Redragon Kumara K552 Pro,Teclado mecánico compacto hot-swappable ideal para programación y oficina.,708.47,13
RAT-0808,Ratón Microsoft Bluetooth Ergonomic Pro,Ratón óptico ultraligero con cable mallado suave y deslizamiento perfecto.,702.48,84
TAB-0809,Tableta Huawei MatePad 11 Pro,Tableta versátil con pantalla de alta resolución ideal para estudio y entretenimiento.,110.75,49
ACC-0810,Webcam Logitech C920 HD Pro Plus,Dispositivo de almacenamiento rápido y confiable para respaldos de datos.,1362.37,74
CAM-0811,Cámara Canon EOS M50 Plus,Cámara de acción resistente al agua con estabilización de imagen avanzada.,187.55,67
LAP-0812,Laptop Lenovo ThinkPad X1 Carbon Plus,"Equipo portátil para trabajo pesado, edición de video y multitarea.",75.01,79
TEL-0813,Teléfono Xiaomi 13 Pro Plus,Smartphone de gama alta con pantalla AMOLED y cámara de alta resolución.,1701.56,3
AUD-0814,Audífonos Sennheiser Momentum 4 Plus,Auriculares in-ear con audio espacial y estuche de carga inalámbrica.,1148.13,17
MON-0815,Monitor BenQ EW3270U Plus,Monitor curvo e inmersivo con panel IPS e iluminación de baja fatiga visual.,1703.38,37
REL-0816,Reloj Huawei Watch GT 3 Plus,Reloj inteligente elegante con control de notificaciones y seguimiento fit.,317.77,14
TECL-0817,Teclado Redragon Kumara K552 Plus,Teclado mecánico gamer con retroiluminación RGB configurable.,256.24,41
RAT-0818,Ratón Microsoft Bluetooth Ergonomic Plus,Ratón gamer ligero de alta precisión con sensor óptico de alta definición.,901.29,41
TAB-0819,Tableta Huawei MatePad 11 Plus,Dispositivo multimedia portátil con altavoces estéreo y gran autonomía.,701.55,22
ACC-0820,Webcam Logitech C920 HD Pro Ultra,Componente de conectividad portátil para expandir los puertos de tus dispositivos.,424.06,67
CAM-0821,Cámara Canon EOS M50 Ultra,Cámara mirrorless compacta con resolución 4K y sensor APS-C.,1090.42,63
LAP-0822,Laptop Lenovo ThinkPad X1 Carbon Ultra,Laptop gamer de última generación con tarjeta gráfica dedicada y pantalla 144Hz.,1749.05,52
TEL-0823,Teléfono Xiaomi 13 Pro Ultra,"Dispositivo con carga superrápida, batería de larga duración y pantalla de 120Hz.",649.69,31
AUD-0824,Audífonos Sennheiser Momentum 4 Ultra,Diadema ergonómica con graves profundos y batería de más de 30 horas.,1230.92,97
MON-0825,Monitor BenQ EW3270U Ultra,Monitor gaming con tasa de refresco rápida y tiempo de respuesta de 1ms.,525.57,95
REL-0826,Reloj Huawei Watch GT 3 Ultra,Smartwatch deportivo resistente al agua con sensores de salud avanzados.,1058.41,82
TECL-0827,Teclado Redragon Kumara K552 Ultra,Teclado mecánico compacto hot-swappable ideal para programación y oficina.,688.41,36
RAT-0828,Ratón Microsoft Bluetooth Ergonomic Ultra,Ratón óptico ultraligero con cable mallado suave y deslizamiento perfecto.,390.58,93
TAB-0829,Tableta Huawei MatePad 11 Ultra,Tableta versátil con pantalla de alta resolución ideal para estudio y entretenimiento.,404.55,61
ACC-0830,Webcam Logitech C920 HD Pro Lite,Dispositivo de almacenamiento rápido y confiable para respaldos de datos.,215.15,98
CAM-0831,Cámara Canon EOS M50 Lite,Cámara de acción resistente al agua con estabilización de imagen avanzada.,312.48,52
LAP-0832,Laptop Lenovo ThinkPad X1 Carbon Lite,"Equipo portátil para trabajo pesado, edición de video y multitarea.",1394.69,70
TEL-0833,Teléfono Xiaomi 13 Pro Lite,Smartphone de gama alta con pantalla AMOLED y cámara de alta resolución.,1084.45,38
AUD-0834,Audífonos Sennheiser Momentum 4 Lite,Auriculares in-ear con audio espacial y estuche de carga inalámbrica.,572.53,26
MON-0835,Monitor BenQ EW3270U Lite,Monitor curvo e inmersivo con panel IPS e iluminación de baja fatiga visual.,1178.49,92
REL-0836,Reloj Huawei Watch GT 3 Lite,Reloj inteligente elegante con control de notificaciones y seguimiento fit.,784.17,72
TECL-0837,Teclado Redragon Kumara K552 Lite,Teclado mecánico gamer con retroiluminación RGB configurable.,1062.68,57
RAT-0838,Ratón Microsoft Bluetooth Ergonomic Lite,Ratón gamer ligero de alta precisión con sensor óptico de alta definición.,973.18,42
TAB-0839,Tableta Huawei MatePad 11 Lite,Dispositivo multimedia portátil con altavoces estéreo y gran autonomía.,1181.28,15
ACC-0840,Webcam Logitech C920 HD Pro Edition 2024,Componente de conectividad portátil para expandir los puertos de tus dispositivos.,406.65,53
CAM-0841,Cámara Canon EOS M50 Edition 2024,Cámara mirrorless compacta con resolución 4K y sensor APS-C.,1104.35,90
LAP-0842,Laptop Lenovo ThinkPad X1 Carbon Edition 2024,Laptop gamer de última generación con tarjeta gráfica dedicada y pantalla 144Hz.,1666.55,63
TEL-0843,Teléfono Xiaomi 13 Pro Edition 2024,"Dispositivo con carga superrápida, batería de larga duración y pantalla de 120Hz.",1269.59,67
AUD-0844,Audífonos Sennheiser Momentum 4 Edition 2024,Diadema ergonómica con graves profundos y batería de más de 30 horas.,1231.36,95
MON-0845,Monitor BenQ EW3270U Edition 2024,Monitor gaming con tasa de refresco rápida y tiempo de respuesta de 1ms.,121.59,83
REL-0846,Reloj Huawei Watch GT 3 Edition 2024,Smartwatch deportivo resistente al agua con sensores de salud avanzados.,208.75,63
TECL-0847,Teclado Redragon Kumara K552 Edition 2024,Teclado mecánico compacto hot-swappable ideal para programación y oficina.,749.89,51
RAT-0848,Ratón Microsoft Bluetooth Ergonomic Edition 2024,Ratón óptico ultraligero con cable mallado suave y deslizamiento perfecto.,1598.63,54
TAB-0849,Tableta Huawei MatePad 11 Edition 2024,Tableta versátil con pantalla de alta resolución ideal para estudio y entretenimiento.,21.61,7
ACC-0850,Webcam Logitech C920 HD Pro Special Edition,Dispositivo de almacenamiento rápido y confiable para respaldos de datos.,1565.56,64
CAM-0851,Cámara Canon EOS M50 Special Edition,Cámara de acción resistente al agua con estabilización de imagen avanzada.,1108.35,90
LAP-0852,Laptop Lenovo ThinkPad X1 Carbon Special Edition,"Equipo portátil para trabajo pesado, edición de video y multitarea.",1548.47,79
TEL-0853,Teléfono Xiaomi 13 Pro Special Edition,Smartphone de gama alta con pantalla AMOLED y cámara de alta resolución.,778.46,38
AUD-0854,Audífonos Sennheiser Momentum 4 Special Edition,Auriculares in-ear con audio espacial y estuche de carga inalámbrica.,1741.88,46
MON-0855,Monitor BenQ EW3270U Special Edition,Monitor curvo e inmersivo con panel IPS e iluminación de baja fatiga visual.,485.30,34
REL-0856,Reloj Huawei Watch GT 3 Special Edition,Reloj inteligente elegante con control de notificaciones y seguimiento fit.,425.31,29
TECL-0857,Teclado Redragon Kumara K552 Special Edition,Teclado mecánico gamer con retroiluminación RGB configurable.,1831.25,85
RAT-0858,Ratón Microsoft Bluetooth Ergonomic Special Edition,Ratón gamer ligero de alta precisión con sensor óptico de alta definición.,1012.98,12
TAB-0859,Tableta Huawei MatePad 11 Special Edition,Dispositivo multimedia portátil con altavoces estéreo y gran autonomía.,1094.50,29
ACC-0860,Webcam Logitech C920 HD Pro Edición Negra,Componente de conectividad portátil para expandir los puertos de tus dispositivos.,276.44,86
CAM-0861,Cámara Canon EOS M50 Edición Negra,Cámara mirrorless compacta con resolución 4K y sensor APS-C.,1625.47,58
LAP-0862,Laptop Lenovo ThinkPad X1 Carbon Edición Negra,Laptop gamer de última generación con tarjeta gráfica dedicada y pantalla 144Hz.,1080.44,27
TEL-0863,Teléfono Xiaomi 13 Pro Edición Negra,"Dispositivo con carga superrápida, batería de larga duración y pantalla de 120Hz.",1111.52,36
AUD-0864,Audífonos Sennheiser Momentum 4 Edición Negra,Diadema ergonómica con graves profundos y batería de más de 30 horas.,592.10,62
MON-0865,Monitor BenQ EW3270U Edición Negra,Monitor gaming con tasa de refresco rápida y tiempo de respuesta de 1ms.,769.99,72
REL-0866,Reloj Huawei Watch GT 3 Edición Negra,Smartwatch deportivo resistente al agua con sensores de salud avanzados.,1755.62,26
TECL-0867,Teclado Redragon Kumara K552 Edición Negra,Teclado mecánico compacto hot-swappable ideal para programación y oficina.,1567.65,99
RAT-0868,Ratón Microsoft Bluetooth Ergonomic Edición Negra,Ratón óptico ultraligero con cable mallado suave y deslizamiento perfecto.,772.77,43
TAB-0869,Tableta Huawei MatePad 11 Edición Negra,Tableta versátil con pantalla de alta resolución ideal para estudio y entretenimiento.,795.20,51
ACC-0870,Webcam Logitech C920 HD Pro Edición Plata,Dispositivo de almacenamiento rápido y confiable para respaldos de datos.,477.10,57
CAM-0871,Cámara Canon EOS M50 Edición Plata,Cámara de acción resistente al agua con estabilización de imagen avanzada.,671.40,15
LAP-0872,Laptop Lenovo ThinkPad X1 Carbon Edición Plata,"Equipo portátil para trabajo pesado, edición de video y multitarea.",1047.22,62
TEL-0873,Teléfono Xiaomi 13 Pro Edición Plata,Smartphone de gama alta con pantalla AMOLED y cámara de alta resolución.,281.42,73
AUD-0874,Audífonos Sennheiser Momentum 4 Edición Plata,Auriculares in-ear con audio espacial y estuche de carga inalámbrica.,994.47,46
MON-0875,Monitor BenQ EW3270U Edición Plata,Monitor curvo e inmersivo con panel IPS e iluminación de baja fatiga visual.,964.24,96
REL-0876,Reloj Huawei Watch GT 3 Edición Plata,Reloj inteligente elegante con control de notificaciones y seguimiento fit.,1367.39,94
TECL-0877,Teclado Redragon Kumara K552 Edición Plata,Teclado mecánico gamer con retroiluminación RGB configurable.,432.58,56
RAT-0878,Ratón Microsoft Bluetooth Ergonomic Edición Plata,Ratón gamer ligero de alta precisión con sensor óptico de alta definición.,1525.32,73
TAB-0879,Tableta Huawei MatePad 11 Edición Plata,Dispositivo multimedia portátil con altavoces estéreo y gran autonomía.,162.46,69
ACC-0880,Webcam Logitech C920 HD Pro S,Componente de conectividad portátil para expandir los puertos de tus dispositivos.,1894.68,12
CAM-0881,Cámara Canon EOS M50 S,Cámara mirrorless compacta con resolución 4K y sensor APS-C.,1277.31,22
LAP-0882,Laptop Lenovo ThinkPad X1 Carbon S,Laptop gamer de última generación con tarjeta gráfica dedicada y pantalla 144Hz.,1894.42,89
TEL-0883,Teléfono Xiaomi 13 Pro S,"Dispositivo con carga superrápida, batería de larga duración y pantalla de 120Hz.",1063.85,22
AUD-0884,Audífonos Sennheiser Momentum 4 S,Diadema ergonómica con graves profundos y batería de más de 30 horas.,1582.90,98
MON-0885,Monitor BenQ EW3270U S,Monitor gaming con tasa de refresco rápida y tiempo de respuesta de 1ms.,710.76,7
REL-0886,Reloj Huawei Watch GT 3 S,Smartwatch deportivo resistente al agua con sensores de salud avanzados.,375.87,72
TECL-0887,Teclado Redragon Kumara K552 S,Teclado mecánico compacto hot-swappable ideal para programación y oficina.,947.20,63
RAT-0888,Ratón Microsoft Bluetooth Ergonomic S,Ratón óptico ultraligero con cable mallado suave y deslizamiento perfecto.,166.42,75
TAB-0889,Tableta Huawei MatePad 11 S,Tableta versátil con pantalla de alta resolución ideal para estudio y entretenimiento.,1219.29,95
ACC-0890,Webcam Logitech C920 HD Pro SE,Dispositivo de almacenamiento rápido y confiable para respaldos de datos.,107.13,40
CAM-0891,Cámara Canon EOS M50 SE,Cámara de acción resistente al agua con estabilización de imagen avanzada.,1891.60,52
LAP-0892,Laptop Lenovo ThinkPad X1 Carbon SE,"Equipo portátil para trabajo pesado, edición de video y multitarea.",441.96,40
TEL-0893,Teléfono Xiaomi 13 Pro SE,Smartphone de gama alta con pantalla AMOLED y cámara de alta resolución.,965.13,36
AUD-0894,Audífonos Sennheiser Momentum 4 SE,Auriculares in-ear con audio espacial y estuche de carga inalámbrica.,849.56,37
MON-0895,Monitor BenQ EW3270U SE,Monitor curvo e inmersivo con panel IPS e iluminación de baja fatiga visual.,1236.70,4
REL-0896,Reloj Huawei Watch GT 3 SE,Reloj inteligente elegante con control de notificaciones y seguimiento fit.,390.47,15
TECL-0897,Teclado Redragon Kumara K552 SE,Teclado mecánico gamer con retroiluminación RGB configurable.,106.11,8
RAT-0898,Ratón Microsoft Bluetooth Ergonomic SE,Ratón gamer ligero de alta precisión con sensor óptico de alta definición.,803.95,11
TAB-0899,Tableta Huawei MatePad 11 SE,Dispositivo multimedia portátil con altavoces estéreo y gran autonomía.,1543.11,10
ACC-0900,Webcam Logitech C920 HD Pro Max,Componente de conectividad portátil para expandir los puertos de tus dispositivos.,1780.69,30
CAM-0901,Cámara Canon EOS M50 Max,Cámara mirrorless compacta con resolución 4K y sensor APS-C.,828.41,38
LAP-0902,Laptop Lenovo ThinkPad X1 Carbon Max,Laptop gamer de última generación con tarjeta gráfica dedicada y pantalla 144Hz.,1872.44,83
TEL-0903,Teléfono Xiaomi 13 Pro Max,"Dispositivo con carga superrápida, batería de larga duración y pantalla de 120Hz.",95.36,84
AUD-0904,Audífonos Sennheiser Momentum 4 Max,Diadema ergonómica con graves profundos y batería de más de 30 horas.,1356.52,78
MON-0905,Monitor BenQ EW3270U Max,Monitor gaming con tasa de refresco rápida y tiempo de respuesta de 1ms.,1304.80,45
REL-0906,Reloj Huawei Watch GT 3 Max,Smartwatch deportivo resistente al agua con sensores de salud avanzados.,18.22,75
TECL-0907,Teclado Redragon Kumara K552 Max,Teclado mecánico compacto hot-swappable ideal para programación y oficina.,1337.75,7
RAT-0908,Ratón Microsoft Bluetooth Ergonomic Max,Ratón óptico ultraligero con cable mallado suave y deslizamiento perfecto.,1234.05,51
TAB-0909,Tableta Huawei MatePad 11 Max,Tableta versátil con pantalla de alta resolución ideal para estudio y entretenimiento.,404.02,51
ACC-0910,Webcam Logitech C920 HD Pro v1,Dispositivo de almacenamiento rápido y confiable para respaldos de datos.,1191.32,58
CAM-0911,Cámara Canon EOS M50 v1,Cámara de acción resistente al agua con estabilización de imagen avanzada.,877.49,92
LAP-0912,Laptop Lenovo ThinkPad X1 Carbon v1,"Equipo portátil para trabajo pesado, edición de video y multitarea.",1007.64,40
TEL-0913,Teléfono Xiaomi 13 Pro v1,Smartphone de gama alta con pantalla AMOLED y cámara de alta resolución.,194.17,62
AUD-0914,Audífonos Sennheiser Momentum 4 v1,Auriculares in-ear con audio espacial y estuche de carga inalámbrica.,125.12,95
MON-0915,Monitor BenQ EW3270U v1,Monitor curvo e inmersivo con panel IPS e iluminación de baja fatiga visual.,342.25,41
REL-0916,Reloj Huawei Watch GT 3 v1,Reloj inteligente elegante con control de notificaciones y seguimiento fit.,1305.74,86
TECL-0917,Teclado Redragon Kumara K552 v1,Teclado mecánico gamer con retroiluminación RGB configurable.,1632.99,67
RAT-0918,Ratón Microsoft Bluetooth Ergonomic v1,Ratón gamer ligero de alta precisión con sensor óptico de alta definición.,1661.31,82
TAB-0919,Tableta Huawei MatePad 11 v1,Dispositivo multimedia portátil con altavoces estéreo y gran autonomía.,1291.96,95
ACC-0920,Webcam Logitech C920 HD Pro v2,Componente de conectividad portátil para expandir los puertos de tus dispositivos.,1157.24,53
CAM-0921,Cámara Canon EOS M50 v2,Cámara mirrorless compacta con resolución 4K y sensor APS-C.,1867.81,45
LAP-0922,Laptop Lenovo ThinkPad X1 Carbon v2,Laptop gamer de última generación con tarjeta gráfica dedicada y pantalla 144Hz.,110.51,63
TEL-0923,Teléfono Xiaomi 13 Pro v2,"Dispositivo con carga superrápida, batería de larga duración y pantalla de 120Hz.",1548.03,20
AUD-0924,Audífonos Sennheiser Momentum 4 v2,Diadema ergonómica con graves profundos y batería de más de 30 horas.,1080.63,44
MON-0925,Monitor BenQ EW3270U v2,Monitor gaming con tasa de refresco rápida y tiempo de respuesta de 1ms.,1896.51,12
REL-0926,Reloj Huawei Watch GT 3 v2,Smartwatch deportivo resistente al agua con sensores de salud avanzados.,1232.15,17
TECL-0927,Teclado Redragon Kumara K552 v2,Teclado mecánico compacto hot-swappable ideal para programación y oficina.,1213.22,17
RAT-0928,Ratón Microsoft Bluetooth Ergonomic v2,Ratón óptico ultraligero con cable mallado suave y deslizamiento perfecto.,591.68,69
TAB-0929,Tableta Huawei MatePad 11 v2,Tableta versátil con pantalla de alta resolución ideal para estudio y entretenimiento.,380.23,9
ACC-0930,Webcam Logitech C920 HD Pro Pro,Dispositivo de almacenamiento rápido y confiable para respaldos de datos.,1808.84,12
CAM-0931,Cámara Canon EOS M50 Pro,Cámara de acción resistente al agua con estabilización de imagen avanzada.,1534.53,50
LAP-0932,Laptop Lenovo ThinkPad X1 Carbon Pro,"Equipo portátil para trabajo pesado, edición de video y multitarea.",989.51,14
TEL-0933,Teléfono Xiaomi 13 Pro Pro,Smartphone de gama alta con pantalla AMOLED y cámara de alta resolución.,1012.91,23
AUD-0934,Audífonos Sennheiser Momentum 4 Pro,Auriculares in-ear con audio espacial y estuche de carga inalámbrica.,885.29,1
MON-0935,Monitor BenQ EW3270U Pro,Monitor curvo e inmersivo con panel IPS e iluminación de baja fatiga visual.,1566.41,94
REL-0936,Reloj Huawei Watch GT 3 Pro,Reloj inteligente elegante con control de notificaciones y seguimiento fit.,307.61,55
TECL-0937,Teclado Redragon Kumara K552 Pro,Teclado mecánico gamer con retroiluminación RGB configurable.,1027.18,81
RAT-0938,Ratón Microsoft Bluetooth Ergonomic Pro,Ratón gamer ligero de alta precisión con sensor óptico de alta definición.,862.04,48
TAB-0939,Tableta Huawei MatePad 11 Pro,Dispositivo multimedia portátil con altavoces estéreo y gran autonomía.,1744.78,19
ACC-0940,Webcam Logitech C920 HD Pro Plus,Componente de conectividad portátil para expandir los puertos de tus dispositivos.,691.84,35
CAM-0941,Cámara Canon EOS M50 Plus,Cámara mirrorless compacta con resolución 4K y sensor APS-C.,690.15,69
LAP-0942,Laptop Lenovo ThinkPad X1 Carbon Plus,Laptop gamer de última generación con tarjeta gráfica dedicada y pantalla 144Hz.,1858.66,28
TEL-0943,Teléfono Xiaomi 13 Pro Plus,"Dispositivo con carga superrápida, batería de larga duración y pantalla de 120Hz.",1036.11,69
AUD-0944,Audífonos Sennheiser Momentum 4 Plus,Diadema ergonómica con graves profundos y batería de más de 30 horas.,38.16,66
MON-0945,Monitor BenQ EW3270U Plus,Monitor gaming con tasa de refresco rápida y tiempo de respuesta de 1ms.,836.22,90
REL-0946,Reloj Huawei Watch GT 3 Plus,Smartwatch deportivo resistente al agua con sensores de salud avanzados.,79.38,83
TECL-0947,Teclado Redragon Kumara K552 Plus,Teclado mecánico compacto hot-swappable ideal para programación y oficina.,390.93,36
RAT-0948,Ratón Microsoft Bluetooth Ergonomic Plus,Ratón óptico ultraligero con cable mallado suave y deslizamiento perfecto.,999.24,99
TAB-0949,Tableta Huawei MatePad 11 Plus,Tableta versátil con pantalla de alta resolución ideal para estudio y entretenimiento.,649.38,47
ACC-0950,Webcam Logitech C920 HD Pro Ultra,Dispositivo de almacenamiento rápido y confiable para respaldos de datos.,415.78,89
CAM-0951,Cámara Canon EOS M50 Ultra,Cámara de acción resistente al agua con estabilización de imagen avanzada.,1435.94,23
LAP-0952,Laptop Lenovo ThinkPad X1 Carbon Ultra,"Equipo portátil para trabajo pesado, edición de video y multitarea.",231.65,7
TEL-0953,Teléfono Xiaomi 13 Pro Ultra,Smartphone de gama alta con pantalla AMOLED y cámara de alta resolución.,23.64,50
AUD-0954,Audífonos Sennheiser Momentum 4 Ultra,Auriculares in-ear con audio espacial y estuche de carga inalámbrica.,341.78,7
MON-0955,Monitor BenQ EW3270U Ultra,Monitor curvo e inmersivo con panel IPS e iluminación de baja fatiga visual.,1268.50,59
REL-0956,Reloj Huawei Watch GT 3 Ultra,Reloj inteligente elegante con control de notificaciones y seguimiento fit.,1303.35,20
TECL-0957,Teclado Redragon Kumara K552 Ultra,Teclado mecánico gamer con retroiluminación RGB configurable.,887.56,100
RAT-0958,Ratón Microsoft Bluetooth Ergonomic Ultra,Ratón gamer ligero de alta precisión con sensor óptico de alta definición.,624.14,79
TAB-0959,Tableta Huawei MatePad 11 Ultra,Dispositivo multimedia portátil con altavoces estéreo y gran autonomía.,910.56,15
ACC-0960,Webcam Logitech C920 HD Pro Lite,Componente de conectividad portátil para expandir los puertos de tus dispositivos.,747.48,23
CAM-0961,Cámara Canon EOS M50 Lite,Cámara mirrorless compacta con resolución 4K y sensor APS-C.,1223.34,68
LAP-0962,Laptop Lenovo ThinkPad X1 Carbon Lite,Laptop gamer de última generación con tarjeta gráfica dedicada y pantalla 144Hz.,493.06,84
TEL-0963,Teléfono Xiaomi 13 Pro Lite,"Dispositivo con carga superrápida, batería de larga duración y pantalla de 120Hz.",1892.03,39
AUD-0964,Audífonos Sennheiser Momentum 4 Lite,Diadema ergonómica con graves profundos y batería de más de 30 horas.,1578.82,65
MON-0965,Monitor BenQ EW3270U Lite,Monitor gaming con tasa de refresco rápida y tiempo de respuesta de 1ms.,449.29,42
REL-0966,Reloj Huawei Watch GT 3 Lite,Smartwatch deportivo resistente al agua con sensores de salud avanzados.,78.23,85
TECL-0967,Teclado Redragon Kumara K552 Lite,Teclado mecánico compacto hot-swappable ideal para programación y oficina.,1896.93,16
RAT-0968,Ratón Microsoft Bluetooth Ergonomic Lite,Ratón óptico ultraligero con cable mallado suave y deslizamiento perfecto.,1531.46,37
TAB-0969,Tableta Huawei MatePad 11 Lite,Tableta versátil con pantalla de alta resolución ideal para estudio y entretenimiento.,728.05,85
ACC-0970,Webcam Logitech C920 HD Pro Edition 2024,Dispositivo de almacenamiento rápido y confiable para respaldos de datos.,1580.97,90
CAM-0971,Cámara Canon EOS M50 Edition 2024,Cámara de acción resistente al agua con estabilización de imagen avanzada.,511.65,89
LAP-0972,Laptop Lenovo ThinkPad X1 Carbon Edition 2024,"Equipo portátil para trabajo pesado, edición de video y multitarea.",1384.86,69
TEL-0973,Teléfono Xiaomi 13 Pro Edition 2024,Smartphone de gama alta con pantalla AMOLED y cámara de alta resolución.,308.38,7
AUD-0974,Audífonos Sennheiser Momentum 4 Edition 2024,Auriculares in-ear con audio espacial y estuche de carga inalámbrica.,1717.71,43
MON-0975,Monitor BenQ EW3270U Edition 2024,Monitor curvo e inmersivo con panel IPS e iluminación de baja fatiga visual.,948.12,90
REL-0976,Reloj Huawei Watch GT 3 Edition 2024,Reloj inteligente elegante con control de notificaciones y seguimiento fit.,1559.77,95
TECL-0977,Teclado Redragon Kumara K552 Edition 2024,Teclado mecánico gamer con retroiluminación RGB configurable.,1203.61,7
RAT-0978,Ratón Microsoft Bluetooth Ergonomic Edition 2024,Ratón gamer ligero de alta precisión con sensor óptico de alta definición.,1877.29,20
TAB-0979,Tableta Huawei MatePad 11 Edition 2024,Dispositivo multimedia portátil con altavoces estéreo y gran autonomía.,897.98,28
ACC-0980,Webcam Logitech C920 HD Pro Special Edition,Componente de conectividad portátil para expandir los puertos de tus dispositivos.,820.59,23
CAM-0981,Cámara Canon EOS M50 Special Edition,Cámara mirrorless compacta con resolución 4K y sensor APS-C.,1744.95,8
LAP-0982,Laptop Lenovo ThinkPad X1 Carbon Special Edition,Laptop gamer de última generación con tarjeta gráfica dedicada y pantalla 144Hz.,967.16,48
TEL-0983,Teléfono Xiaomi 13 Pro Special Edition,"Dispositivo con carga superrápida, batería de larga duración y pantalla de 120Hz.",1264.97,98
AUD-0984,Audífonos Sennheiser Momentum 4 Special Edition,Diadema ergonómica con graves profundos y batería de más de 30 horas.,1517.44,81
MON-0985,Monitor BenQ EW3270U Special Edition,Monitor gaming con tasa de refresco rápida y tiempo de respuesta de 1ms.,639.31,28
REL-0986,Reloj Huawei Watch GT 3 Special Edition,Smartwatch deportivo resistente al agua con sensores de salud avanzados.,243.64,11
TECL-0987,Teclado Redragon Kumara K552 Special Edition,Teclado mecánico compacto hot-swappable ideal para programación y oficina.,1019.70,68
RAT-0988,Ratón Microsoft Bluetooth Ergonomic Special Edition,Ratón óptico ultraligero con cable mallado suave y deslizamiento perfecto.,1811.43,78
TAB-0989,Tableta Huawei MatePad 11 Special Edition,Tableta versátil con pantalla de alta resolución ideal para estudio y entretenimiento.,1650.09,18
ACC-0990,Webcam Logitech C920 HD Pro Edición Negra,Dispositivo de almacenamiento rápido y confiable para respaldos de datos.,1547.44,6
CAM-0991,Cámara Canon EOS M50 Edición Negra,Cámara de acción resistente al agua con estabilización de imagen avanzada.,293.48,84
LAP-0992,Laptop Lenovo ThinkPad X1 Carbon Edición Negra,"Equipo portátil para trabajo pesado, edición de video y multitarea.",1855.11,47
TEL-0993,Teléfono Xiaomi 13 Pro Edición Negra,Smartphone de gama alta con pantalla AMOLED y cámara de alta resolución.,131.84,11
AUD-0994,Audífonos Sennheiser Momentum 4 Edición Negra,Auriculares in-ear con audio espacial y estuche de carga inalámbrica.,1802.52,98
MON-0995,Monitor BenQ EW3270U Edición Negra,Monitor curvo e inmersivo con panel IPS e iluminación de baja fatiga visual.,358.47,37
REL-0996,Reloj Huawei Watch GT 3 Edición Negra,Reloj inteligente elegante con control de notificaciones y seguimiento fit.,1740.70,57
TECL-0997,Teclado Redragon Kumara K552 Edición Negra,Teclado mecánico gamer con retroiluminación RGB configurable.,893.37,39
RAT-0998,Ratón Microsoft Bluetooth Ergonomic Edición Negra,Ratón gamer ligero de alta precisión con sensor óptico de alta definición.,326.54,77
TAB-0999,Tableta Huawei MatePad 11 Edición Negra,Dispositivo multimedia portátil con altavoces estéreo y gran autonomía.,1488.05,11
ACC-1000,Webcam Logitech C920 HD Pro Edición Plata,Componente de conectividad portátil para expandir los puertos de tus dispositivos.,1480.53,86
CAM-1001,Cámara Canon EOS M50 Edición Plata,Cámara mirrorless compacta con resolución 4K y sensor APS-C.,1516.88,8
LAP-1002,Laptop Lenovo ThinkPad X1 Carbon Edición Plata,Laptop gamer de última generación con tarjeta gráfica dedicada y pantalla 144Hz.,997.46,54
TEL-1003,Teléfono Xiaomi 13 Pro Edición Plata,"Dispositivo con carga superrápida, batería de larga duración y pantalla de 120Hz.",952.98,47
AUD-1004,Audífonos Sennheiser Momentum 4 Edición Plata,Diadema ergonómica con graves profundos y batería de más de 30 horas.,809.39,93
MON-1005,Monitor BenQ EW3270U Edición Plata,Monitor gaming con tasa de refresco rápida y tiempo de respuesta de 1ms.,926.17,52
REL-1006,Reloj Huawei Watch GT 3 Edición Plata,Smartwatch deportivo resistente al agua con sensores de salud avanzados.,669.02,30
TECL-1007,Teclado Redragon Kumara K552 Edición Plata,Teclado mecánico compacto hot-swappable ideal para programación y oficina.,1628.58,77
RAT-1008,Ratón Microsoft Bluetooth Ergonomic Edición Plata,Ratón óptico ultraligero con cable mallado suave y deslizamiento perfecto.,995.34,57
TAB-1009,Tableta Huawei MatePad 11 Edición Plata,Tableta versátil con pantalla de alta resolución ideal para estudio y entretenimiento.,355.47,63
ACC-1010,Webcam Logitech C920 HD Pro S,Dispositivo de almacenamiento rápido y confiable para respaldos de datos.,1280.16,32
CAM-1011,Cámara Canon EOS M50 S,Cámara de acción resistente al agua con estabilización de imagen avanzada.,707.27,4
LAP-1012,Laptop Lenovo ThinkPad X1 Carbon S,"Equipo portátil para trabajo pesado, edición de video y multitarea.",653.68,19
TEL-1013,Teléfono Xiaomi 13 Pro S,Smartphone de gama alta con pantalla AMOLED y cámara de alta resolución.,1722.00,98
AUD-1014,Audífonos Sennheiser Momentum 4 S,Auriculares in-ear con audio espacial y estuche de carga inalámbrica.,987.27,31
MON-1015,Monitor BenQ EW3270U S,Monitor curvo e inmersivo con panel IPS e iluminación de baja fatiga visual.,211.47,39
REL-1016,Reloj Huawei Watch GT 3 S,Reloj inteligente elegante con control de notificaciones y seguimiento fit.,703.34,50
TECL-1017,Teclado Redragon Kumara K552 S,Teclado mecánico gamer con retroiluminación RGB configurable.,922.79,82
RAT-1018,Ratón Microsoft Bluetooth Ergonomic S,Ratón gamer ligero de alta precisión con sensor óptico de alta definición.,758.24,99
TAB-1019,Tableta Huawei MatePad 11 S,Dispositivo multimedia portátil con altavoces estéreo y gran autonomía.,80.54,28
ACC-1020,Webcam Logitech C920 HD Pro SE,Componente de conectividad portátil para expandir los puertos de tus dispositivos.,228.32,60
CAM-1021,Cámara Canon EOS M50 SE,Cámara mirrorless compacta con resolución 4K y sensor APS-C.,1016.62,23
LAP-1022,Laptop Lenovo ThinkPad X1 Carbon SE,Laptop gamer de última generación con tarjeta gráfica dedicada y pantalla 144Hz.,265.47,77
TEL-1023,Teléfono Xiaomi 13 Pro SE,"Dispositivo con carga superrápida, batería de larga duración y pantalla de 120Hz.",936.44,58
AUD-1024,Audífonos Sennheiser Momentum 4 SE,Diadema ergonómica con graves profundos y batería de más de 30 horas.,1517.64,62
MON-1025,Monitor BenQ EW3270U SE,Monitor gaming con tasa de refresco rápida y tiempo de respuesta de 1ms.,411.34,6
REL-1026,Reloj Huawei Watch GT 3 SE,Smartwatch deportivo resistente al agua con sensores de salud avanzados.,64.18,61
TECL-1027,Teclado Redragon Kumara K552 SE,Teclado mecánico compacto hot-swappable ideal para programación y oficina.,54.22,11
RAT-1028,Ratón Microsoft Bluetooth Ergonomic SE,Ratón óptico ultraligero con cable mallado suave y deslizamiento perfecto.,887.53,51
TAB-1029,Tableta Huawei MatePad 11 SE,Tableta versátil con pantalla de alta resolución ideal para estudio y entretenimiento.,1154.75,90
ACC-1030,Webcam Logitech C920 HD Pro Max,Dispositivo de almacenamiento rápido y confiable para respaldos de datos.,1820.65,55
CAM-1031,Cámara Canon EOS M50 Max,Cámara de acción resistente al agua con estabilización de imagen avanzada.,1336.50,71
LAP-1032,Laptop Lenovo ThinkPad X1 Carbon Max,"Equipo portátil para trabajo pesado, edición de video y multitarea.",744.60,70
TEL-1033,Teléfono Xiaomi 13 Pro Max,Smartphone de gama alta con pantalla AMOLED y cámara de alta resolución.,1821.97,27
AUD-1034,Audífonos Sennheiser Momentum 4 Max,Auriculares in-ear con audio espacial y estuche de carga inalámbrica.,1566.69,81
MON-1035,Monitor BenQ EW3270U Max,Monitor curvo e inmersivo con panel IPS e iluminación de baja fatiga visual.,1449.06,57
REL-1036,Reloj Huawei Watch GT 3 Max,Reloj inteligente elegante con control de notificaciones y seguimiento fit.,799.57,94
TECL-1037,Teclado Redragon Kumara K552 Max,Teclado mecánico gamer con retroiluminación RGB configurable.,174.75,87
RAT-1038,Ratón Microsoft Bluetooth Ergonomic Max,Ratón gamer ligero de alta precisión con sensor óptico de alta definición.,228.86,33
TAB-1039,Tableta Huawei MatePad 11 Max,Dispositivo multimedia portátil con altavoces estéreo y gran autonomía.,1289.44,24
ACC-1040,Webcam Logitech C920 HD Pro v1,Componente de conectividad portátil para expandir los puertos de tus dispositivos.,590.02,73
CAM-1041,Cámara Canon EOS M50 v1,Cámara mirrorless compacta con resolución 4K y sensor APS-C.,850.88,59
LAP-1042,Laptop Lenovo ThinkPad X1 Carbon v1,Laptop gamer de última generación con tarjeta gráfica dedicada y pantalla 144Hz.,486.07,46
TEL-1043,Teléfono Xiaomi 13 Pro v1,"Dispositivo con carga superrápida, batería de larga duración y pantalla de 120Hz.",1816.49,47
AUD-1044,Audífonos Sennheiser Momentum 4 v1,Diadema ergonómica con graves profundos y batería de más de 30 horas.,1519.23,46
MON-1045,Monitor BenQ EW3270U v1,Monitor gaming con tasa de refresco rápida y tiempo de respuesta de 1ms.,1748.59,87
REL-1046,Reloj Huawei Watch GT 3 v1,Smartwatch deportivo resistente al agua con sensores de salud avanzados.,884.75,64
TECL-1047,Teclado Redragon Kumara K552 v1,Teclado mecánico compacto hot-swappable ideal para programación y oficina.,164.78,49
RAT-1048,Ratón Microsoft Bluetooth Ergonomic v1,Ratón óptico ultraligero con cable mallado suave y deslizamiento perfecto.,520.79,21
TAB-1049,Tableta Huawei MatePad 11 v1,Tableta versátil con pantalla de alta resolución ideal para estudio y entretenimiento.,1896.93,86
ACC-1050,Webcam Logitech C920 HD Pro v2,Dispositivo de almacenamiento rápido y confiable para respaldos de datos.,622.67,79
CAM-1051,Cámara Canon EOS M50 v2,Cámara de acción resistente al agua con estabilización de imagen avanzada.,104.54,15
LAP-1052,Laptop Lenovo ThinkPad X1 Carbon v2,"Equipo portátil para trabajo pesado, edición de video y multitarea.",1783.78,82
TEL-1053,Teléfono Xiaomi 13 Pro v2,Smartphone de gama alta con pantalla AMOLED y cámara de alta resolución.,1434.22,46
AUD-1054,Audífonos Sennheiser Momentum 4 v2,Auriculares in-ear con audio espacial y estuche de carga inalámbrica.,250.36,1
MON-1055,Monitor BenQ EW3270U v2,Monitor curvo e inmersivo con panel IPS e iluminación de baja fatiga visual.,178.58,45
REL-1056,Reloj Huawei Watch GT 3 v2,Reloj inteligente elegante con control de notificaciones y seguimiento fit.,226.61,48
TECL-1057,Teclado Redragon Kumara K552 v2,Teclado mecánico gamer con retroiluminación RGB configurable.,1591.91,72
RAT-1058,Ratón Microsoft Bluetooth Ergonomic v2,Ratón gamer ligero de alta precisión con sensor óptico de alta definición.,584.17,17
TAB-1059,Tableta Huawei MatePad 11 v2,Dispositivo multimedia portátil con altavoces estéreo y gran autonomía.,94.39,77
ACC-1060,Webcam Logitech C920 HD Pro Pro,Componente de conectividad portátil para expandir los puertos de tus dispositivos.,477.38,3
CAM-1061,Cámara Canon EOS M50 Pro,Cámara mirrorless compacta con resolución 4K y sensor APS-C.,1021.93,42
LAP-1062,Laptop Lenovo ThinkPad X1 Carbon Pro,Laptop gamer de última generación con tarjeta gráfica dedicada y pantalla 144Hz.,234.70,46
TEL-1063,Teléfono Xiaomi 13 Pro Pro,"Dispositivo con carga superrápida, batería de larga duración y pantalla de 120Hz.",391.11,94
AUD-1064,Audífonos Sennheiser Momentum 4 Pro,Diadema ergonómica con graves profundos y batería de más de 30 horas.,483.97,8
MON-1065,Monitor BenQ EW3270U Pro,Monitor gaming con tasa de refresco rápida y tiempo de respuesta de 1ms.,1699.13,16
REL-1066,Reloj Huawei Watch GT 3 Pro,Smartwatch deportivo resistente al agua con sensores de salud avanzados.,1689.47,68
TECL-1067,Teclado Redragon Kumara K552 Pro,Teclado mecánico compacto hot-swappable ideal para programación y oficina.,43.67,50
RAT-1068,Ratón Microsoft Bluetooth Ergonomic Pro,Ratón óptico ultraligero con cable mallado suave y deslizamiento perfecto.,808.70,27
TAB-1069,Tableta Huawei MatePad 11 Pro,Tableta versátil con pantalla de alta resolución ideal para estudio y entretenimiento.,1806.90,93
ACC-1070,Webcam Logitech C920 HD Pro Plus,Dispositivo de almacenamiento rápido y confiable para respaldos de datos.,670.69,12
CAM-1071,Cámara Canon EOS M50 Plus,Cámara de acción resistente al agua con estabilización de imagen avanzada.,226.64,57
LAP-1072,Laptop Lenovo ThinkPad X1 Carbon Plus,"Equipo portátil para trabajo pesado, edición de video y multitarea.",1551.41,64
TEL-1073,Teléfono Xiaomi 13 Pro Plus,Smartphone de gama alta con pantalla AMOLED y cámara de alta resolución.,620.99,1
AUD-1074,Audífonos Sennheiser Momentum 4 Plus,Auriculares in-ear con audio espacial y estuche de carga inalámbrica.,1541.29,49
MON-1075,Monitor BenQ EW3270U Plus,Monitor curvo e inmersivo con panel IPS e iluminación de baja fatiga visual.,838.09,28
REL-1076,Reloj Huawei Watch GT 3 Plus,Reloj inteligente elegante con control de notificaciones y seguimiento fit.,688.45,5
TECL-1077,Teclado Redragon Kumara K552 Plus,Teclado mecánico gamer con retroiluminación RGB configurable.,1284.66,29
RAT-1078,Ratón Microsoft Bluetooth Ergonomic Plus,Ratón gamer ligero de alta precisión con sensor óptico de alta definición.,194.56,57
TAB-1079,Tableta Huawei MatePad 11 Plus,Dispositivo multimedia portátil con altavoces estéreo y gran autonomía.,1027.48,62
ACC-1080,Webcam Logitech C920 HD Pro Ultra,Componente de conectividad portátil para expandir los puertos de tus dispositivos.,1515.53,72
CAM-1081,Cámara Canon EOS M50 Ultra,Cámara mirrorless compacta con resolución 4K y sensor APS-C.,910.10,39
LAP-1082,Laptop Lenovo ThinkPad X1 Carbon Ultra,Laptop gamer de última generación con tarjeta gráfica dedicada y pantalla 144Hz.,373.88,70
TEL-1083,Teléfono Xiaomi 13 Pro Ultra,"Dispositivo con carga superrápida, batería de larga duración y pantalla de 120Hz.",422.60,62
AUD-1084,Audífonos Sennheiser Momentum 4 Ultra,Diadema ergonómica con graves profundos y batería de más de 30 horas.,1232.09,95
MON-1085,Monitor BenQ EW3270U Ultra,Monitor gaming con tasa de refresco rápida y tiempo de respuesta de 1ms.,1228.16,88
REL-1086,Reloj Huawei Watch GT 3 Ultra,Smartwatch deportivo resistente al agua con sensores de salud avanzados.,1740.52,75
TECL-1087,Teclado Redragon Kumara K552 Ultra,Teclado mecánico compacto hot-swappable ideal para programación y oficina.,392.44,3
RAT-1088,Ratón Microsoft Bluetooth Ergonomic Ultra,Ratón óptico ultraligero con cable mallado suave y deslizamiento perfecto.,1021.32,65
TAB-1089,Tableta Huawei MatePad 11 Ultra,Tableta versátil con pantalla de alta resolución ideal para estudio y entretenimiento.,604.91,60
ACC-1090,Webcam Logitech C920 HD Pro Lite,Dispositivo de almacenamiento rápido y confiable para respaldos de datos.,869.23,51
CAM-1091,Cámara Canon EOS M50 Lite,Cámara de acción resistente al agua con estabilización de imagen avanzada.,693.36,5
LAP-1092,Laptop Lenovo ThinkPad X1 Carbon Lite,"Equipo portátil para trabajo pesado, edición de video y multitarea.",1150.58,65
TEL-1093,Teléfono Xiaomi 13 Pro Lite,Smartphone de gama alta con pantalla AMOLED y cámara de alta resolución.,654.86,77
AUD-1094,Audífonos Sennheiser Momentum 4 Lite,Auriculares in-ear con audio espacial y estuche de carga inalámbrica.,1039.66,83
MON-1095,Monitor BenQ EW3270U Lite,Monitor curvo e inmersivo con panel IPS e iluminación de baja fatiga visual.,418.14,28
REL-1096,Reloj Huawei Watch GT 3 Lite,Reloj inteligente elegante con control de notificaciones y seguimiento fit.,1208.70,16
TECL-1097,Teclado Redragon Kumara K552 Lite,Teclado mecánico gamer con retroiluminación RGB configurable.,1007.20,3
RAT-1098,Ratón Microsoft Bluetooth Ergonomic Lite,Ratón gamer ligero de alta precisión con sensor óptico de alta definición.,348.62,68
TAB-1099,Tableta Huawei MatePad 11 Lite,Dispositivo multimedia portátil con altavoces estéreo y gran autonomía.,777.83,32
ACC-1100,Webcam Logitech C920 HD Pro Edition 2024,Componente de conectividad portátil para expandir los puertos de tus dispositivos.,1858.87,91
CAM-1101,Cámara Canon EOS M50 Edition 2024,Cámara mirrorless compacta con resolución 4K y sensor APS-C.,690.89,53
LAP-1102,Laptop Lenovo ThinkPad X1 Carbon Edition 2024,Laptop gamer de última generación con tarjeta gráfica dedicada y pantalla 144Hz.,1392.19,17
TEL-1103,Teléfono Xiaomi 13 Pro Edition 2024,"Dispositivo con carga superrápida, batería de larga duración y pantalla de 120Hz.",771.99,61
AUD-1104,Audífonos Sennheiser Momentum 4 Edition 2024,Diadema ergonómica con graves profundos y batería de más de 30 horas.,494.30,43
MON-1105,Monitor BenQ EW3270U Edition 2024,Monitor gaming con tasa de refresco rápida y tiempo de respuesta de 1ms.,1455.62,12
REL-1106,Reloj Huawei Watch GT 3 Edition 2024,Smartwatch deportivo resistente al agua con sensores de salud avanzados.,877.00,43
TECL-1107,Teclado Redragon Kumara K552 Edition 2024,Teclado mecánico compacto hot-swappable ideal para programación y oficina.,1263.56,18
RAT-1108,Ratón Microsoft Bluetooth Ergonomic Edition 2024,Ratón óptico ultraligero con cable mallado suave y deslizamiento perfecto.,477.20,81
TAB-1109,Tableta Huawei MatePad 11 Edition 2024,Tableta versátil con pantalla de alta resolución ideal para estudio y entretenimiento.,746.66,62
ACC-1110,Webcam Logitech C920 HD Pro Special Edition,Dispositivo de almacenamiento rápido y confiable para respaldos de datos.,914.20,81
CAM-1111,Cámara Canon EOS M50 Special Edition,Cámara de acción resistente al agua con estabilización de imagen avanzada.,425.95,45
LAP-1112,Laptop Lenovo ThinkPad X1 Carbon Special Edition,"Equipo portátil para trabajo pesado, edición de video y multitarea.",546.21,33
TEL-1113,Teléfono Xiaomi 13 Pro Special Edition,Smartphone de gama alta con pantalla AMOLED y cámara de alta resolución.,68.34,27
AUD-1114,Audífonos Sennheiser Momentum 4 Special Edition,Auriculares in-ear con audio espacial y estuche de carga inalámbrica.,1013.95,58
MON-1115,Monitor BenQ EW3270U Special Edition,Monitor curvo e inmersivo con panel IPS e iluminación de baja fatiga visual.,523.85,5
REL-1116,Reloj Huawei Watch GT 3 Special Edition,Reloj inteligente elegante con control de notificaciones y seguimiento fit.,1533.59,56
TECL-1117,Teclado Redragon Kumara K552 Special Edition,Teclado mecánico gamer con retroiluminación RGB configurable.,880.90,8
RAT-1118,Ratón Microsoft Bluetooth Ergonomic Special Edition,Ratón gamer ligero de alta precisión con sensor óptico de alta definición.,448.85,91
TAB-1119,Tableta Huawei MatePad 11 Special Edition,Dispositivo multimedia portátil con altavoces estéreo y gran autonomía.,122.77,79
ACC-1120,Webcam Logitech C920 HD Pro Edición Negra,Componente de conectividad portátil para expandir los puertos de tus dispositivos.,1140.01,16
CAM-1121,Cámara Canon EOS M50 Edición Negra,Cámara mirrorless compacta con resolución 4K y sensor APS-C.,1174.39,32
LAP-1122,Laptop Lenovo ThinkPad X1 Carbon Edición Negra,Laptop gamer de última generación con tarjeta gráfica dedicada y pantalla 144Hz.,890.45,78
TEL-1123,Teléfono Xiaomi 13 Pro Edición Negra,"Dispositivo con carga superrápida, batería de larga duración y pantalla de 120Hz.",543.80,72
AUD-1124,Audífonos Sennheiser Momentum 4 Edición Negra,Diadema ergonómica con graves profundos y batería de más de 30 horas.,1732.54,45
MON-1125,Monitor BenQ EW3270U Edición Negra,Monitor gaming con tasa de refresco rápida y tiempo de respuesta de 1ms.,301.09,45
REL-1126,Reloj Huawei Watch GT 3 Edición Negra,Smartwatch deportivo resistente al agua con sensores de salud avanzados.,518.30,31
TECL-1127,Teclado Redragon Kumara K552 Edición Negra,Teclado mecánico compacto hot-swappable ideal para programación y oficina.,954.11,33
RAT-1128,Ratón Microsoft Bluetooth Ergonomic Edición Negra,Ratón óptico ultraligero con cable mallado suave y deslizamiento perfecto.,157.07,17
TAB-1129,Tableta Huawei MatePad 11 Edición Negra,Tableta versátil con pantalla de alta resolución ideal para estudio y entretenimiento.,1681.69,63
ACC-1130,Webcam Logitech C920 HD Pro Edición Plata,Dispositivo de almacenamiento rápido y confiable para respaldos de datos.,1037.94,94
CAM-1131,Cámara Canon EOS M50 Edición Plata,Cámara de acción resistente al agua con estabilización de imagen avanzada.,1797.69,70
LAP-1132,Laptop Lenovo ThinkPad X1 Carbon Edición Plata,"Equipo portátil para trabajo pesado, edición de video y multitarea.",1034.11,23
TEL-1133,Teléfono Xiaomi 13 Pro Edición Plata,Smartphone de gama alta con pantalla AMOLED y cámara de alta resolución.,783.63,35
AUD-1134,Audífonos Sennheiser Momentum 4 Edición Plata,Auriculares in-ear con audio espacial y estuche de carga inalámbrica.,1890.50,73
MON-1135,Monitor BenQ EW3270U Edición Plata,Monitor curvo e inmersivo con panel IPS e iluminación de baja fatiga visual.,1041.80,19
REL-1136,Reloj Huawei Watch GT 3 Edición Plata,Reloj inteligente elegante con control de notificaciones y seguimiento fit.,78.18,37
TECL-1137,Teclado Redragon Kumara K552 Edición Plata,Teclado mecánico gamer con retroiluminación RGB configurable.,767.81,27
RAT-1138,Ratón Microsoft Bluetooth Ergonomic Edición Plata,Ratón gamer ligero de alta precisión con sensor óptico de alta definición.,559.96,70
TAB-1139,Tableta Huawei MatePad 11 Edición Plata,Dispositivo multimedia portátil con altavoces estéreo y gran autonomía.,1702.60,62
ACC-1140,Webcam Logitech C920 HD Pro S,Componente de conectividad portátil para expandir los puertos de tus dispositivos.,1787.11,93
CAM-1141,Cámara Canon EOS M50 S,Cámara mirrorless compacta con resolución 4K y sensor APS-C.,775.23,15
LAP-1142,Laptop Lenovo ThinkPad X1 Carbon S,Laptop gamer de última generación con tarjeta gráfica dedicada y pantalla 144Hz.,142.16,28
TEL-1143,Teléfono Xiaomi 13 Pro S,"Dispositivo con carga superrápida, batería de larga duración y pantalla de 120Hz.",1271.12,81
AUD-1144,Audífonos Sennheiser Momentum 4 S,Diadema ergonómica con graves profundos y batería de más de 30 horas.,977.70,62
MON-1145,Monitor BenQ EW3270U S,Monitor gaming con tasa de refresco rápida y tiempo de respuesta de 1ms.,383.97,39
REL-1146,Reloj Huawei Watch GT 3 S,Smartwatch deportivo resistente al agua con sensores de salud avanzados.,1363.69,90
TECL-1147,Teclado Redragon Kumara K552 S,Teclado mecánico compacto hot-swappable ideal para programación y oficina.,1681.50,59
RAT-1148,Ratón Microsoft Bluetooth Ergonomic S,Ratón óptico ultraligero con cable mallado suave y deslizamiento perfecto.,840.64,89
TAB-1149,Tableta Huawei MatePad 11 S,Tableta versátil con pantalla de alta resolución ideal para estudio y entretenimiento.,1091.49,96
ACC-1150,Webcam Logitech C920 HD Pro SE,Dispositivo de almacenamiento rápido y confiable para respaldos de datos.,275.49,69
CAM-1151,Cámara Canon EOS M50 SE,Cámara de acción resistente al agua con estabilización de imagen avanzada.,278.03,92
LAP-1152,Laptop Lenovo ThinkPad X1 Carbon SE,"Equipo portátil para trabajo pesado, edición de video y multitarea.",1076.65,80
TEL-1153,Teléfono Xiaomi 13 Pro SE,Smartphone de gama alta con pantalla AMOLED y cámara de alta resolución.,136.44,89
AUD-1154,Audífonos Sennheiser Momentum 4 SE,Auriculares in-ear con audio espacial y estuche de carga inalámbrica.,1846.73,69
MON-1155,Monitor BenQ EW3270U SE,Monitor curvo e inmersivo con panel IPS e iluminación de baja fatiga visual.,371.48,95
REL-1156,Reloj Huawei Watch GT 3 SE,Reloj inteligente elegante con control de notificaciones y seguimiento fit.,1161.59,50
TECL-1157,Teclado Redragon Kumara K552 SE,Teclado mecánico gamer con retroiluminación RGB configurable.,1094.48,50
RAT-1158,Ratón Microsoft Bluetooth Ergonomic SE,Ratón gamer ligero de alta precisión con sensor óptico de alta definición.,1442.57,10
TAB-1159,Tableta Huawei MatePad 11 SE,Dispositivo multimedia portátil con altavoces estéreo y gran autonomía.,371.00,83
ACC-1160,Webcam Logitech C920 HD Pro Max,Componente de conectividad portátil para expandir los puertos de tus dispositivos.,852.32,29
CAM-1161,Cámara Canon EOS M50 Max,Cámara mirrorless compacta con resolución 4K y sensor APS-C.,1830.72,72
LAP-1162,Laptop Lenovo ThinkPad X1 Carbon Max,Laptop gamer de última generación con tarjeta gráfica dedicada y pantalla 144Hz.,906.00,5
TEL-1163,Teléfono Xiaomi 13 Pro Max,"Dispositivo con carga superrápida, batería de larga duración y pantalla de 120Hz.",133.29,57
AUD-1164,Audífonos Sennheiser Momentum 4 Max,Diadema ergonómica con graves profundos y batería de más de 30 horas.,329.66,20
MON-1165,Monitor BenQ EW3270U Max,Monitor gaming con tasa de refresco rápida y tiempo de respuesta de 1ms.,1556.06,19
REL-1166,Reloj Huawei Watch GT 3 Max,Smartwatch deportivo resistente al agua con sensores de salud avanzados.,1247.77,72
TECL-1167,Teclado Redragon Kumara K552 Max,Teclado mecánico compacto hot-swappable ideal para programación y oficina.,1545.29,94
RAT-1168,Ratón Microsoft Bluetooth Ergonomic Max,Ratón óptico ultraligero con cable mallado suave y deslizamiento perfecto.,1161.60,79
TAB-1169,Tableta Huawei MatePad 11 Max,Tableta versátil con pantalla de alta resolución ideal para estudio y entretenimiento.,1614.37,66
ACC-1170,Webcam Logitech C920 HD Pro v1,Dispositivo de almacenamiento rápido y confiable para respaldos de datos.,102.13,18
CAM-1171,Cámara Canon EOS M50 v1,Cámara de acción resistente al agua con estabilización de imagen avanzada.,1379.83,53
LAP-1172,Laptop Lenovo ThinkPad X1 Carbon v1,"Equipo portátil para trabajo pesado, edición de video y multitarea.",1046.56,80
TEL-1173,Teléfono Xiaomi 13 Pro v1,Smartphone de gama alta con pantalla AMOLED y cámara de alta resolución.,801.99,23
AUD-1174,Audífonos Sennheiser Momentum 4 v1,Auriculares in-ear con audio espacial y estuche de carga inalámbrica.,430.27,40
MON-1175,Monitor BenQ EW3270U v1,Monitor curvo e inmersivo con panel IPS e iluminación de baja fatiga visual.,834.95,96
REL-1176,Reloj Huawei Watch GT 3 v1,Reloj inteligente elegante con control de notificaciones y seguimiento fit.,1489.98,30
TECL-1177,Teclado Redragon Kumara K552 v1,Teclado mecánico gamer con retroiluminación RGB configurable.,755.77,71
RAT-1178,Ratón Microsoft Bluetooth Ergonomic v1,Ratón gamer ligero de alta precisión con sensor óptico de alta definición.,1135.82,43
TAB-1179,Tableta Huawei MatePad 11 v1,Dispositivo multimedia portátil con altavoces estéreo y gran autonomía.,1089.24,15
ACC-1180,Webcam Logitech C920 HD Pro v2,Componente de conectividad portátil para expandir los puertos de tus dispositivos.,741.61,52
CAM-1181,Cámara Canon EOS M50 v2,Cámara mirrorless compacta con resolución 4K y sensor APS-C.,699.24,48
LAP-1182,Laptop Lenovo ThinkPad X1 Carbon v2,Laptop gamer de última generación con tarjeta gráfica dedicada y pantalla 144Hz.,1286.81,31
TEL-1183,Teléfono Xiaomi 13 Pro v2,"Dispositivo con carga superrápida, batería de larga duración y pantalla de 120Hz.",717.55,7
AUD-1184,Audífonos Sennheiser Momentum 4 v2,Diadema ergonómica con graves profundos y batería de más de 30 horas.,980.04,33
MON-1185,Monitor BenQ EW3270U v2,Monitor gaming con tasa de refresco rápida y tiempo de respuesta de 1ms.,500.07,14
REL-1186,Reloj Huawei Watch GT 3 v2,Smartwatch deportivo resistente al agua con sensores de salud avanzados.,512.73,84
TECL-1187,Teclado Redragon Kumara K552 v2,Teclado mecánico compacto hot-swappable ideal para programación y oficina.,1384.07,100
RAT-1188,Ratón Microsoft Bluetooth Ergonomic v2,Ratón óptico ultraligero con cable mallado suave y deslizamiento perfecto.,1113.81,10
TAB-1189,Tableta Huawei MatePad 11 v2,Tableta versátil con pantalla de alta resolución ideal para estudio y entretenimiento.,1084.38,68
ACC-1190,Webcam Logitech C920 HD Pro Pro,Dispositivo de almacenamiento rápido y confiable para respaldos de datos.,864.62,67
CAM-1191,Cámara Canon EOS M50 Pro,Cámara de acción resistente al agua con estabilización de imagen avanzada.,795.94,37
LAP-1192,Laptop Lenovo ThinkPad X1 Carbon Pro,"Equipo portátil para trabajo pesado, edición de video y multitarea.",1419.24,37
TEL-1193,Teléfono Xiaomi 13 Pro Pro,Smartphone de gama alta con pantalla AMOLED y cámara de alta resolución.,596.72,80
AUD-1194,Audífonos Sennheiser Momentum 4 Pro,Auriculares in-ear con audio espacial y estuche de carga inalámbrica.,1194.95,70
MON-1195,Monitor BenQ EW3270U Pro,Monitor curvo e inmersivo con panel IPS e iluminación de baja fatiga visual.,590.80,40
REL-1196,Reloj Huawei Watch GT 3 Pro,Reloj inteligente elegante con control de notificaciones y seguimiento fit.,330.10,61
TECL-1197,Teclado Redragon Kumara K552 Pro,Teclado mecánico gamer con retroiluminación RGB configurable.,1753.08,32
RAT-1198,Ratón Microsoft Bluetooth Ergonomic Pro,Ratón gamer ligero de alta precisión con sensor óptico de alta definición.,612.53,49
TAB-1199,Tableta Huawei MatePad 11 Pro,Dispositivo multimedia portátil con altavoces estéreo y gran autonomía.,1758.92,12
ACC-1200,Webcam Logitech C920 HD Pro Plus,Componente de conectividad portátil para expandir los puertos de tus dispositivos.,1813.70,80
CAM-1201,Cámara Canon EOS M50 Plus,Cámara mirrorless compacta con resolución 4K y sensor APS-C.,381.15,48
LAP-1202,Laptop Lenovo ThinkPad X1 Carbon Plus,Laptop gamer de última generación con tarjeta gráfica dedicada y pantalla 144Hz.,601.47,61
TEL-1203,Teléfono Xiaomi 13 Pro Plus,"Dispositivo con carga superrápida, batería de larga duración y pantalla de 120Hz.",1549.35,27
AUD-1204,Audífonos Sennheiser Momentum 4 Plus,Diadema ergonómica con graves profundos y batería de más de 30 horas.,732.65,50
MON-1205,Monitor BenQ EW3270U Plus,Monitor gaming con tasa de refresco rápida y tiempo de respuesta de 1ms.,1245.91,98
REL-1206,Reloj Huawei Watch GT 3 Plus,Smartwatch deportivo resistente al agua con sensores de salud avanzados.,645.58,63
TECL-1207,Teclado Redragon Kumara K552 Plus,Teclado mecánico compacto hot-swappable ideal para programación y oficina.,1359.46,4
RAT-1208,Ratón Microsoft Bluetooth Ergonomic Plus,Ratón óptico ultraligero con cable mallado suave y deslizamiento perfecto.,69.41,84
TAB-1209,Tableta Huawei MatePad 11 Plus,Tableta versátil con pantalla de alta resolución ideal para estudio y entretenimiento.,1576.18,3
ACC-1210,Webcam Logitech C920 HD Pro Ultra,Dispositivo de almacenamiento rápido y confiable para respaldos de datos.,154.39,62
CAM-1211,Cámara Canon EOS M50 Ultra,Cámara de acción resistente al agua con estabilización de imagen avanzada.,566.08,82
LAP-1212,Laptop Lenovo ThinkPad X1 Carbon Ultra,"Equipo portátil para trabajo pesado, edición de video y multitarea.",1504.27,39
TEL-1213,Teléfono Xiaomi 13 Pro Ultra,Smartphone de gama alta con pantalla AMOLED y cámara de alta resolución.,984.99,64
AUD-1214,Audífonos Sennheiser Momentum 4 Ultra,Auriculares in-ear con audio espacial y estuche de carga inalámbrica.,1884.39,84
MON-1215,Monitor BenQ EW3270U Ultra,Monitor curvo e inmersivo con panel IPS e iluminación de baja fatiga visual.,846.78,67
REL-1216,Reloj Huawei Watch GT 3 Ultra,Reloj inteligente elegante con control de notificaciones y seguimiento fit.,1016.89,7
TECL-1217,Teclado Redragon Kumara K552 Ultra,Teclado mecánico gamer con retroiluminación RGB configurable.,1824.86,7
RAT-1218,Ratón Microsoft Bluetooth Ergonomic Ultra,Ratón gamer ligero de alta precisión con sensor óptico de alta definición.,1038.98,15
TAB-1219,Tableta Huawei MatePad 11 Ultra,Dispositivo multimedia portátil con altavoces estéreo y gran autonomía.,1634.61,68
ACC-1220,Webcam Logitech C920 HD Pro Lite,Componente de conectividad portátil para expandir los puertos de tus dispositivos.,521.83,82
CAM-1221,Cámara Canon EOS M50 Lite,Cámara mirrorless compacta con resolución 4K y sensor APS-C.,127.71,54
LAP-1222,Laptop Lenovo ThinkPad X1 Carbon Lite,Laptop gamer de última generación con tarjeta gráfica dedicada y pantalla 144Hz.,1088.15,53
TEL-1223,Teléfono Xiaomi 13 Pro Lite,"Dispositivo con carga superrápida, batería de larga duración y pantalla de 120Hz.",1803.85,84
AUD-1224,Audífonos Sennheiser Momentum 4 Lite,Diadema ergonómica con graves profundos y batería de más de 30 horas.,211.57,91
MON-1225,Monitor BenQ EW3270U Lite,Monitor gaming con tasa de refresco rápida y tiempo de respuesta de 1ms.,724.33,42
REL-1226,Reloj Huawei Watch GT 3 Lite,Smartwatch deportivo resistente al agua con sensores de salud avanzados.,876.55,27
TECL-1227,Teclado Redragon Kumara K552 Lite,Teclado mecánico compacto hot-swappable ideal para programación y oficina.,1172.96,4
RAT-1228,Ratón Microsoft Bluetooth Ergonomic Lite,Ratón óptico ultraligero con cable mallado suave y deslizamiento perfecto.,247.05,23
TAB-1229,Tableta Huawei MatePad 11 Lite,Tableta versátil con pantalla de alta resolución ideal para estudio y entretenimiento.,255.66,71
ACC-1230,Webcam Logitech C920 HD Pro Edition 2024,Dispositivo de almacenamiento rápido y confiable para respaldos de datos.,1058.52,86
CAM-1231,Cámara Canon EOS M50 Edition 2024,Cámara de acción resistente al agua con estabilización de imagen avanzada.,729.61,33
LAP-1232,Laptop Lenovo ThinkPad X1 Carbon Edition 2024,"Equipo portátil para trabajo pesado, edición de video y multitarea.",1103.79,90
TEL-1233,Teléfono Xiaomi 13 Pro Edition 2024,Smartphone de gama alta con pantalla AMOLED y cámara de alta resolución.,607.98,66
AUD-1234,Audífonos Sennheiser Momentum 4 Edition 2024,Auriculares in-ear con audio espacial y estuche de carga inalámbrica.,1836.79,57
MON-1235,Monitor BenQ EW3270U Edition 2024,Monitor curvo e inmersivo con panel IPS e iluminación de baja fatiga visual.,1727.70,55
REL-1236,Reloj Huawei Watch GT 3 Edition 2024,Reloj inteligente elegante con control de notificaciones y seguimiento fit.,1020.86,95
TECL-1237,Teclado Redragon Kumara K552 Edition 2024,Teclado mecánico gamer con retroiluminación RGB configurable.,296.10,51
RAT-1238,Ratón Microsoft Bluetooth Ergonomic Edition 2024,Ratón gamer ligero de alta precisión con sensor óptico de alta definición.,65.23,28
TAB-1239,Tableta Huawei MatePad 11 Edition 2024,Dispositivo multimedia portátil con altavoces estéreo y gran autonomía.,156.70,59
ACC-1240,Webcam Logitech C920 HD Pro Special Edition,Componente de conectividad portátil para expandir los puertos de tus dispositivos.,1236.61,46
CAM-1241,Cámara Canon EOS M50 Special Edition,Cámara mirrorless compacta con resolución 4K y sensor APS-C.,1149.76,64
LAP-1242,Laptop Lenovo ThinkPad X1 Carbon Special Edition,Laptop gamer de última generación con tarjeta gráfica dedicada y pantalla 144Hz.,165.13,42
TEL-1243,Teléfono Xiaomi 13 Pro Special Edition,"Dispositivo con carga superrápida, batería de larga duración y pantalla de 120Hz.",1389.89,47
AUD-1244,Audífonos Sennheiser Momentum 4 Special Edition,Diadema ergonómica con graves profundos y batería de más de 30 horas.,533.79,71
MON-1245,Monitor BenQ EW3270U Special Edition,Monitor gaming con tasa de refresco rápida y tiempo de respuesta de 1ms.,1029.85,21
REL-1246,Reloj Huawei Watch GT 3 Special Edition,Smartwatch deportivo resistente al agua con sensores de salud avanzados.,329.56,68
TECL-1247,Teclado Redragon Kumara K552 Special Edition,Teclado mecánico compacto hot-swappable ideal para programación y oficina.,1474.11,11
RAT-1248,Ratón Microsoft Bluetooth Ergonomic Special Edition,Ratón óptico ultraligero con cable mallado suave y deslizamiento perfecto.,1085.96,65
TAB-1249,Tableta Huawei MatePad 11 Special Edition,Tableta versátil con pantalla de alta resolución ideal para estudio y entretenimiento.,962.27,85
ACC-1250,Webcam Logitech C920 HD Pro Edición Negra,Dispositivo de almacenamiento rápido y confiable para respaldos de datos.,291.22,81
CAM-1251,Cámara Canon EOS M50 Edición Negra,Cámara de acción resistente al agua con estabilización de imagen avanzada.,1333.34,2
LAP-1252,Laptop Lenovo ThinkPad X1 Carbon Edición Negra,"Equipo portátil para trabajo pesado, edición de video y multitarea.",1503.67,39
TEL-1253,Teléfono Xiaomi 13 Pro Edición Negra,Smartphone de gama alta con pantalla AMOLED y cámara de alta resolución.,1396.17,87
AUD-1254,Audífonos Sennheiser Momentum 4 Edición Negra,Auriculares in-ear con audio espacial y estuche de carga inalámbrica.,834.23,35
MON-1255,Monitor BenQ EW3270U Edición Negra,Monitor curvo e inmersivo con panel IPS e iluminación de baja fatiga visual.,747.51,17
REL-1256,Reloj Huawei Watch GT 3 Edición Negra,Reloj inteligente elegante con control de notificaciones y seguimiento fit.,1046.56,15
TECL-1257,Teclado Redragon Kumara K552 Edición Negra,Teclado mecánico gamer con retroiluminación RGB configurable.,976.88,26
RAT-1258,Ratón Microsoft Bluetooth Ergonomic Edición Negra,Ratón gamer ligero de alta precisión con sensor óptico de alta definición.,274.44,48
TAB-1259,Tableta Huawei MatePad 11 Edición Negra,Dispositivo multimedia portátil con altavoces estéreo y gran autonomía.,742.69,92
ACC-1260,Webcam Logitech C920 HD Pro Edición Plata,Componente de conectividad portátil para expandir los puertos de tus dispositivos.,186.45,42
CAM-1261,Cámara Canon EOS M50 Edición Plata,Cámara mirrorless compacta con resolución 4K y sensor APS-C.,161.78,14
LAP-1262,Laptop Lenovo ThinkPad X1 Carbon Edición Plata,Laptop gamer de última generación con tarjeta gráfica dedicada y pantalla 144Hz.,377.61,28
TEL-1263,Teléfono Xiaomi 13 Pro Edición Plata,"Dispositivo con carga superrápida, batería de larga duración y pantalla de 120Hz.",1837.18,22
AUD-1264,Audífonos Sennheiser Momentum 4 Edición Plata,Diadema ergonómica con graves profundos y batería de más de 30 horas.,247.70,51
MON-1265,Monitor BenQ EW3270U Edición Plata,Monitor gaming con tasa de refresco rápida y tiempo de respuesta de 1ms.,27.50,76
REL-1266,Reloj Huawei Watch GT 3 Edición Plata,Smartwatch deportivo resistente al agua con sensores de salud avanzados.,1847.47,27
TECL-1267,Teclado Redragon Kumara K552 Edición Plata,Teclado mecánico compacto hot-swappable ideal para programación y oficina.,138.71,39
RAT-1268,Ratón Microsoft Bluetooth Ergonomic Edición Plata,Ratón óptico ultraligero con cable mallado suave y deslizamiento perfecto.,174.10,9
TAB-1269,Tableta Huawei MatePad 11 Edición Plata,Tableta versátil con pantalla de alta resolución ideal para estudio y entretenimiento.,1407.97,94
ACC-1270,Webcam Logitech C920 HD Pro S,Dispositivo de almacenamiento rápido y confiable para respaldos de datos.,1088.09,30
CAM-1271,Cámara Canon EOS M50 S,Cámara de acción resistente al agua con estabilización de imagen avanzada.,670.28,70
LAP-1272,Laptop Lenovo ThinkPad X1 Carbon S,"Equipo portátil para trabajo pesado, edición de video y multitarea.",442.83,2
TEL-1273,Teléfono Xiaomi 13 Pro S,Smartphone de gama alta con pantalla AMOLED y cámara de alta resolución.,1648.54,69
AUD-1274,Audífonos Sennheiser Momentum 4 S,Auriculares in-ear con audio espacial y estuche de carga inalámbrica.,238.50,42
MON-1275,Monitor BenQ EW3270U S,Monitor curvo e inmersivo con panel IPS e iluminación de baja fatiga visual.,1245.27,85
REL-1276,Reloj Huawei Watch GT 3 S,Reloj inteligente elegante con control de notificaciones y seguimiento fit.,485.10,23
TECL-1277,Teclado Redragon Kumara K552 S,Teclado mecánico gamer con retroiluminación RGB configurable.,433.22,97
RAT-1278,Ratón Microsoft Bluetooth Ergonomic S,Ratón gamer ligero de alta precisión con sensor óptico de alta definición.,130.07,13
TAB-1279,Tableta Huawei MatePad 11 S,Dispositivo multimedia portátil con altavoces estéreo y gran autonomía.,1397.25,80
ACC-1280,Webcam Logitech C920 HD Pro SE,Componente de conectividad portátil para expandir los puertos de tus dispositivos.,1690.96,47
CAM-1281,Cámara Canon EOS M50 SE,Cámara mirrorless compacta con resolución 4K y sensor APS-C.,430.21,87
LAP-1282,Laptop Lenovo ThinkPad X1 Carbon SE,Laptop gamer de última generación con tarjeta gráfica dedicada y pantalla 144Hz.,118.16,26
TEL-1283,Teléfono Xiaomi 13 Pro SE,"Dispositivo con carga superrápida, batería de larga duración y pantalla de 120Hz.",632.07,2
AUD-1284,Audífonos Sennheiser Momentum 4 SE,Diadema ergonómica con graves profundos y batería de más de 30 horas.,952.74,62
MON-1285,Monitor BenQ EW3270U SE,Monitor gaming con tasa de refresco rápida y tiempo de respuesta de 1ms.,490.62,52
REL-1286,Reloj Huawei Watch GT 3 SE,Smartwatch deportivo resistente al agua con sensores de salud avanzados.,646.58,1
TECL-1287,Teclado Redragon Kumara K552 SE,Teclado mecánico compacto hot-swappable ideal para programación y oficina.,855.06,10
RAT-1288,Ratón Microsoft Bluetooth Ergonomic SE,Ratón óptico ultraligero con cable mallado suave y deslizamiento perfecto.,1616.50,82
TAB-1289,Tableta Huawei MatePad 11 SE,Tableta versátil con pantalla de alta resolución ideal para estudio y entretenimiento.,1098.77,85
ACC-1290,Webcam Logitech C920 HD Pro Max,Dispositivo de almacenamiento rápido y confiable para respaldos de datos.,1619.85,38
CAM-1291,Cámara Canon EOS M50 Max,Cámara de acción resistente al agua con estabilización de imagen avanzada.,1095.28,50
LAP-1292,Laptop Lenovo ThinkPad X1 Carbon Max,"Equipo portátil para trabajo pesado, edición de video y multitarea.",793.05,70
TEL-1293,Teléfono Xiaomi 13 Pro Max,Smartphone de gama alta con pantalla AMOLED y cámara de alta resolución.,585.02,7
AUD-1294,Audífonos Sennheiser Momentum 4 Max,Auriculares in-ear con audio espacial y estuche de carga inalámbrica.,1700.71,47
MON-1295,Monitor BenQ EW3270U Max,Monitor curvo e inmersivo con panel IPS e iluminación de baja fatiga visual.,196.97,18
REL-1296,Reloj Huawei Watch GT 3 Max,Reloj inteligente elegante con control de notificaciones y seguimiento fit.,910.36,47
TECL-1297,Teclado Redragon Kumara K552 Max,Teclado mecánico gamer con retroiluminación RGB configurable.,843.34,81
RAT-1298,Ratón Microsoft Bluetooth Ergonomic Max,Ratón gamer ligero de alta precisión con sensor óptico de alta definición.,1812.81,25
TAB-1299,Tableta Huawei MatePad 11 Max,Dispositivo multimedia portátil con altavoces estéreo y gran autonomía.,622.22,91
ACC-1300,Webcam Logitech C920 HD Pro v1,Componente de conectividad portátil para expandir los puertos de tus dispositivos.,695.50,51
CAM-1301,Cámara Canon EOS M50 v1,Cámara mirrorless compacta con resolución 4K y sensor APS-C.,1592.27,64
LAP-1302,Laptop Lenovo ThinkPad X1 Carbon v1,Laptop gamer de última generación con tarjeta gráfica dedicada y pantalla 144Hz.,1595.57,16
TEL-1303,Teléfono Xiaomi 13 Pro v1,"Dispositivo con carga superrápida, batería de larga duración y pantalla de 120Hz.",705.46,80
AUD-1304,Audífonos Sennheiser Momentum 4 v1,Diadema ergonómica con graves profundos y batería de más de 30 horas.,763.75,80
MON-1305,Monitor BenQ EW3270U v1,Monitor gaming con tasa de refresco rápida y tiempo de respuesta de 1ms.,337.53,51
REL-1306,Reloj Huawei Watch GT 3 v1,Smartwatch deportivo resistente al agua con sensores de salud avanzados.,1495.74,62
TECL-1307,Teclado Redragon Kumara K552 v1,Teclado mecánico compacto hot-swappable ideal para programación y oficina.,1098.47,90
RAT-1308,Ratón Microsoft Bluetooth Ergonomic v1,Ratón óptico ultraligero con cable mallado suave y deslizamiento perfecto.,953.68,24
TAB-1309,Tableta Huawei MatePad 11 v1,Tableta versátil con pantalla de alta resolución ideal para estudio y entretenimiento.,956.06,94
ACC-1310,Webcam Logitech C920 HD Pro v2,Dispositivo de almacenamiento rápido y confiable para respaldos de datos.,1767.29,74
CAM-1311,Cámara Canon EOS M50 v2,Cámara de acción resistente al agua con estabilización de imagen avanzada.,289.03,42
LAP-1312,Laptop Lenovo ThinkPad X1 Carbon v2,"Equipo portátil para trabajo pesado, edición de video y multitarea.",1064.42,65
TEL-1313,Teléfono Xiaomi 13 Pro v2,Smartphone de gama alta con pantalla AMOLED y cámara de alta resolución.,1669.82,55
AUD-1314,Audífonos Sennheiser Momentum 4 v2,Auriculares in-ear con audio espacial y estuche de carga inalámbrica.,757.12,54
MON-1315,Monitor BenQ EW3270U v2,Monitor curvo e inmersivo con panel IPS e iluminación de baja fatiga visual.,751.77,50
REL-1316,Reloj Huawei Watch GT 3 v2,Reloj inteligente elegante con control de notificaciones y seguimiento fit.,411.83,32
TECL-1317,Teclado Redragon Kumara K552 v2,Teclado mecánico gamer con retroiluminación RGB configurable.,1179.65,41
RAT-1318,Ratón Microsoft Bluetooth Ergonomic v2,Ratón gamer ligero de alta precisión con sensor óptico de alta definición.,1630.47,36
TAB-1319,Tableta Huawei MatePad 11 v2,Dispositivo multimedia portátil con altavoces estéreo y gran autonomía.,776.01,63
ACC-1320,Webcam Logitech C920 HD Pro Pro,Componente de conectividad portátil para expandir los puertos de tus dispositivos.,291.40,70
CAM-1321,Cámara Canon EOS M50 Pro,Cámara mirrorless compacta con resolución 4K y sensor APS-C.,1021.67,57
LAP-1322,Laptop Lenovo ThinkPad X1 Carbon Pro,Laptop gamer de última generación con tarjeta gráfica dedicada y pantalla 144Hz.,789.75,38
TEL-1323,Teléfono Xiaomi 13 Pro Pro,"Dispositivo con carga superrápida, batería de larga duración y pantalla de 120Hz.",1799.99,57
AUD-1324,Audífonos Sennheiser Momentum 4 Pro,Diadema ergonómica con graves profundos y batería de más de 30 horas.,900.47,50
MON-1325,Monitor BenQ EW3270U Pro,Monitor gaming con tasa de refresco rápida y tiempo de respuesta de 1ms.,1778.79,77
REL-1326,Reloj Huawei Watch GT 3 Pro,Smartwatch deportivo resistente al agua con sensores de salud avanzados.,941.18,1
TECL-1327,Teclado Redragon Kumara K552 Pro,Teclado mecánico compacto hot-swappable ideal para programación y oficina.,454.43,68
RAT-1328,Ratón Microsoft Bluetooth Ergonomic Pro,Ratón óptico ultraligero con cable mallado suave y deslizamiento perfecto.,281.52,66
TAB-1329,Tableta Huawei MatePad 11 Pro,Tableta versátil con pantalla de alta resolución ideal para estudio y entretenimiento.,773.09,20
ACC-1330,Webcam Logitech C920 HD Pro Plus,Dispositivo de almacenamiento rápido y confiable para respaldos de datos.,673.45,21
CAM-1331,Cámara Canon EOS M50 Plus,Cámara de acción resistente al agua con estabilización de imagen avanzada.,1103.21,63
LAP-1332,Laptop Lenovo ThinkPad X1 Carbon Plus,"Equipo portátil para trabajo pesado, edición de video y multitarea.",104.97,50
TEL-1333,Teléfono Xiaomi 13 Pro Plus,Smartphone de gama alta con pantalla AMOLED y cámara de alta resolución.,931.55,81
AUD-1334,Audífonos Sennheiser Momentum 4 Plus,Auriculares in-ear con audio espacial y estuche de carga inalámbrica.,1270.28,97
MON-1335,Monitor BenQ EW3270U Plus,Monitor curvo e inmersivo con panel IPS e iluminación de baja fatiga visual.,1400.88,73
REL-1336,Reloj Huawei Watch GT 3 Plus,Reloj inteligente elegante con control de notificaciones y seguimiento fit.,976.81,14
TECL-1337,Teclado Redragon Kumara K552 Plus,Teclado mecánico gamer con retroiluminación RGB configurable.,1179.84,69
RAT-1338,Ratón Microsoft Bluetooth Ergonomic Plus,Ratón gamer ligero de alta precisión con sensor óptico de alta definición.,1649.51,89
TAB-1339,Tableta Huawei MatePad 11 Plus,Dispositivo multimedia portátil con altavoces estéreo y gran autonomía.,1198.60,36
ACC-1340,Webcam Logitech C920 HD Pro Ultra,Componente de conectividad portátil para expandir los puertos de tus dispositivos.,679.73,70
CAM-1341,Cámara Canon EOS M50 Ultra,Cámara mirrorless compacta con resolución 4K y sensor APS-C.,869.41,74
LAP-1342,Laptop Lenovo ThinkPad X1 Carbon Ultra,Laptop gamer de última generación con tarjeta gráfica dedicada y pantalla 144Hz.,1601.68,47
TEL-1343,Teléfono Xiaomi 13 Pro Ultra,"Dispositivo con carga superrápida, batería de larga duración y pantalla de 120Hz.",645.65,27
AUD-1344,Audífonos Sennheiser Momentum 4 Ultra,Diadema ergonómica con graves profundos y batería de más de 30 horas.,801.35,50
MON-1345,Monitor BenQ EW3270U Ultra,Monitor gaming con tasa de refresco rápida y tiempo de respuesta de 1ms.,202.95,82
REL-1346,Reloj Huawei Watch GT 3 Ultra,Smartwatch deportivo resistente al agua con sensores de salud avanzados.,579.51,87
TECL-1347,Teclado Redragon Kumara K552 Ultra,Teclado mecánico compacto hot-swappable ideal para programación y oficina.,1851.86,93
RAT-1348,Ratón Microsoft Bluetooth Ergonomic Ultra,Ratón óptico ultraligero con cable mallado suave y deslizamiento perfecto.,1873.78,50
TAB-1349,Tableta Huawei MatePad 11 Ultra,Tableta versátil con pantalla de alta resolución ideal para estudio y entretenimiento.,26.21,79
ACC-1350,Webcam Logitech C920 HD Pro Lite,Dispositivo de almacenamiento rápido y confiable para respaldos de datos.,941.93,3
CAM-1351,Cámara Canon EOS M50 Lite,Cámara de acción resistente al agua con estabilización de imagen avanzada.,319.67,9
LAP-1352,Laptop Lenovo ThinkPad X1 Carbon Lite,"Equipo portátil para trabajo pesado, edición de video y multitarea.",577.78,5
TEL-1353,Teléfono Xiaomi 13 Pro Lite,Smartphone de gama alta con pantalla AMOLED y cámara de alta resolución.,399.42,78
AUD-1354,Audífonos Sennheiser Momentum 4 Lite,Auriculares in-ear con audio espacial y estuche de carga inalámbrica.,1029.60,16
MON-1355,Monitor BenQ EW3270U Lite,Monitor curvo e inmersivo con panel IPS e iluminación de baja fatiga visual.,1289.50,19
REL-1356,Reloj Huawei Watch GT 3 Lite,Reloj inteligente elegante con control de notificaciones y seguimiento fit.,485.54,85
TECL-1357,Teclado Redragon Kumara K552 Lite,Teclado mecánico gamer con retroiluminación RGB configurable.,1866.62,55
RAT-1358,Ratón Microsoft Bluetooth Ergonomic Lite,Ratón gamer ligero de alta precisión con sensor óptico de alta definición.,40.99,12
TAB-1359,Tableta Huawei MatePad 11 Lite,Dispositivo multimedia portátil con altavoces estéreo y gran autonomía.,1799.46,32
ACC-1360,Webcam Logitech C920 HD Pro Edition 2024,Componente de conectividad portátil para expandir los puertos de tus dispositivos.,1524.69,28
CAM-1361,Cámara Canon EOS M50 Edition 2024,Cámara mirrorless compacta con resolución 4K y sensor APS-C.,232.12,44
LAP-1362,Laptop Lenovo ThinkPad X1 Carbon Edition 2024,Laptop gamer de última generación con tarjeta gráfica dedicada y pantalla 144Hz.,1555.08,92
TEL-1363,Teléfono Xiaomi 13 Pro Edition 2024,"Dispositivo con carga superrápida, batería de larga duración y pantalla de 120Hz.",385.88,11
AUD-1364,Audífonos Sennheiser Momentum 4 Edition 2024,Diadema ergonómica con graves profundos y batería de más de 30 horas.,1430.34,21
MON-1365,Monitor BenQ EW3270U Edition 2024,Monitor gaming con tasa de refresco rápida y tiempo de respuesta de 1ms.,1790.57,33
REL-1366,Reloj Huawei Watch GT 3 Edition 2024,Smartwatch deportivo resistente al agua con sensores de salud avanzados.,993.52,68
TECL-1367,Teclado Redragon Kumara K552 Edition 2024,Teclado mecánico compacto hot-swappable ideal para programación y oficina.,790.72,14
RAT-1368,Ratón Microsoft Bluetooth Ergonomic Edition 2024,Ratón óptico ultraligero con cable mallado suave y deslizamiento perfecto.,426.26,76
TAB-1369,Tableta Huawei MatePad 11 Edition 2024,Tableta versátil con pantalla de alta resolución ideal para estudio y entretenimiento.,1125.01,38
ACC-1370,Webcam Logitech C920 HD Pro Special Edition,Dispositivo de almacenamiento rápido y confiable para respaldos de datos.,1230.38,34
CAM-1371,Cámara Canon EOS M50 Special Edition,Cámara de acción resistente al agua con estabilización de imagen avanzada.,1275.41,43
LAP-1372,Laptop Lenovo ThinkPad X1 Carbon Special Edition,"Equipo portátil para trabajo pesado, edición de video y multitarea.",1341.88,14
TEL-1373,Teléfono Xiaomi 13 Pro Special Edition,Smartphone de gama alta con pantalla AMOLED y cámara de alta resolución.,91.29,24
AUD-1374,Audífonos Sennheiser Momentum 4 Special Edition,Auriculares in-ear con audio espacial y estuche de carga inalámbrica.,39.25,56
MON-1375,Monitor BenQ EW3270U Special Edition,Monitor curvo e inmersivo con panel IPS e iluminación de baja fatiga visual.,125.84,7
REL-1376,Reloj Huawei Watch GT 3 Special Edition,Reloj inteligente elegante con control de notificaciones y seguimiento fit.,897.84,35
TECL-1377,Teclado Redragon Kumara K552 Special Edition,Teclado mecánico gamer con retroiluminación RGB configurable.,294.40,1
RAT-1378,Ratón Microsoft Bluetooth Ergonomic Special Edition,Ratón gamer ligero de alta precisión con sensor óptico de alta definición.,41.25,21
TAB-1379,Tableta Huawei MatePad 11 Special Edition,Dispositivo multimedia portátil con altavoces estéreo y gran autonomía.,1366.22,33
ACC-1380,Webcam Logitech C920 HD Pro Edición Negra,Componente de conectividad portátil para expandir los puertos de tus dispositivos.,1250.79,75
CAM-1381,Cámara Canon EOS M50 Edición Negra,Cámara mirrorless compacta con resolución 4K y sensor APS-C.,1880.80,91
LAP-1382,Laptop Lenovo ThinkPad X1 Carbon Edición Negra,Laptop gamer de última generación con tarjeta gráfica dedicada y pantalla 144Hz.,1276.44,54
TEL-1383,Teléfono Xiaomi 13 Pro Edición Negra,"Dispositivo con carga superrápida, batería de larga duración y pantalla de 120Hz.",236.79,38
AUD-1384,Audífonos Sennheiser Momentum 4 Edición Negra,Diadema ergonómica con graves profundos y batería de más de 30 horas.,1818.25,40
MON-1385,Monitor BenQ EW3270U Edición Negra,Monitor gaming con tasa de refresco rápida y tiempo de respuesta de 1ms.,304.72,28
REL-1386,Reloj Huawei Watch GT 3 Edición Negra,Smartwatch deportivo resistente al agua con sensores de salud avanzados.,1657.19,24
TECL-1387,Teclado Redragon Kumara K552 Edición Negra,Teclado mecánico compacto hot-swappable ideal para programación y oficina.,1602.61,82
RAT-1388,Ratón Microsoft Bluetooth Ergonomic Edición Negra,Ratón óptico ultraligero con cable mallado suave y deslizamiento perfecto.,1124.76,82
TAB-1389,Tableta Huawei MatePad 11 Edición Negra,Tableta versátil con pantalla de alta resolución ideal para estudio y entretenimiento.,107.47,70
ACC-1390,Webcam Logitech C920 HD Pro Edición Plata,Dispositivo de almacenamiento rápido y confiable para respaldos de datos.,179.92,13
CAM-1391,Cámara Canon EOS M50 Edición Plata,Cámara de acción resistente al agua con estabilización de imagen avanzada.,272.92,77
LAP-1392,Laptop Lenovo ThinkPad X1 Carbon Edición Plata,"Equipo portátil para trabajo pesado, edición de video y multitarea.",507.89,57
TEL-1393,Teléfono Xiaomi 13 Pro Edición Plata,Smartphone de gama alta con pantalla AMOLED y cámara de alta resolución.,725.47,45
AUD-1394,Audífonos Sennheiser Momentum 4 Edición Plata,Auriculares in-ear con audio espacial y estuche de carga inalámbrica.,763.41,58
MON-1395,Monitor BenQ EW3270U Edición Plata,Monitor curvo e inmersivo con panel IPS e iluminación de baja fatiga visual.,1261.37,33
REL-1396,Reloj Huawei Watch GT 3 Edición Plata,Reloj inteligente elegante con control de notificaciones y seguimiento fit.,152.94,96
TECL-1397,Teclado Redragon Kumara K552 Edición Plata,Teclado mecánico gamer con retroiluminación RGB configurable.,153.41,27
RAT-1398,Ratón Microsoft Bluetooth Ergonomic Edición Plata,Ratón gamer ligero de alta precisión con sensor óptico de alta definición.,652.64,97
TAB-1399,Tableta Huawei MatePad 11 Edición Plata,Dispositivo multimedia portátil con altavoces estéreo y gran autonomía.,998.31,32
ACC-1400,Webcam Logitech C920 HD Pro S,Componente de conectividad portátil para expandir los puertos de tus dispositivos.,327.76,71
CAM-1401,Cámara Canon EOS M50 S,Cámara mirrorless compacta con resolución 4K y sensor APS-C.,1394.35,57
LAP-1402,Laptop Lenovo ThinkPad X1 Carbon S,Laptop gamer de última generación con tarjeta gráfica dedicada y pantalla 144Hz.,1179.91,3
TEL-1403,Teléfono Xiaomi 13 Pro S,"Dispositivo con carga superrápida, batería de larga duración y pantalla de 120Hz.",614.79,18
AUD-1404,Audífonos Sennheiser Momentum 4 S,Diadema ergonómica con graves profundos y batería de más de 30 horas.,1485.77,20
MON-1405,Monitor BenQ EW3270U S,Monitor gaming con tasa de refresco rápida y tiempo de respuesta de 1ms.,812.07,31
REL-1406,Reloj Huawei Watch GT 3 S,Smartwatch deportivo resistente al agua con sensores de salud avanzados.,1770.06,69
TECL-1407,Teclado Redragon Kumara K552 S,Teclado mecánico compacto hot-swappable ideal para programación y oficina.,184.16,60
RAT-1408,Ratón Microsoft Bluetooth Ergonomic S,Ratón óptico ultraligero con cable mallado suave y deslizamiento perfecto.,929.37,15
TAB-1409,Tableta Huawei MatePad 11 S,Tableta versátil con pantalla de alta resolución ideal para estudio y entretenimiento.,84.81,87
ACC-1410,Webcam Logitech C920 HD Pro SE,Dispositivo de almacenamiento rápido y confiable para respaldos de datos.,573.87,46
CAM-1411,Cámara Canon EOS M50 SE,Cámara de acción resistente al agua con estabilización de imagen avanzada.,1456.54,81
LAP-1412,Laptop Lenovo ThinkPad X1 Carbon SE,"Equipo portátil para trabajo pesado, edición de video y multitarea.",1570.22,4
TEL-1413,Teléfono Xiaomi 13 Pro SE,Smartphone de gama alta con pantalla AMOLED y cámara de alta resolución.,877.43,14
AUD-1414,Audífonos Sennheiser Momentum 4 SE,Auriculares in-ear con audio espacial y estuche de carga inalámbrica.,1606.10,86
MON-1415,Monitor BenQ EW3270U SE,Monitor curvo e inmersivo con panel IPS e iluminación de baja fatiga visual.,1619.76,95
REL-1416,Reloj Huawei Watch GT 3 SE,Reloj inteligente elegante con control de notificaciones y seguimiento fit.,193.28,92
TECL-1417,Teclado Redragon Kumara K552 SE,Teclado mecánico gamer con retroiluminación RGB configurable.,605.76,92
RAT-1418,Ratón Microsoft Bluetooth Ergonomic SE,Ratón gamer ligero de alta precisión con sensor óptico de alta definición.,1485.97,3
TAB-1419,Tableta Huawei MatePad 11 SE,Dispositivo multimedia portátil con altavoces estéreo y gran autonomía.,1092.97,86
ACC-1420,Webcam Logitech C920 HD Pro Max,Componente de conectividad portátil para expandir los puertos de tus dispositivos.,1760.99,54
CAM-1421,Cámara Canon EOS M50 Max,Cámara mirrorless compacta con resolución 4K y sensor APS-C.,128.36,23
LAP-1422,Laptop Lenovo ThinkPad X1 Carbon Max,Laptop gamer de última generación con tarjeta gráfica dedicada y pantalla 144Hz.,417.10,57
TEL-1423,Teléfono Xiaomi 13 Pro Max,"Dispositivo con carga superrápida, batería de larga duración y pantalla de 120Hz.",1582.12,64
AUD-1424,Audífonos Sennheiser Momentum 4 Max,Diadema ergonómica con graves profundos y batería de más de 30 horas.,104.64,65
MON-1425,Monitor BenQ EW3270U Max,Monitor gaming con tasa de refresco rápida y tiempo de respuesta de 1ms.,631.97,49
REL-1426,Reloj Huawei Watch GT 3 Max,Smartwatch deportivo resistente al agua con sensores de salud avanzados.,1890.41,81
TECL-1427,Teclado Redragon Kumara K552 Max,Teclado mecánico compacto hot-swappable ideal para programación y oficina.,1446.02,30
RAT-1428,Ratón Microsoft Bluetooth Ergonomic Max,Ratón óptico ultraligero con cable mallado suave y deslizamiento perfecto.,991.90,66
TAB-1429,Tableta Huawei MatePad 11 Max,Tableta versátil con pantalla de alta resolución ideal para estudio y entretenimiento.,226.36,32
ACC-1430,Webcam Logitech C920 HD Pro v1,Dispositivo de almacenamiento rápido y confiable para respaldos de datos.,1648.48,83
CAM-1431,Cámara Canon EOS M50 v1,Cámara de acción resistente al agua con estabilización de imagen avanzada.,1007.52,43
LAP-1432,Laptop Lenovo ThinkPad X1 Carbon v1,"Equipo portátil para trabajo pesado, edición de video y multitarea.",917.27,40
TEL-1433,Teléfono Xiaomi 13 Pro v1,Smartphone de gama alta con pantalla AMOLED y cámara de alta resolución.,1388.82,14
AUD-1434,Audífonos Sennheiser Momentum 4 v1,Auriculares in-ear con audio espacial y estuche de carga inalámbrica.,19.46,17
MON-1435,Monitor BenQ EW3270U v1,Monitor curvo e inmersivo con panel IPS e iluminación de baja fatiga visual.,1878.92,84
REL-1436,Reloj Huawei Watch GT 3 v1,Reloj inteligente elegante con control de notificaciones y seguimiento fit.,1507.75,72
TECL-1437,Teclado Redragon Kumara K552 v1,Teclado mecánico gamer con retroiluminación RGB configurable.,424.14,100
RAT-1438,Ratón Microsoft Bluetooth Ergonomic v1,Ratón gamer ligero de alta precisión con sensor óptico de alta definición.,1806.91,96
TAB-1439,Tableta Huawei MatePad 11 v1,Dispositivo multimedia portátil con altavoces estéreo y gran autonomía.,963.10,20
ACC-1440,Webcam Logitech C920 HD Pro v2,Componente de conectividad portátil para expandir los puertos de tus dispositivos.,457.67,100
CAM-1441,Cámara Canon EOS M50 v2,Cámara mirrorless compacta con resolución 4K y sensor APS-C.,1521.77,36
LAP-1442,Laptop Lenovo ThinkPad X1 Carbon v2,Laptop gamer de última generación con tarjeta gráfica dedicada y pantalla 144Hz.,1372.13,3
TEL-1443,Teléfono Xiaomi 13 Pro v2,"Dispositivo con carga superrápida, batería de larga duración y pantalla de 120Hz.",472.30,91
AUD-1444,Audífonos Sennheiser Momentum 4 v2,Diadema ergonómica con graves profundos y batería de más de 30 horas.,1310.87,52
MON-1445,Monitor BenQ EW3270U v2,Monitor gaming con tasa de refresco rápida y tiempo de respuesta de 1ms.,481.99,23
REL-1446,Reloj Huawei Watch GT 3 v2,Smartwatch deportivo resistente al agua con sensores de salud avanzados.,650.07,70
TECL-1447,Teclado Redragon Kumara K552 v2,Teclado mecánico compacto hot-swappable ideal para programación y oficina.,185.69,56
RAT-1448,Ratón Microsoft Bluetooth Ergonomic v2,Ratón óptico ultraligero con cable mallado suave y deslizamiento perfecto.,839.61,26
TAB-1449,Tableta Huawei MatePad 11 v2,Tableta versátil con pantalla de alta resolución ideal para estudio y entretenimiento.,202.36,98
ACC-1450,Webcam Logitech C920 HD Pro Pro,Dispositivo de almacenamiento rápido y confiable para respaldos de datos.,1051.64,20
CAM-1451,Cámara Canon EOS M50 Pro,Cámara de acción resistente al agua con estabilización de imagen avanzada.,682.84,32
LAP-1452,Laptop Lenovo ThinkPad X1 Carbon Pro,"Equipo portátil para trabajo pesado, edición de video y multitarea.",520.88,95
TEL-1453,Teléfono Xiaomi 13 Pro Pro,Smartphone de gama alta con pantalla AMOLED y cámara de alta resolución.,574.46,97
AUD-1454,Audífonos Sennheiser Momentum 4 Pro,Auriculares in-ear con audio espacial y estuche de carga inalámbrica.,1371.99,83
MON-1455,Monitor BenQ EW3270U Pro,Monitor curvo e inmersivo con panel IPS e iluminación de baja fatiga visual.,1039.77,6
REL-1456,Reloj Huawei Watch GT 3 Pro,Reloj inteligente elegante con control de notificaciones y seguimiento fit.,890.60,20
TECL-1457,Teclado Redragon Kumara K552 Pro,Teclado mecánico gamer con retroiluminación RGB configurable.,658.26,65
RAT-1458,Ratón Microsoft Bluetooth Ergonomic Pro,Ratón gamer ligero de alta precisión con sensor óptico de alta definición.,255.40,82
TAB-1459,Tableta Huawei MatePad 11 Pro,Dispositivo multimedia portátil con altavoces estéreo y gran autonomía.,788.12,13
ACC-1460,Webcam Logitech C920 HD Pro Plus,Componente de conectividad portátil para expandir los puertos de tus dispositivos.,1290.51,38
CAM-1461,Cámara Canon EOS M50 Plus,Cámara mirrorless compacta con resolución 4K y sensor APS-C.,89.70,6
LAP-1462,Laptop Lenovo ThinkPad X1 Carbon Plus,Laptop gamer de última generación con tarjeta gráfica dedicada y pantalla 144Hz.,502.41,87
TEL-1463,Teléfono Xiaomi 13 Pro Plus,"Dispositivo con carga superrápida, batería de larga duración y pantalla de 120Hz.",1232.75,23
AUD-1464,Audífonos Sennheiser Momentum 4 Plus,Diadema ergonómica con graves profundos y batería de más de 30 horas.,618.21,53
MON-1465,Monitor BenQ EW3270U Plus,Monitor gaming con tasa de refresco rápida y tiempo de respuesta de 1ms.,469.98,67
REL-1466,Reloj Huawei Watch GT 3 Plus,Smartwatch deportivo resistente al agua con sensores de salud avanzados.,1175.95,48
TECL-1467,Teclado Redragon Kumara K552 Plus,Teclado mecánico compacto hot-swappable ideal para programación y oficina.,1400.81,47
RAT-1468,Ratón Microsoft Bluetooth Ergonomic Plus,Ratón óptico ultraligero con cable mallado suave y deslizamiento perfecto.,1553.26,88
TAB-1469,Tableta Huawei MatePad 11 Plus,Tableta versátil con pantalla de alta resolución ideal para estudio y entretenimiento.,104.52,21
ACC-1470,Webcam Logitech C920 HD Pro Ultra,Dispositivo de almacenamiento rápido y confiable para respaldos de datos.,1886.24,51
CAM-1471,Cámara Canon EOS M50 Ultra,Cámara de acción resistente al agua con estabilización de imagen avanzada.,284.11,17
LAP-1472,Laptop Lenovo ThinkPad X1 Carbon Ultra,"Equipo portátil para trabajo pesado, edición de video y multitarea.",434.17,76
TEL-1473,Teléfono Xiaomi 13 Pro Ultra,Smartphone de gama alta con pantalla AMOLED y cámara de alta resolución.,199.54,91
AUD-1474,Audífonos Sennheiser Momentum 4 Ultra,Auriculares in-ear con audio espacial y estuche de carga inalámbrica.,119.40,97
MON-1475,Monitor BenQ EW3270U Ultra,Monitor curvo e inmersivo con panel IPS e iluminación de baja fatiga visual.,226.51,78
REL-1476,Reloj Huawei Watch GT 3 Ultra,Reloj inteligente elegante con control de notificaciones y seguimiento fit.,1059.96,25
TECL-1477,Teclado Redragon Kumara K552 Ultra,Teclado mecánico gamer con retroiluminación RGB configurable.,1311.55,96
RAT-1478,Ratón Microsoft Bluetooth Ergonomic Ultra,Ratón gamer ligero de alta precisión con sensor óptico de alta definición.,1113.21,23
TAB-1479,Tableta Huawei MatePad 11 Ultra,Dispositivo multimedia portátil con altavoces estéreo y gran autonomía.,109.24,38
ACC-1480,Webcam Logitech C920 HD Pro Lite,Componente de conectividad portátil para expandir los puertos de tus dispositivos.,1895.28,88
CAM-1481,Cámara Canon EOS M50 Lite,Cámara mirrorless compacta con resolución 4K y sensor APS-C.,49.85,18
LAP-1482,Laptop Lenovo ThinkPad X1 Carbon Lite,Laptop gamer de última generación con tarjeta gráfica dedicada y pantalla 144Hz.,166.33,49
TEL-1483,Teléfono Xiaomi 13 Pro Lite,"Dispositivo con carga superrápida, batería de larga duración y pantalla de 120Hz.",1190.17,97
AUD-1484,Audífonos Sennheiser Momentum 4 Lite,Diadema ergonómica con graves profundos y batería de más de 30 horas.,284.57,48
MON-1485,Monitor BenQ EW3270U Lite,Monitor gaming con tasa de refresco rápida y tiempo de respuesta de 1ms.,681.55,87
REL-1486,Reloj Huawei Watch GT 3 Lite,Smartwatch deportivo resistente al agua con sensores de salud avanzados.,1553.10,78
TECL-1487,Teclado Redragon Kumara K552 Lite,Teclado mecánico compacto hot-swappable ideal para programación y oficina.,1625.73,71
RAT-1488,Ratón Microsoft Bluetooth Ergonomic Lite,Ratón óptico ultraligero con cable mallado suave y deslizamiento perfecto.,534.12,19
TAB-1489,Tableta Huawei MatePad 11 Lite,Tableta versátil con pantalla de alta resolución ideal para estudio y entretenimiento.,812.76,2
ACC-1490,Webcam Logitech C920 HD Pro Edition 2024,Dispositivo de almacenamiento rápido y confiable para respaldos de datos.,998.98,16
CAM-1491,Cámara Canon EOS M50 Edition 2024,Cámara de acción resistente al agua con estabilización de imagen avanzada.,441.91,68
LAP-1492,Laptop Lenovo ThinkPad X1 Carbon Edition 2024,"Equipo portátil para trabajo pesado, edición de video y multitarea.",1713.30,18
TEL-1493,Teléfono Xiaomi 13 Pro Edition 2024,Smartphone de gama alta con pantalla AMOLED y cámara de alta resolución.,1540.78,29
AUD-1494,Audífonos Sennheiser Momentum 4 Edition 2024,Auriculares in-ear con audio espacial y estuche de carga inalámbrica.,348.00,39
MON-1495,Monitor BenQ EW3270U Edition 2024,Monitor curvo e inmersivo con panel IPS e iluminación de baja fatiga visual.,818.80,88
REL-1496,Reloj Huawei Watch GT 3 Edition 2024,Reloj inteligente elegante con control de notificaciones y seguimiento fit.,1553.12,10
TECL-1497,Teclado Redragon Kumara K552 Edition 2024,Teclado mecánico gamer con retroiluminación RGB configurable.,171.05,40
RAT-1498,Ratón Microsoft Bluetooth Ergonomic Edition 2024,Ratón gamer ligero de alta precisión con sensor óptico de alta definición.,296.10,15
TAB-1499,Tableta Huawei MatePad 11 Edition 2024,Dispositivo multimedia portátil con altavoces estéreo y gran autonomía.,687.34,23
ACC-1500,Webcam Logitech C920 HD Pro Special Edition,Componente de conectividad portátil para expandir los puertos de tus dispositivos.,600.65,54
CAM-1501,Cámara Canon EOS M50 Special Edition,Cámara mirrorless compacta con resolución 4K y sensor APS-C.,1220.08,55
LAP-1502,Laptop Lenovo ThinkPad X1 Carbon Special Edition,Laptop gamer de última generación con tarjeta gráfica dedicada y pantalla 144Hz.,334.86,77
TEL-1503,Teléfono Xiaomi 13 Pro Special Edition,"Dispositivo con carga superrápida, batería de larga duración y pantalla de 120Hz.",890.25,17
AUD-1504,Audífonos Sennheiser Momentum 4 Special Edition,Diadema ergonómica con graves profundos y batería de más de 30 horas.,1754.48,54
MON-1505,Monitor BenQ EW3270U Special Edition,Monitor gaming con tasa de refresco rápida y tiempo de respuesta de 1ms.,241.62,11
REL-1506,Reloj Huawei Watch GT 3 Special Edition,Smartwatch deportivo resistente al agua con sensores de salud avanzados.,356.29,74
TECL-1507,Teclado Redragon Kumara K552 Special Edition,Teclado mecánico compacto hot-swappable ideal para programación y oficina.,92.84,49
RAT-1508,Ratón Microsoft Bluetooth Ergonomic Special Edition,Ratón óptico ultraligero con cable mallado suave y deslizamiento perfecto.,594.84,68
TAB-1509,Tableta Huawei MatePad 11 Special Edition,Tableta versátil con pantalla de alta resolución ideal para estudio y entretenimiento.,1675.83,95
ACC-1510,Webcam Logitech C920 HD Pro Edición Negra,Dispositivo de almacenamiento rápido y confiable para respaldos de datos.,766.74,50
CAM-1511,Cámara Canon EOS M50 Edición Negra,Cámara de acción resistente al agua con estabilización de imagen avanzada.,361.69,51
LAP-1512,Laptop Lenovo ThinkPad X1 Carbon Edición Negra,"Equipo portátil para trabajo pesado, edición de video y multitarea.",907.65,20
TEL-1513,Teléfono Xiaomi 13 Pro Edición Negra,Smartphone de gama alta con pantalla AMOLED y cámara de alta resolución.,1044.05,39
AUD-1514,Audífonos Sennheiser Momentum 4 Edición Negra,Auriculares in-ear con audio espacial y estuche de carga inalámbrica.,16.85,70
MON-1515,Monitor BenQ EW3270U Edición Negra,Monitor curvo e inmersivo con panel IPS e iluminación de baja fatiga visual.,1535.78,94
REL-1516,Reloj Huawei Watch GT 3 Edición Negra,Reloj inteligente elegante con control de notificaciones y seguimiento fit.,450.52,24
TECL-1517,Teclado Redragon Kumara K552 Edición Negra,Teclado mecánico gamer con retroiluminación RGB configurable.,763.20,3
RAT-1518,Ratón Microsoft Bluetooth Ergonomic Edición Negra,Ratón gamer ligero de alta precisión con sensor óptico de alta definición.,395.42,95
TAB-1519,Tableta Huawei MatePad 11 Edición Negra,Dispositivo multimedia portátil con altavoces estéreo y gran autonomía.,485.80,100
ACC-1520,Webcam Logitech C920 HD Pro Edición Plata,Componente de conectividad portátil para expandir los puertos de tus dispositivos.,794.32,30
CAM-1521,Cámara Canon EOS M50 Edición Plata,Cámara mirrorless compacta con resolución 4K y sensor APS-C.,29.09,38
LAP-1522,Laptop Lenovo ThinkPad X1 Carbon Edición Plata,Laptop gamer de última generación con tarjeta gráfica dedicada y pantalla 144Hz.,1148.45,76
TEL-1523,Teléfono Xiaomi 13 Pro Edición Plata,"Dispositivo con carga superrápida, batería de larga duración y pantalla de 120Hz.",345.55,94
AUD-1524,Audífonos Sennheiser Momentum 4 Edición Plata,Diadema ergonómica con graves profundos y batería de más de 30 horas.,116.00,27
MON-1525,Monitor BenQ EW3270U Edición Plata,Monitor gaming con tasa de refresco rápida y tiempo de respuesta de 1ms.,1533.52,69
REL-1526,Reloj Huawei Watch GT 3 Edición Plata,Smartwatch deportivo resistente al agua con sensores de salud avanzados.,1187.73,30
TECL-1527,Teclado Redragon Kumara K552 Edición Plata,Teclado mecánico compacto hot-swappable ideal para programación y oficina.,1188.39,69
RAT-1528,Ratón Microsoft Bluetooth Ergonomic Edición Plata,Ratón óptico ultraligero con cable mallado suave y deslizamiento perfecto.,679.39,31
TAB-1529,Tableta Huawei MatePad 11 Edición Plata,Tableta versátil con pantalla de alta resolución ideal para estudio y entretenimiento.,643.23,71
ACC-1530,Webcam Logitech C920 HD Pro S,Dispositivo de almacenamiento rápido y confiable para respaldos de datos.,83.72,35
CAM-1531,Cámara Canon EOS M50 S,Cámara de acción resistente al agua con estabilización de imagen avanzada.,1369.96,27
LAP-1532,Laptop Lenovo ThinkPad X1 Carbon S,"Equipo portátil para trabajo pesado, edición de video y multitarea.",1643.96,23
TEL-1533,Teléfono Xiaomi 13 Pro S,Smartphone de gama alta con pantalla AMOLED y cámara de alta resolución.,1571.06,78
AUD-1534,Audífonos Sennheiser Momentum 4 S,Auriculares in-ear con audio espacial y estuche de carga inalámbrica.,665.65,20
MON-1535,Monitor BenQ EW3270U S,Monitor curvo e inmersivo con panel IPS e iluminación de baja fatiga visual.,594.84,69
REL-1536,Reloj Huawei Watch GT 3 S,Reloj inteligente elegante con control de notificaciones y seguimiento fit.,1742.78,15
TECL-1537,Teclado Redragon Kumara K552 S,Teclado mecánico gamer con retroiluminación RGB configurable.,666.44,60
RAT-1538,Ratón Microsoft Bluetooth Ergonomic S,Ratón gamer ligero de alta precisión con sensor óptico de alta definición.,539.00,82
TAB-1539,Tableta Huawei MatePad 11 S,Dispositivo multimedia portátil con altavoces estéreo y gran autonomía.,48.14,46
ACC-1540,Webcam Logitech C920 HD Pro SE,Componente de conectividad portátil para expandir los puertos de tus dispositivos.,80.23,65
CAM-1541,Cámara Canon EOS M50 SE,Cámara mirrorless compacta con resolución 4K y sensor APS-C.,631.71,47
LAP-1542,Laptop Lenovo ThinkPad X1 Carbon SE,Laptop gamer de última generación con tarjeta gráfica dedicada y pantalla 144Hz.,714.92,95
TEL-1543,Teléfono Xiaomi 13 Pro SE,"Dispositivo con carga superrápida, batería de larga duración y pantalla de 120Hz.",197.81,78
AUD-1544,Audífonos Sennheiser Momentum 4 SE,Diadema ergonómica con graves profundos y batería de más de 30 horas.,379.83,90
MON-1545,Monitor BenQ EW3270U SE,Monitor gaming con tasa de refresco rápida y tiempo de respuesta de 1ms.,389.64,31
REL-1546,Reloj Huawei Watch GT 3 SE,Smartwatch deportivo resistente al agua con sensores de salud avanzados.,269.36,48
TECL-1547,Teclado Redragon Kumara K552 SE,Teclado mecánico compacto hot-swappable ideal para programación y oficina.,1655.15,15
RAT-1548,Ratón Microsoft Bluetooth Ergonomic SE,Ratón óptico ultraligero con cable mallado suave y deslizamiento perfecto.,320.06,79
TAB-1549,Tableta Huawei MatePad 11 SE,Tableta versátil con pantalla de alta resolución ideal para estudio y entretenimiento.,972.79,65
ACC-1550,Webcam Logitech C920 HD Pro Max,Dispositivo de almacenamiento rápido y confiable para respaldos de datos.,1159.88,81
CAM-1551,Cámara Canon EOS M50 Max,Cámara de acción resistente al agua con estabilización de imagen avanzada.,1464.41,20
LAP-1552,Laptop Lenovo ThinkPad X1 Carbon Max,"Equipo portátil para trabajo pesado, edición de video y multitarea.",338.57,1
TEL-1553,Teléfono Xiaomi 13 Pro Max,Smartphone de gama alta con pantalla AMOLED y cámara de alta resolución.,1180.45,71
AUD-1554,Audífonos Sennheiser Momentum 4 Max,Auriculares in-ear con audio espacial y estuche de carga inalámbrica.,809.06,9
MON-1555,Monitor BenQ EW3270U Max,Monitor curvo e inmersivo con panel IPS e iluminación de baja fatiga visual.,669.98,6
REL-1556,Reloj Huawei Watch GT 3 Max,Reloj inteligente elegante con control de notificaciones y seguimiento fit.,675.87,72
TECL-1557,Teclado Redragon Kumara K552 Max,Teclado mecánico gamer con retroiluminación RGB configurable.,150.55,47
RAT-1558,Ratón Microsoft Bluetooth Ergonomic Max,Ratón gamer ligero de alta precisión con sensor óptico de alta definición.,1674.95,1
TAB-1559,Tableta Huawei MatePad 11 Max,Dispositivo multimedia portátil con altavoces estéreo y gran autonomía.,1501.53,98
ACC-1560,Webcam Logitech C920 HD Pro v1,Componente de conectividad portátil para expandir los puertos de tus dispositivos.,1781.51,59
CAM-1561,Cámara Canon EOS M50 v1,Cámara mirrorless compacta con resolución 4K y sensor APS-C.,1433.47,97
LAP-1562,Laptop Lenovo ThinkPad X1 Carbon v1,Laptop gamer de última generación con tarjeta gráfica dedicada y pantalla 144Hz.,667.03,51
TEL-1563,Teléfono Xiaomi 13 Pro v1,"Dispositivo con carga superrápida, batería de larga duración y pantalla de 120Hz.",1724.48,41
AUD-1564,Audífonos Sennheiser Momentum 4 v1,Diadema ergonómica con graves profundos y batería de más de 30 horas.,204.16,13
MON-1565,Monitor BenQ EW3270U v1,Monitor gaming con tasa de refresco rápida y tiempo de respuesta de 1ms.,1896.79,78
REL-1566,Reloj Huawei Watch GT 3 v1,Smartwatch deportivo resistente al agua con sensores de salud avanzados.,145.22,2
TECL-1567,Teclado Redragon Kumara K552 v1,Teclado mecánico compacto hot-swappable ideal para programación y oficina.,1130.94,22
RAT-1568,Ratón Microsoft Bluetooth Ergonomic v1,Ratón óptico ultraligero con cable mallado suave y deslizamiento perfecto.,1710.13,61
TAB-1569,Tableta Huawei MatePad 11 v1,Tableta versátil con pantalla de alta resolución ideal para estudio y entretenimiento.,1359.12,51
ACC-1570,Webcam Logitech C920 HD Pro v2,Dispositivo de almacenamiento rápido y confiable para respaldos de datos.,162.99,72
CAM-1571,Cámara Canon EOS M50 v2,Cámara de acción resistente al agua con estabilización de imagen avanzada.,348.36,20
LAP-1572,Laptop Lenovo ThinkPad X1 Carbon v2,"Equipo portátil para trabajo pesado, edición de video y multitarea.",1197.08,97
TEL-1573,Teléfono Xiaomi 13 Pro v2,Smartphone de gama alta con pantalla AMOLED y cámara de alta resolución.,1250.55,15
AUD-1574,Audífonos Sennheiser Momentum 4 v2,Auriculares in-ear con audio espacial y estuche de carga inalámbrica.,927.06,29
MON-1575,Monitor BenQ EW3270U v2,Monitor curvo e inmersivo con panel IPS e iluminación de baja fatiga visual.,1811.68,14
REL-1576,Reloj Huawei Watch GT 3 v2,Reloj inteligente elegante con control de notificaciones y seguimiento fit.,1328.02,44
TECL-1577,Teclado Redragon Kumara K552 v2,Teclado mecánico gamer con retroiluminación RGB configurable.,1491.02,67
RAT-1578,Ratón Microsoft Bluetooth Ergonomic v2,Ratón gamer ligero de alta precisión con sensor óptico de alta definición.,861.85,81
TAB-1579,Tableta Huawei MatePad 11 v2,Dispositivo multimedia portátil con altavoces estéreo y gran autonomía.,1831.66,95
ACC-1580,Webcam Logitech C920 HD Pro Pro,Componente de conectividad portátil para expandir los puertos de tus dispositivos.,1519.58,1
CAM-1581,Cámara Canon EOS M50 Pro,Cámara mirrorless compacta con resolución 4K y sensor APS-C.,1258.47,66
LAP-1582,Laptop Lenovo ThinkPad X1 Carbon Pro,Laptop gamer de última generación con tarjeta gráfica dedicada y pantalla 144Hz.,402.92,31
TEL-1583,Teléfono Xiaomi 13 Pro Pro,"Dispositivo con carga superrápida, batería de larga duración y pantalla de 120Hz.",812.82,16
AUD-1584,Audífonos Sennheiser Momentum 4 Pro,Diadema ergonómica con graves profundos y batería de más de 30 horas.,1546.75,43
MON-1585,Monitor BenQ EW3270U Pro,Monitor gaming con tasa de refresco rápida y tiempo de respuesta de 1ms.,1145.60,85
REL-1586,Reloj Huawei Watch GT 3 Pro,Smartwatch deportivo resistente al agua con sensores de salud avanzados.,716.23,18
TECL-1587,Teclado Redragon Kumara K552 Pro,Teclado mecánico compacto hot-swappable ideal para programación y oficina.,166.34,75
RAT-1588,Ratón Microsoft Bluetooth Ergonomic Pro,Ratón óptico ultraligero con cable mallado suave y deslizamiento perfecto.,1147.66,9
TAB-1589,Tableta Huawei MatePad 11 Pro,Tableta versátil con pantalla de alta resolución ideal para estudio y entretenimiento.,116.61,24
ACC-1590,Webcam Logitech C920 HD Pro Plus,Dispositivo de almacenamiento rápido y confiable para respaldos de datos.,104.13,92
CAM-1591,Cámara Canon EOS M50 Plus,Cámara de acción resistente al agua con estabilización de imagen avanzada.,1064.95,21
LAP-1592,Laptop Lenovo ThinkPad X1 Carbon Plus,"Equipo portátil para trabajo pesado, edición de video y multitarea.",715.20,26
TEL-1593,Teléfono Xiaomi 13 Pro Plus,Smartphone de gama alta con pantalla AMOLED y cámara de alta resolución.,825.87,85
AUD-1594,Audífonos Sennheiser Momentum 4 Plus,Auriculares in-ear con audio espacial y estuche de carga inalámbrica.,1678.26,21
MON-1595,Monitor BenQ EW3270U Plus,Monitor curvo e inmersivo con panel IPS e iluminación de baja fatiga visual.,1817.84,4
REL-1596,Reloj Huawei Watch GT 3 Plus,Reloj inteligente elegante con control de notificaciones y seguimiento fit.,225.40,73
TECL-1597,Teclado Redragon Kumara K552 Plus,Teclado mecánico gamer con retroiluminación RGB configurable.,1503.64,64
RAT-1598,Ratón Microsoft Bluetooth Ergonomic Plus,Ratón gamer ligero de alta precisión con sensor óptico de alta definición.,1886.17,55
TAB-1599,Tableta Huawei MatePad 11 Plus,Dispositivo multimedia portátil con altavoces estéreo y gran autonomía.,1030.81,3
ACC-1600,Webcam Logitech C920 HD Pro Ultra,Componente de conectividad portátil para expandir los puertos de tus dispositivos.,42.79,69
CAM-1601,Cámara Canon EOS M50 Ultra,Cámara mirrorless compacta con resolución 4K y sensor APS-C.,756.54,99
LAP-1602,Laptop Lenovo ThinkPad X1 Carbon Ultra,Laptop gamer de última generación con tarjeta gráfica dedicada y pantalla 144Hz.,1537.99,40
TEL-1603,Teléfono Xiaomi 13 Pro Ultra,"Dispositivo con carga superrápida, batería de larga duración y pantalla de 120Hz.",989.04,7
AUD-1604,Audífonos Sennheiser Momentum 4 Ultra,Diadema ergonómica con graves profundos y batería de más de 30 horas.,61.50,100
MON-1605,Monitor BenQ EW3270U Ultra,Monitor gaming con tasa de refresco rápida y tiempo de respuesta de 1ms.,270.68,53
REL-1606,Reloj Huawei Watch GT 3 Ultra,Smartwatch deportivo resistente al agua con sensores de salud avanzados.,988.38,57
TECL-1607,Teclado Redragon Kumara K552 Ultra,Teclado mecánico compacto hot-swappable ideal para programación y oficina.,1719.28,16
RAT-1608,Ratón Microsoft Bluetooth Ergonomic Ultra,Ratón óptico ultraligero con cable mallado suave y deslizamiento perfecto.,354.61,77
TAB-1609,Tableta Huawei MatePad 11 Ultra,Tableta versátil con pantalla de alta resolución ideal para estudio y entretenimiento.,1844.85,56
ACC-1610,Webcam Logitech C920 HD Pro Lite,Dispositivo de almacenamiento rápido y confiable para respaldos de datos.,567.70,82
CAM-1611,Cámara Canon EOS M50 Lite,Cámara de acción resistente al agua con estabilización de imagen avanzada.,1797.10,73
LAP-1612,Laptop Lenovo ThinkPad X1 Carbon Lite,"Equipo portátil para trabajo pesado, edición de video y multitarea.",300.54,22
TEL-1613,Teléfono Xiaomi 13 Pro Lite,Smartphone de gama alta con pantalla AMOLED y cámara de alta resolución.,652.34,9
AUD-1614,Audífonos Sennheiser Momentum 4 Lite,Auriculares in-ear con audio espacial y estuche de carga inalámbrica.,396.48,32
MON-1615,Monitor BenQ EW3270U Lite,Monitor curvo e inmersivo con panel IPS e iluminación de baja fatiga visual.,681.81,95
REL-1616,Reloj Huawei Watch GT 3 Lite,Reloj inteligente elegante con control de notificaciones y seguimiento fit.,1076.19,18
TECL-1617,Teclado Redragon Kumara K552 Lite,Teclado mecánico gamer con retroiluminación RGB configurable.,1601.74,87
RAT-1618,Ratón Microsoft Bluetooth Ergonomic Lite,Ratón gamer ligero de alta precisión con sensor óptico de alta definición.,1318.97,11
TAB-1619,Tableta Huawei MatePad 11 Lite,Dispositivo multimedia portátil con altavoces estéreo y gran autonomía.,110.89,39
ACC-1620,Webcam Logitech C920 HD Pro Edition 2024,Componente de conectividad portátil para expandir los puertos de tus dispositivos.,1727.00,30
CAM-1621,Cámara Canon EOS M50 Edition 2024,Cámara mirrorless compacta con resolución 4K y sensor APS-C.,322.42,82
LAP-1622,Laptop Lenovo ThinkPad X1 Carbon Edition 2024,Laptop gamer de última generación con tarjeta gráfica dedicada y pantalla 144Hz.,858.70,45
TEL-1623,Teléfono Xiaomi 13 Pro Edition 2024,"Dispositivo con carga superrápida, batería de larga duración y pantalla de 120Hz.",1681.33,18
AUD-1624,Audífonos Sennheiser Momentum 4 Edition 2024,Diadema ergonómica con graves profundos y batería de más de 30 horas.,481.67,2
MON-1625,Monitor BenQ EW3270U Edition 2024,Monitor gaming con tasa de refresco rápida y tiempo de respuesta de 1ms.,632.12,100
REL-1626,Reloj Huawei Watch GT 3 Edition 2024,Smartwatch deportivo resistente al agua con sensores de salud avanzados.,613.75,17
TECL-1627,Teclado Redragon Kumara K552 Edition 2024,Teclado mecánico compacto hot-swappable ideal para programación y oficina.,681.12,52
RAT-1628,Ratón Microsoft Bluetooth Ergonomic Edition 2024,Ratón óptico ultraligero con cable mallado suave y deslizamiento perfecto.,208.06,34
TAB-1629,Tableta Huawei MatePad 11 Edition 2024,Tableta versátil con pantalla de alta resolución ideal para estudio y entretenimiento.,1179.33,78
ACC-1630,Webcam Logitech C920 HD Pro Special Edition,Dispositivo de almacenamiento rápido y confiable para respaldos de datos.,110.37,34
CAM-1631,Cámara Canon EOS M50 Special Edition,Cámara de acción resistente al agua con estabilización de imagen avanzada.,1743.85,46
LAP-1632,Laptop Lenovo ThinkPad X1 Carbon Special Edition,"Equipo portátil para trabajo pesado, edición de video y multitarea.",391.22,80
TEL-1633,Teléfono Xiaomi 13 Pro Special Edition,Smartphone de gama alta con pantalla AMOLED y cámara de alta resolución.,1038.64,90
AUD-1634,Audífonos Sennheiser Momentum 4 Special Edition,Auriculares in-ear con audio espacial y estuche de carga inalámbrica.,1443.68,54
MON-1635,Monitor BenQ EW3270U Special Edition,Monitor curvo e inmersivo con panel IPS e iluminación de baja fatiga visual.,1533.36,28
REL-1636,Reloj Huawei Watch GT 3 Special Edition,Reloj inteligente elegante con control de notificaciones y seguimiento fit.,1676.88,61
TECL-1637,Teclado Redragon Kumara K552 Special Edition,Teclado mecánico gamer con retroiluminación RGB configurable.,1743.59,42
RAT-1638,Ratón Microsoft Bluetooth Ergonomic Special Edition,Ratón gamer ligero de alta precisión con sensor óptico de alta definición.,1411.87,96
TAB-1639,Tableta Huawei MatePad 11 Special Edition,Dispositivo multimedia portátil con altavoces estéreo y gran autonomía.,148.65,84
ACC-1640,Webcam Logitech C920 HD Pro Edición Negra,Componente de conectividad portátil para expandir los puertos de tus dispositivos.,1510.07,43
CAM-1641,Cámara Canon EOS M50 Edición Negra,Cámara mirrorless compacta con resolución 4K y sensor APS-C.,1510.89,50
LAP-1642,Laptop Lenovo ThinkPad X1 Carbon Edición Negra,Laptop gamer de última generación con tarjeta gráfica dedicada y pantalla 144Hz.,1792.10,52
TEL-1643,Teléfono Xiaomi 13 Pro Edición Negra,"Dispositivo con carga superrápida, batería de larga duración y pantalla de 120Hz.",1754.89,42
AUD-1644,Audífonos Sennheiser Momentum 4 Edición Negra,Diadema ergonómica con graves profundos y batería de más de 30 horas.,867.70,4
MON-1645,Monitor BenQ EW3270U Edición Negra,Monitor gaming con tasa de refresco rápida y tiempo de respuesta de 1ms.,1324.24,66
REL-1646,Reloj Huawei Watch GT 3 Edición Negra,Smartwatch deportivo resistente al agua con sensores de salud avanzados.,793.03,39
TECL-1647,Teclado Redragon Kumara K552 Edición Negra,Teclado mecánico compacto hot-swappable ideal para programación y oficina.,855.54,35
RAT-1648,Ratón Microsoft Bluetooth Ergonomic Edición Negra,Ratón óptico ultraligero con cable mallado suave y deslizamiento perfecto.,44.25,61
TAB-1649,Tableta Huawei MatePad 11 Edición Negra,Tableta versátil con pantalla de alta resolución ideal para estudio y entretenimiento.,1758.35,56
ACC-1650,Webcam Logitech C920 HD Pro Edición Plata,Dispositivo de almacenamiento rápido y confiable para respaldos de datos.,920.27,45
CAM-1651,Cámara Canon EOS M50 Edición Plata,Cámara de acción resistente al agua con estabilización de imagen avanzada.,16.51,38
LAP-1652,Laptop Lenovo ThinkPad X1 Carbon Edición Plata,"Equipo portátil para trabajo pesado, edición de video y multitarea.",683.33,50
TEL-1653,Teléfono Xiaomi 13 Pro Edición Plata,Smartphone de gama alta con pantalla AMOLED y cámara de alta resolución.,1639.37,8
AUD-1654,Audífonos Sennheiser Momentum 4 Edición Plata,Auriculares in-ear con audio espacial y estuche de carga inalámbrica.,475.44,11
MON-1655,Monitor BenQ EW3270U Edición Plata,Monitor curvo e inmersivo con panel IPS e iluminación de baja fatiga visual.,966.06,25
REL-1656,Reloj Huawei Watch GT 3 Edición Plata,Reloj inteligente elegante con control de notificaciones y seguimiento fit.,1840.99,63
TECL-1657,Teclado Redragon Kumara K552 Edición Plata,Teclado mecánico gamer con retroiluminación RGB configurable.,1353.02,59
RAT-1658,Ratón Microsoft Bluetooth Ergonomic Edición Plata,Ratón gamer ligero de alta precisión con sensor óptico de alta definición.,1533.14,58
TAB-1659,Tableta Huawei MatePad 11 Edición Plata,Dispositivo multimedia portátil con altavoces estéreo y gran autonomía.,854.48,46
ACC-1660,Webcam Logitech C920 HD Pro S,Componente de conectividad portátil para expandir los puertos de tus dispositivos.,1451.50,31
CAM-1661,Cámara Canon EOS M50 S,Cámara mirrorless compacta con resolución 4K y sensor APS-C.,1668.56,94
LAP-1662,Laptop Lenovo ThinkPad X1 Carbon S,Laptop gamer de última generación con tarjeta gráfica dedicada y pantalla 144Hz.,1337.94,38
TEL-1663,Teléfono Xiaomi 13 Pro S,"Dispositivo con carga superrápida, batería de larga duración y pantalla de 120Hz.",1235.10,10
AUD-1664,Audífonos Sennheiser Momentum 4 S,Diadema ergonómica con graves profundos y batería de más de 30 horas.,1426.22,95
MON-1665,Monitor BenQ EW3270U S,Monitor gaming con tasa de refresco rápida y tiempo de respuesta de 1ms.,1029.34,8
REL-1666,Reloj Huawei Watch GT 3 S,Smartwatch deportivo resistente al agua con sensores de salud avanzados.,1061.10,97
TECL-1667,Teclado Redragon Kumara K552 S,Teclado mecánico compacto hot-swappable ideal para programación y oficina.,1609.73,37
RAT-1668,Ratón Microsoft Bluetooth Ergonomic S,Ratón óptico ultraligero con cable mallado suave y deslizamiento perfecto.,1110.16,73
TAB-1669,Tableta Huawei MatePad 11 S,Tableta versátil con pantalla de alta resolución ideal para estudio y entretenimiento.,1637.56,75
ACC-1670,Webcam Logitech C920 HD Pro SE,Dispositivo de almacenamiento rápido y confiable para respaldos de datos.,1500.46,54
CAM-1671,Cámara Canon EOS M50 SE,Cámara de acción resistente al agua con estabilización de imagen avanzada.,554.93,34
LAP-1672,Laptop Lenovo ThinkPad X1 Carbon SE,"Equipo portátil para trabajo pesado, edición de video y multitarea.",1028.83,27
TEL-1673,Teléfono Xiaomi 13 Pro SE,Smartphone de gama alta con pantalla AMOLED y cámara de alta resolución.,587.93,47
AUD-1674,Audífonos Sennheiser Momentum 4 SE,Auriculares in-ear con audio espacial y estuche de carga inalámbrica.,1576.73,45
MON-1675,Monitor BenQ EW3270U SE,Monitor curvo e inmersivo con panel IPS e iluminación de baja fatiga visual.,504.90,15
REL-1676,Reloj Huawei Watch GT 3 SE,Reloj inteligente elegante con control de notificaciones y seguimiento fit.,67.91,8
TECL-1677,Teclado Redragon Kumara K552 SE,Teclado mecánico gamer con retroiluminación RGB configurable.,1329.39,44
RAT-1678,Ratón Microsoft Bluetooth Ergonomic SE,Ratón gamer ligero de alta precisión con sensor óptico de alta definición.,511.35,72
TAB-1679,Tableta Huawei MatePad 11 SE,Dispositivo multimedia portátil con altavoces estéreo y gran autonomía.,188.78,100
ACC-1680,Webcam Logitech C920 HD Pro Max,Componente de conectividad portátil para expandir los puertos de tus dispositivos.,571.92,40
CAM-1681,Cámara Canon EOS M50 Max,Cámara mirrorless compacta con resolución 4K y sensor APS-C.,525.06,80
LAP-1682,Laptop Lenovo ThinkPad X1 Carbon Max,Laptop gamer de última generación con tarjeta gráfica dedicada y pantalla 144Hz.,689.06,36
TEL-1683,Teléfono Xiaomi 13 Pro Max,"Dispositivo con carga superrápida, batería de larga duración y pantalla de 120Hz.",1763.86,3
AUD-1684,Audífonos Sennheiser Momentum 4 Max,Diadema ergonómica con graves profundos y batería de más de 30 horas.,923.06,67
MON-1685,Monitor BenQ EW3270U Max,Monitor gaming con tasa de refresco rápida y tiempo de respuesta de 1ms.,1060.58,98
REL-1686,Reloj Huawei Watch GT 3 Max,Smartwatch deportivo resistente al agua con sensores de salud avanzados.,415.99,4
TECL-1687,Teclado Redragon Kumara K552 Max,Teclado mecánico compacto hot-swappable ideal para programación y oficina.,1254.34,10
RAT-1688,Ratón Microsoft Bluetooth Ergonomic Max,Ratón óptico ultraligero con cable mallado suave y deslizamiento perfecto.,1388.75,19
TAB-1689,Tableta Huawei MatePad 11 Max,Tableta versátil con pantalla de alta resolución ideal para estudio y entretenimiento.,1090.14,73
ACC-1690,Webcam Logitech C920 HD Pro v1,Dispositivo de almacenamiento rápido y confiable para respaldos de datos.,144.94,58
CAM-1691,Cámara Canon EOS M50 v1,Cámara de acción resistente al agua con estabilización de imagen avanzada.,491.34,68
LAP-1692,Laptop Lenovo ThinkPad X1 Carbon v1,"Equipo portátil para trabajo pesado, edición de video y multitarea.",1501.05,83
TEL-1693,Teléfono Xiaomi 13 Pro v1,Smartphone de gama alta con pantalla AMOLED y cámara de alta resolución.,1743.14,19
AUD-1694,Audífonos Sennheiser Momentum 4 v1,Auriculares in-ear con audio espacial y estuche de carga inalámbrica.,1199.31,18
MON-1695,Monitor BenQ EW3270U v1,Monitor curvo e inmersivo con panel IPS e iluminación de baja fatiga visual.,191.55,77
REL-1696,Reloj Huawei Watch GT 3 v1,Reloj inteligente elegante con control de notificaciones y seguimiento fit.,70.25,25
TECL-1697,Teclado Redragon Kumara K552 v1,Teclado mecánico gamer con retroiluminación RGB configurable.,1349.10,48
RAT-1698,Ratón Microsoft Bluetooth Ergonomic v1,Ratón gamer ligero de alta precisión con sensor óptico de alta definición.,801.24,100
TAB-1699,Tableta Huawei MatePad 11 v1,Dispositivo multimedia portátil con altavoces estéreo y gran autonomía.,1518.01,40
ACC-1700,Webcam Logitech C920 HD Pro v2,Componente de conectividad portátil para expandir los puertos de tus dispositivos.,830.56,61
CAM-1701,Cámara Canon EOS M50 v2,Cámara mirrorless compacta con resolución 4K y sensor APS-C.,942.80,60
LAP-1702,Laptop Lenovo ThinkPad X1 Carbon v2,Laptop gamer de última generación con tarjeta gráfica dedicada y pantalla 144Hz.,806.32,37
TEL-1703,Teléfono Xiaomi 13 Pro v2,"Dispositivo con carga superrápida, batería de larga duración y pantalla de 120Hz.",998.24,50
AUD-1704,Audífonos Sennheiser Momentum 4 v2,Diadema ergonómica con graves profundos y batería de más de 30 horas.,1006.41,30
MON-1705,Monitor BenQ EW3270U v2,Monitor gaming con tasa de refresco rápida y tiempo de respuesta de 1ms.,1418.62,13
REL-1706,Reloj Huawei Watch GT 3 v2,Smartwatch deportivo resistente al agua con sensores de salud avanzados.,865.69,61
TECL-1707,Teclado Redragon Kumara K552 v2,Teclado mecánico compacto hot-swappable ideal para programación y oficina.,356.03,16
RAT-1708,Ratón Microsoft Bluetooth Ergonomic v2,Ratón óptico ultraligero con cable mallado suave y deslizamiento perfecto.,608.64,57
TAB-1709,Tableta Huawei MatePad 11 v2,Tableta versátil con pantalla de alta resolución ideal para estudio y entretenimiento.,1634.83,8
ACC-1710,Webcam Logitech C920 HD Pro Pro,Dispositivo de almacenamiento rápido y confiable para respaldos de datos.,1864.05,50
CAM-1711,Cámara Canon EOS M50 Pro,Cámara de acción resistente al agua con estabilización de imagen avanzada.,1466.68,39
LAP-1712,Laptop Lenovo ThinkPad X1 Carbon Pro,"Equipo portátil para trabajo pesado, edición de video y multitarea.",1395.12,64
TEL-1713,Teléfono Xiaomi 13 Pro Pro,Smartphone de gama alta con pantalla AMOLED y cámara de alta resolución.,1346.12,47
AUD-1714,Audífonos Sennheiser Momentum 4 Pro,Auriculares in-ear con audio espacial y estuche de carga inalámbrica.,1677.43,3
MON-1715,Monitor BenQ EW3270U Pro,Monitor curvo e inmersivo con panel IPS e iluminación de baja fatiga visual.,978.06,67
REL-1716,Reloj Huawei Watch GT 3 Pro,Reloj inteligente elegante con control de notificaciones y seguimiento fit.,33.60,13
TECL-1717,Teclado Redragon Kumara K552 Pro,Teclado mecánico gamer con retroiluminación RGB configurable.,1484.33,30
RAT-1718,Ratón Microsoft Bluetooth Ergonomic Pro,Ratón gamer ligero de alta precisión con sensor óptico de alta definición.,785.49,70
TAB-1719,Tableta Huawei MatePad 11 Pro,Dispositivo multimedia portátil con altavoces estéreo y gran autonomía.,971.65,4
ACC-1720,Webcam Logitech C920 HD Pro Plus,Componente de conectividad portátil para expandir los puertos de tus dispositivos.,588.81,76
CAM-1721,Cámara Canon EOS M50 Plus,Cámara mirrorless compacta con resolución 4K y sensor APS-C.,1550.55,52
LAP-1722,Laptop Lenovo ThinkPad X1 Carbon Plus,Laptop gamer de última generación con tarjeta gráfica dedicada y pantalla 144Hz.,1658.10,52
TEL-1723,Teléfono Xiaomi 13 Pro Plus,"Dispositivo con carga superrápida, batería de larga duración y pantalla de 120Hz.",537.85,27
AUD-1724,Audífonos Sennheiser Momentum 4 Plus,Diadema ergonómica con graves profundos y batería de más de 30 horas.,189.61,63
MON-1725,Monitor BenQ EW3270U Plus,Monitor gaming con tasa de refresco rápida y tiempo de respuesta de 1ms.,557.72,13
REL-1726,Reloj Huawei Watch GT 3 Plus,Smartwatch deportivo resistente al agua con sensores de salud avanzados.,321.29,54
TECL-1727,Teclado Redragon Kumara K552 Plus,Teclado mecánico compacto hot-swappable ideal para programación y oficina.,1307.27,90
RAT-1728,Ratón Microsoft Bluetooth Ergonomic Plus,Ratón óptico ultraligero con cable mallado suave y deslizamiento perfecto.,723.35,58
TAB-1729,Tableta Huawei MatePad 11 Plus,Tableta versátil con pantalla de alta resolución ideal para estudio y entretenimiento.,1893.16,6
ACC-1730,Webcam Logitech C920 HD Pro Ultra,Dispositivo de almacenamiento rápido y confiable para respaldos de datos.,369.57,41
CAM-1731,Cámara Canon EOS M50 Ultra,Cámara de acción resistente al agua con estabilización de imagen avanzada.,924.36,15
LAP-1732,Laptop Lenovo ThinkPad X1 Carbon Ultra,"Equipo portátil para trabajo pesado, edición de video y multitarea.",482.21,69
TEL-1733,Teléfono Xiaomi 13 Pro Ultra,Smartphone de gama alta con pantalla AMOLED y cámara de alta resolución.,275.40,69
AUD-1734,Audífonos Sennheiser Momentum 4 Ultra,Auriculares in-ear con audio espacial y estuche de carga inalámbrica.,237.11,42
MON-1735,Monitor BenQ EW3270U Ultra,Monitor curvo e inmersivo con panel IPS e iluminación de baja fatiga visual.,1599.80,86
REL-1736,Reloj Huawei Watch GT 3 Ultra,Reloj inteligente elegante con control de notificaciones y seguimiento fit.,48.29,35
TECL-1737,Teclado Redragon Kumara K552 Ultra,Teclado mecánico gamer con retroiluminación RGB configurable.,313.27,88
RAT-1738,Ratón Microsoft Bluetooth Ergonomic Ultra,Ratón gamer ligero de alta precisión con sensor óptico de alta definición.,987.50,53
TAB-1739,Tableta Huawei MatePad 11 Ultra,Dispositivo multimedia portátil con altavoces estéreo y gran autonomía.,466.45,59
ACC-1740,Webcam Logitech C920 HD Pro Lite,Componente de conectividad portátil para expandir los puertos de tus dispositivos.,1375.57,81
CAM-1741,Cámara Canon EOS M50 Lite,Cámara mirrorless compacta con resolución 4K y sensor APS-C.,1349.66,24
LAP-1742,Laptop Lenovo ThinkPad X1 Carbon Lite,Laptop gamer de última generación con tarjeta gráfica dedicada y pantalla 144Hz.,79.78,41
TEL-1743,Teléfono Xiaomi 13 Pro Lite,"Dispositivo con carga superrápida, batería de larga duración y pantalla de 120Hz.",1260.62,22
AUD-1744,Audífonos Sennheiser Momentum 4 Lite,Diadema ergonómica con graves profundos y batería de más de 30 horas.,604.74,79
MON-1745,Monitor BenQ EW3270U Lite,Monitor gaming con tasa de refresco rápida y tiempo de respuesta de 1ms.,1874.73,47
REL-1746,Reloj Huawei Watch GT 3 Lite,Smartwatch deportivo resistente al agua con sensores de salud avanzados.,448.07,50
TECL-1747,Teclado Redragon Kumara K552 Lite,Teclado mecánico compacto hot-swappable ideal para programación y oficina.,887.54,63
RAT-1748,Ratón Microsoft Bluetooth Ergonomic Lite,Ratón óptico ultraligero con cable mallado suave y deslizamiento perfecto.,1812.59,50
TAB-1749,Tableta Huawei MatePad 11 Lite,Tableta versátil con pantalla de alta resolución ideal para estudio y entretenimiento.,1486.40,32
ACC-1750,Webcam Logitech C920 HD Pro Edition 2024,Dispositivo de almacenamiento rápido y confiable para respaldos de datos.,712.30,5
CAM-1751,Cámara Canon EOS M50 Edition 2024,Cámara de acción resistente al agua con estabilización de imagen avanzada.,28.46,45
LAP-1752,Laptop Lenovo ThinkPad X1 Carbon Edition 2024,"Equipo portátil para trabajo pesado, edición de video y multitarea.",423.61,100
TEL-1753,Teléfono Xiaomi 13 Pro Edition 2024,Smartphone de gama alta con pantalla AMOLED y cámara de alta resolución.,1819.84,67
AUD-1754,Audífonos Sennheiser Momentum 4 Edition 2024,Auriculares in-ear con audio espacial y estuche de carga inalámbrica.,371.56,20
MON-1755,Monitor BenQ EW3270U Edition 2024,Monitor curvo e inmersivo con panel IPS e iluminación de baja fatiga visual.,1436.79,60
REL-1756,Reloj Huawei Watch GT 3 Edition 2024,Reloj inteligente elegante con control de notificaciones y seguimiento fit.,1447.25,63
TECL-1757,Teclado Redragon Kumara K552 Edition 2024,Teclado mecánico gamer con retroiluminación RGB configurable.,1800.18,87
RAT-1758,Ratón Microsoft Bluetooth Ergonomic Edition 2024,Ratón gamer ligero de alta precisión con sensor óptico de alta definición.,286.32,56
TAB-1759,Tableta Huawei MatePad 11 Edition 2024,Dispositivo multimedia portátil con altavoces estéreo y gran autonomía.,1453.24,23
ACC-1760,Webcam Logitech C920 HD Pro Special Edition,Componente de conectividad portátil para expandir los puertos de tus dispositivos.,971.41,69
CAM-1761,Cámara Canon EOS M50 Special Edition,Cámara mirrorless compacta con resolución 4K y sensor APS-C.,183.55,55
LAP-1762,Laptop Lenovo ThinkPad X1 Carbon Special Edition,Laptop gamer de última generación con tarjeta gráfica dedicada y pantalla 144Hz.,497.61,18
TEL-1763,Teléfono Xiaomi 13 Pro Special Edition,"Dispositivo con carga superrápida, batería de larga duración y pantalla de 120Hz.",1356.28,70
AUD-1764,Audífonos Sennheiser Momentum 4 Special Edition,Diadema ergonómica con graves profundos y batería de más de 30 horas.,1698.53,11
MON-1765,Monitor BenQ EW3270U Special Edition,Monitor gaming con tasa de refresco rápida y tiempo de respuesta de 1ms.,418.62,31
REL-1766,Reloj Huawei Watch GT 3 Special Edition,Smartwatch deportivo resistente al agua con sensores de salud avanzados.,396.73,64
TECL-1767,Teclado Redragon Kumara K552 Special Edition,Teclado mecánico compacto hot-swappable ideal para programación y oficina.,1374.87,74
RAT-1768,Ratón Microsoft Bluetooth Ergonomic Special Edition,Ratón óptico ultraligero con cable mallado suave y deslizamiento perfecto.,1571.70,49
TAB-1769,Tableta Huawei MatePad 11 Special Edition,Tableta versátil con pantalla de alta resolución ideal para estudio y entretenimiento.,62.37,67
ACC-1770,Webcam Logitech C920 HD Pro Edición Negra,Dispositivo de almacenamiento rápido y confiable para respaldos de datos.,656.58,76
CAM-1771,Cámara Canon EOS M50 Edición Negra,Cámara de acción resistente al agua con estabilización de imagen avanzada.,339.72,12
LAP-1772,Laptop Lenovo ThinkPad X1 Carbon Edición Negra,"Equipo portátil para trabajo pesado, edición de video y multitarea.",396.62,49
TEL-1773,Teléfono Xiaomi 13 Pro Edición Negra,Smartphone de gama alta con pantalla AMOLED y cámara de alta resolución.,801.43,98
AUD-1774,Audífonos Sennheiser Momentum 4 Edición Negra,Auriculares in-ear con audio espacial y estuche de carga inalámbrica.,645.31,83
MON-1775,Monitor BenQ EW3270U Edición Negra,Monitor curvo e inmersivo con panel IPS e iluminación de baja fatiga visual.,724.35,14
REL-1776,Reloj Huawei Watch GT 3 Edición Negra,Reloj inteligente elegante con control de notificaciones y seguimiento fit.,1183.39,14
TECL-1777,Teclado Redragon Kumara K552 Edición Negra,Teclado mecánico gamer con retroiluminación RGB configurable.,1124.22,97
RAT-1778,Ratón Microsoft Bluetooth Ergonomic Edición Negra,Ratón gamer ligero de alta precisión con sensor óptico de alta definición.,1602.25,17
TAB-1779,Tableta Huawei MatePad 11 Edición Negra,Dispositivo multimedia portátil con altavoces estéreo y gran autonomía.,960.55,98
ACC-1780,Webcam Logitech C920 HD Pro Edición Plata,Componente de conectividad portátil para expandir los puertos de tus dispositivos.,989.87,41
CAM-1781,Cámara Canon EOS M50 Edición Plata,Cámara mirrorless compacta con resolución 4K y sensor APS-C.,172.44,40
LAP-1782,Laptop Lenovo ThinkPad X1 Carbon Edición Plata,Laptop gamer de última generación con tarjeta gráfica dedicada y pantalla 144Hz.,946.02,14
TEL-1783,Teléfono Xiaomi 13 Pro Edición Plata,"Dispositivo con carga superrápida, batería de larga duración y pantalla de 120Hz.",931.17,79
AUD-1784,Audífonos Sennheiser Momentum 4 Edición Plata,Diadema ergonómica con graves profundos y batería de más de 30 horas.,112.46,49
MON-1785,Monitor BenQ EW3270U Edición Plata,Monitor gaming con tasa de refresco rápida y tiempo de respuesta de 1ms.,1509.42,24
REL-1786,Reloj Huawei Watch GT 3 Edición Plata,Smartwatch deportivo resistente al agua con sensores de salud avanzados.,999.34,19
TECL-1787,Teclado Redragon Kumara K552 Edición Plata,Teclado mecánico compacto hot-swappable ideal para programación y oficina.,323.25,16
RAT-1788,Ratón Microsoft Bluetooth Ergonomic Edición Plata,Ratón óptico ultraligero con cable mallado suave y deslizamiento perfecto.,1540.76,32
TAB-1789,Tableta Huawei MatePad 11 Edición Plata,Tableta versátil con pantalla de alta resolución ideal para estudio y entretenimiento.,1414.49,92
ACC-1790,Webcam Logitech C920 HD Pro S,Dispositivo de almacenamiento rápido y confiable para respaldos de datos.,331.83,73
CAM-1791,Cámara Canon EOS M50 S,Cámara de acción resistente al agua con estabilización de imagen avanzada.,1536.61,46
LAP-1792,Laptop Lenovo ThinkPad X1 Carbon S,"Equipo portátil para trabajo pesado, edición de video y multitarea.",1402.61,51
TEL-1793,Teléfono Xiaomi 13 Pro S,Smartphone de gama alta con pantalla AMOLED y cámara de alta resolución.,65.41,22
AUD-1794,Audífonos Sennheiser Momentum 4 S,Auriculares in-ear con audio espacial y estuche de carga inalámbrica.,610.27,29
MON-1795,Monitor BenQ EW3270U S,Monitor curvo e inmersivo con panel IPS e iluminación de baja fatiga visual.,1698.83,14
REL-1796,Reloj Huawei Watch GT 3 S,Reloj inteligente elegante con control de notificaciones y seguimiento fit.,1817.55,4
TECL-1797,Teclado Redragon Kumara K552 S,Teclado mecánico gamer con retroiluminación RGB configurable.,573.90,12
RAT-1798,Ratón Microsoft Bluetooth Ergonomic S,Ratón gamer ligero de alta precisión con sensor óptico de alta definición.,920.13,78
TAB-1799,Tableta Huawei MatePad 11 S,Dispositivo multimedia portátil con altavoces estéreo y gran autonomía.,481.57,19
ACC-1800,Webcam Logitech C920 HD Pro SE,Componente de conectividad portátil para expandir los puertos de tus dispositivos.,698.88,7
CAM-1801,Cámara Canon EOS M50 SE,Cámara mirrorless compacta con resolución 4K y sensor APS-C.,219.42,36
LAP-1802,Laptop Lenovo ThinkPad X1 Carbon SE,Laptop gamer de última generación con tarjeta gráfica dedicada y pantalla 144Hz.,1271.58,84
TEL-1803,Teléfono Xiaomi 13 Pro SE,"Dispositivo con carga superrápida, batería de larga duración y pantalla de 120Hz.",988.34,39
AUD-1804,Audífonos Sennheiser Momentum 4 SE,Diadema ergonómica con graves profundos y batería de más de 30 horas.,1212.18,40
MON-1805,Monitor BenQ EW3270U SE,Monitor gaming con tasa de refresco rápida y tiempo de respuesta de 1ms.,1552.97,74
REL-1806,Reloj Huawei Watch GT 3 SE,Smartwatch deportivo resistente al agua con sensores de salud avanzados.,138.74,34
TECL-1807,Teclado Redragon Kumara K552 SE,Teclado mecánico compacto hot-swappable ideal para programación y oficina.,1052.03,85
RAT-1808,Ratón Microsoft Bluetooth Ergonomic SE,Ratón óptico ultraligero con cable mallado suave y deslizamiento perfecto.,31.04,96
TAB-1809,Tableta Huawei MatePad 11 SE,Tableta versátil con pantalla de alta resolución ideal para estudio y entretenimiento.,1437.14,38
ACC-1810,Webcam Logitech C920 HD Pro Max,Dispositivo de almacenamiento rápido y confiable para respaldos de datos.,162.35,83
CAM-1811,Cámara Canon EOS M50 Max,Cámara de acción resistente al agua con estabilización de imagen avanzada.,1059.06,92
LAP-1812,Laptop Lenovo ThinkPad X1 Carbon Max,"Equipo portátil para trabajo pesado, edición de video y multitarea.",1065.29,45
TEL-1813,Teléfono Xiaomi 13 Pro Max,Smartphone de gama alta con pantalla AMOLED y cámara de alta resolución.,915.70,51
AUD-1814,Audífonos Sennheiser Momentum 4 Max,Auriculares in-ear con audio espacial y estuche de carga inalámbrica.,1739.42,100
MON-1815,Monitor BenQ EW3270U Max,Monitor curvo e inmersivo con panel IPS e iluminación de baja fatiga visual.,126.37,74
REL-1816,Reloj Huawei Watch GT 3 Max,Reloj inteligente elegante con control de notificaciones y seguimiento fit.,567.46,73
TECL-1817,Teclado Redragon Kumara K552 Max,Teclado mecánico gamer con retroiluminación RGB configurable.,1032.28,80
RAT-1818,Ratón Microsoft Bluetooth Ergonomic Max,Ratón gamer ligero de alta precisión con sensor óptico de alta definición.,326.18,44
TAB-1819,Tableta Huawei MatePad 11 Max,Dispositivo multimedia portátil con altavoces estéreo y gran autonomía.,1681.29,25
ACC-1820,Webcam Logitech C920 HD Pro v1,Componente de conectividad portátil para expandir los puertos de tus dispositivos.,298.08,91
CAM-1821,Cámara Canon EOS M50 v1,Cámara mirrorless compacta con resolución 4K y sensor APS-C.,679.33,68
LAP-1822,Laptop Lenovo ThinkPad X1 Carbon v1,Laptop gamer de última generación con tarjeta gráfica dedicada y pantalla 144Hz.,1495.82,47
TEL-1823,Teléfono Xiaomi 13 Pro v1,"Dispositivo con carga superrápida, batería de larga duración y pantalla de 120Hz.",544.98,1
AUD-1824,Audífonos Sennheiser Momentum 4 v1,Diadema ergonómica con graves profundos y batería de más de 30 horas.,446.68,4
MON-1825,Monitor BenQ EW3270U v1,Monitor gaming con tasa de refresco rápida y tiempo de respuesta de 1ms.,1651.57,74
REL-1826,Reloj Huawei Watch GT 3 v1,Smartwatch deportivo resistente al agua con sensores de salud avanzados.,1449.84,91
TECL-1827,Teclado Redragon Kumara K552 v1,Teclado mecánico compacto hot-swappable ideal para programación y oficina.,544.09,72
RAT-1828,Ratón Microsoft Bluetooth Ergonomic v1,Ratón óptico ultraligero con cable mallado suave y deslizamiento perfecto.,1251.94,77
TAB-1829,Tableta Huawei MatePad 11 v1,Tableta versátil con pantalla de alta resolución ideal para estudio y entretenimiento.,682.24,21
ACC-1830,Webcam Logitech C920 HD Pro v2,Dispositivo de almacenamiento rápido y confiable para respaldos de datos.,1184.05,64
CAM-1831,Cámara Canon EOS M50 v2,Cámara de acción resistente al agua con estabilización de imagen avanzada.,961.58,78
LAP-1832,Laptop Lenovo ThinkPad X1 Carbon v2,"Equipo portátil para trabajo pesado, edición de video y multitarea.",948.91,69
TEL-1833,Teléfono Xiaomi 13 Pro v2,Smartphone de gama alta con pantalla AMOLED y cámara de alta resolución.,1632.78,34
AUD-1834,Audífonos Sennheiser Momentum 4 v2,Auriculares in-ear con audio espacial y estuche de carga inalámbrica.,744.56,40
MON-1835,Monitor BenQ EW3270U v2,Monitor curvo e inmersivo con panel IPS e iluminación de baja fatiga visual.,1504.33,13
REL-1836,Reloj Huawei Watch GT 3 v2,Reloj inteligente elegante con control de notificaciones y seguimiento fit.,412.33,76
TECL-1837,Teclado Redragon Kumara K552 v2,Teclado mecánico gamer con retroiluminación RGB configurable.,973.46,1
RAT-1838,Ratón Microsoft Bluetooth Ergonomic v2,Ratón gamer ligero de alta precisión con sensor óptico de alta definición.,337.08,11
TAB-1839,Tableta Huawei MatePad 11 v2,Dispositivo multimedia portátil con altavoces estéreo y gran autonomía.,110.70,99
ACC-1840,Webcam Logitech C920 HD Pro Pro,Componente de conectividad portátil para expandir los puertos de tus dispositivos.,1536.70,7
CAM-1841,Cámara Canon EOS M50 Pro,Cámara mirrorless compacta con resolución 4K y sensor APS-C.,1226.90,21
LAP-1842,Laptop Lenovo ThinkPad X1 Carbon Pro,Laptop gamer de última generación con tarjeta gráfica dedicada y pantalla 144Hz.,331.07,66
TEL-1843,Teléfono Xiaomi 13 Pro Pro,"Dispositivo con carga superrápida, batería de larga duración y pantalla de 120Hz.",760.58,30
AUD-1844,Audífonos Sennheiser Momentum 4 Pro,Diadema ergonómica con graves profundos y batería de más de 30 horas.,996.70,97
MON-1845,Monitor BenQ EW3270U Pro,Monitor gaming con tasa de refresco rápida y tiempo de respuesta de 1ms.,189.11,73
REL-1846,Reloj Huawei Watch GT 3 Pro,Smartwatch deportivo resistente al agua con sensores de salud avanzados.,1495.75,64
TECL-1847,Teclado Redragon Kumara K552 Pro,Teclado mecánico compacto hot-swappable ideal para programación y oficina.,104.52,61
RAT-1848,Ratón Microsoft Bluetooth Ergonomic Pro,Ratón óptico ultraligero con cable mallado suave y deslizamiento perfecto.,1679.00,62
TAB-1849,Tableta Huawei MatePad 11 Pro,Tableta versátil con pantalla de alta resolución ideal para estudio y entretenimiento.,562.18,56
ACC-1850,Webcam Logitech C920 HD Pro Plus,Dispositivo de almacenamiento rápido y confiable para respaldos de datos.,1374.59,97
CAM-1851,Cámara Canon EOS M50 Plus,Cámara de acción resistente al agua con estabilización de imagen avanzada.,753.63,9
LAP-1852,Laptop Lenovo ThinkPad X1 Carbon Plus,"Equipo portátil para trabajo pesado, edición de video y multitarea.",161.60,87
TEL-1853,Teléfono Xiaomi 13 Pro Plus,Smartphone de gama alta con pantalla AMOLED y cámara de alta resolución.,471.10,53
AUD-1854,Audífonos Sennheiser Momentum 4 Plus,Auriculares in-ear con audio espacial y estuche de carga inalámbrica.,643.99,24
MON-1855,Monitor BenQ EW3270U Plus,Monitor curvo e inmersivo con panel IPS e iluminación de baja fatiga visual.,563.95,71
REL-1856,Reloj Huawei Watch GT 3 Plus,Reloj inteligente elegante con control de notificaciones y seguimiento fit.,1747.15,64
TECL-1857,Teclado Redragon Kumara K552 Plus,Teclado mecánico gamer con retroiluminación RGB configurable.,1794.07,86
RAT-1858,Ratón Microsoft Bluetooth Ergonomic Plus,Ratón gamer ligero de alta precisión con sensor óptico de alta definición.,1092.06,95
TAB-1859,Tableta Huawei MatePad 11 Plus,Dispositivo multimedia portátil con altavoces estéreo y gran autonomía.,1406.10,71
ACC-1860,Webcam Logitech C920 HD Pro Ultra,Componente de conectividad portátil para expandir los puertos de tus dispositivos.,1572.32,45
CAM-1861,Cámara Canon EOS M50 Ultra,Cámara mirrorless compacta con resolución 4K y sensor APS-C.,1512.87,63
LAP-1862,Laptop Lenovo ThinkPad X1 Carbon Ultra,Laptop gamer de última generación con tarjeta gráfica dedicada y pantalla 144Hz.,1735.22,76
TEL-1863,Teléfono Xiaomi 13 Pro Ultra,"Dispositivo con carga superrápida, batería de larga duración y pantalla de 120Hz.",748.46,95
AUD-1864,Audífonos Sennheiser Momentum 4 Ultra,Diadema ergonómica con graves profundos y batería de más de 30 horas.,138.22,38
MON-1865,Monitor BenQ EW3270U Ultra,Monitor gaming con tasa de refresco rápida y tiempo de respuesta de 1ms.,1767.75,22
REL-1866,Reloj Huawei Watch GT 3 Ultra,Smartwatch deportivo resistente al agua con sensores de salud avanzados.,1116.58,2
TECL-1867,Teclado Redragon Kumara K552 Ultra,Teclado mecánico compacto hot-swappable ideal para programación y oficina.,1128.72,89
RAT-1868,Ratón Microsoft Bluetooth Ergonomic Ultra,Ratón óptico ultraligero con cable mallado suave y deslizamiento perfecto.,1156.16,90
TAB-1869,Tableta Huawei MatePad 11 Ultra,Tableta versátil con pantalla de alta resolución ideal para estudio y entretenimiento.,1480.56,77
ACC-1870,Webcam Logitech C920 HD Pro Lite,Dispositivo de almacenamiento rápido y confiable para respaldos de datos.,637.73,30
CAM-1871,Cámara Canon EOS M50 Lite,Cámara de acción resistente al agua con estabilización de imagen avanzada.,924.36,10
LAP-1872,Laptop Lenovo ThinkPad X1 Carbon Lite,"Equipo portátil para trabajo pesado, edición de video y multitarea.",528.38,37
TEL-1873,Teléfono Xiaomi 13 Pro Lite,Smartphone de gama alta con pantalla AMOLED y cámara de alta resolución.,1492.25,91
AUD-1874,Audífonos Sennheiser Momentum 4 Lite,Auriculares in-ear con audio espacial y estuche de carga inalámbrica.,1179.60,99
MON-1875,Monitor BenQ EW3270U Lite,Monitor curvo e inmersivo con panel IPS e iluminación de baja fatiga visual.,471.52,40
REL-1876,Reloj Huawei Watch GT 3 Lite,Reloj inteligente elegante con control de notificaciones y seguimiento fit.,1612.41,49
TECL-1877,Teclado Redragon Kumara K552 Lite,Teclado mecánico gamer con retroiluminación RGB configurable.,307.14,99
RAT-1878,Ratón Microsoft Bluetooth Ergonomic Lite,Ratón gamer ligero de alta precisión con sensor óptico de alta definición.,1043.83,14
TAB-1879,Tableta Huawei MatePad 11 Lite,Dispositivo multimedia portátil con altavoces estéreo y gran autonomía.,1743.42,86
ACC-1880,Webcam Logitech C920 HD Pro Edition 2024,Componente de conectividad portátil para expandir los puertos de tus dispositivos.,1486.53,74
CAM-1881,Cámara Canon EOS M50 Edition 2024,Cámara mirrorless compacta con resolución 4K y sensor APS-C.,595.58,49
LAP-1882,Laptop Lenovo ThinkPad X1 Carbon Edition 2024,Laptop gamer de última generación con tarjeta gráfica dedicada y pantalla 144Hz.,841.07,87
TEL-1883,Teléfono Xiaomi 13 Pro Edition 2024,"Dispositivo con carga superrápida, batería de larga duración y pantalla de 120Hz.",1297.61,50
AUD-1884,Audífonos Sennheiser Momentum 4 Edition 2024,Diadema ergonómica con graves profundos y batería de más de 30 horas.,1571.08,51
MON-1885,Monitor BenQ EW3270U Edition 2024,Monitor gaming con tasa de refresco rápida y tiempo de respuesta de 1ms.,1259.46,15
REL-1886,Reloj Huawei Watch GT 3 Edition 2024,Smartwatch deportivo resistente al agua con sensores de salud avanzados.,80.18,66
TECL-1887,Teclado Redragon Kumara K552 Edition 2024,Teclado mecánico compacto hot-swappable ideal para programación y oficina.,670.89,62
RAT-1888,Ratón Microsoft Bluetooth Ergonomic Edition 2024,Ratón óptico ultraligero con cable mallado suave y deslizamiento perfecto.,1161.94,63
TAB-1889,Tableta Huawei MatePad 11 Edition 2024,Tableta versátil con pantalla de alta resolución ideal para estudio y entretenimiento.,588.73,26
ACC-1890,Webcam Logitech C920 HD Pro Special Edition,Dispositivo de almacenamiento rápido y confiable para respaldos de datos.,732.12,68
CAM-1891,Cámara Canon EOS M50 Special Edition,Cámara de acción resistente al agua con estabilización de imagen avanzada.,1368.67,4
LAP-1892,Laptop Lenovo ThinkPad X1 Carbon Special Edition,"Equipo portátil para trabajo pesado, edición de video y multitarea.",1867.13,40
TEL-1893,Teléfono Xiaomi 13 Pro Special Edition,Smartphone de gama alta con pantalla AMOLED y cámara de alta resolución.,1414.20,52
AUD-1894,Audífonos Sennheiser Momentum 4 Special Edition,Auriculares in-ear con audio espacial y estuche de carga inalámbrica.,1859.56,67
MON-1895,Monitor BenQ EW3270U Special Edition,Monitor curvo e inmersivo con panel IPS e iluminación de baja fatiga visual.,1654.90,61
REL-1896,Reloj Huawei Watch GT 3 Special Edition,Reloj inteligente elegante con control de notificaciones y seguimiento fit.,1299.76,25
TECL-1897,Teclado Redragon Kumara K552 Special Edition,Teclado mecánico gamer con retroiluminación RGB configurable.,1718.64,41
RAT-1898,Ratón Microsoft Bluetooth Ergonomic Special Edition,Ratón gamer ligero de alta precisión con sensor óptico de alta definición.,597.30,84
TAB-1899,Tableta Huawei MatePad 11 Special Edition,Dispositivo multimedia portátil con altavoces estéreo y gran autonomía.,296.98,31
ACC-1900,Webcam Logitech C920 HD Pro Edición Negra,Componente de conectividad portátil para expandir los puertos de tus dispositivos.,99.30,17
CAM-1901,Cámara Canon EOS M50 Edición Negra,Cámara mirrorless compacta con resolución 4K y sensor APS-C.,1004.76,14
LAP-1902,Laptop Lenovo ThinkPad X1 Carbon Edición Negra,Laptop gamer de última generación con tarjeta gráfica dedicada y pantalla 144Hz.,71.45,64
TEL-1903,Teléfono Xiaomi 13 Pro Edición Negra,"Dispositivo con carga superrápida, batería de larga duración y pantalla de 120Hz.",1318.63,24
AUD-1904,Audífonos Sennheiser Momentum 4 Edición Negra,Diadema ergonómica con graves profundos y batería de más de 30 horas.,925.29,17
MON-1905,Monitor BenQ EW3270U Edición Negra,Monitor gaming con tasa de refresco rápida y tiempo de respuesta de 1ms.,213.15,87
REL-1906,Reloj Huawei Watch GT 3 Edición Negra,Smartwatch deportivo resistente al agua con sensores de salud avanzados.,422.52,25
TECL-1907,Teclado Redragon Kumara K552 Edición Negra,Teclado mecánico compacto hot-swappable ideal para programación y oficina.,466.73,73
RAT-1908,Ratón Microsoft Bluetooth Ergonomic Edición Negra,Ratón óptico ultraligero con cable mallado suave y deslizamiento perfecto.,413.53,84
TAB-1909,Tableta Huawei MatePad 11 Edición Negra,Tableta versátil con pantalla de alta resolución ideal para estudio y entretenimiento.,523.41,85
ACC-1910,Webcam Logitech C920 HD Pro Edición Plata,Dispositivo de almacenamiento rápido y confiable para respaldos de datos.,133.47,64
CAM-1911,Cámara Canon EOS M50 Edición Plata,Cámara de acción resistente al agua con estabilización de imagen avanzada.,675.81,65
LAP-1912,Laptop Lenovo ThinkPad X1 Carbon Edición Plata,"Equipo portátil para trabajo pesado, edición de video y multitarea.",106.33,74
TEL-1913,Teléfono Xiaomi 13 Pro Edición Plata,Smartphone de gama alta con pantalla AMOLED y cámara de alta resolución.,963.68,21
AUD-1914,Audífonos Sennheiser Momentum 4 Edición Plata,Auriculares in-ear con audio espacial y estuche de carga inalámbrica.,27.92,32
MON-1915,Monitor BenQ EW3270U Edición Plata,Monitor curvo e inmersivo con panel IPS e iluminación de baja fatiga visual.,988.58,42
REL-1916,Reloj Huawei Watch GT 3 Edición Plata,Reloj inteligente elegante con control de notificaciones y seguimiento fit.,103.22,11
TECL-1917,Teclado Redragon Kumara K552 Edición Plata,Teclado mecánico gamer con retroiluminación RGB configurable.,451.62,20
RAT-1918,Ratón Microsoft Bluetooth Ergonomic Edición Plata,Ratón gamer ligero de alta precisión con sensor óptico de alta definición.,154.86,26
TAB-1919,Tableta Huawei MatePad 11 Edición Plata,Dispositivo multimedia portátil con altavoces estéreo y gran autonomía.,653.21,53
ACC-1920,Webcam Logitech C920 HD Pro S,Componente de conectividad portátil para expandir los puertos de tus dispositivos.,945.09,31
CAM-1921,Cámara Canon EOS M50 S,Cámara mirrorless compacta con resolución 4K y sensor APS-C.,1188.14,2
LAP-1922,Laptop Lenovo ThinkPad X1 Carbon S,Laptop gamer de última generación con tarjeta gráfica dedicada y pantalla 144Hz.,77.73,5
TEL-1923,Teléfono Xiaomi 13 Pro S,"Dispositivo con carga superrápida, batería de larga duración y pantalla de 120Hz.",929.89,92
AUD-1924,Audífonos Sennheiser Momentum 4 S,Diadema ergonómica con graves profundos y batería de más de 30 horas.,1725.72,93
MON-1925,Monitor BenQ EW3270U S,Monitor gaming con tasa de refresco rápida y tiempo de respuesta de 1ms.,293.05,11
REL-1926,Reloj Huawei Watch GT 3 S,Smartwatch deportivo resistente al agua con sensores de salud avanzados.,1454.34,87
TECL-1927,Teclado Redragon Kumara K552 S,Teclado mecánico compacto hot-swappable ideal para programación y oficina.,1253.37,91
RAT-1928,Ratón Microsoft Bluetooth Ergonomic S,Ratón óptico ultraligero con cable mallado suave y deslizamiento perfecto.,266.43,64
TAB-1929,Tableta Huawei MatePad 11 S,Tableta versátil con pantalla de alta resolución ideal para estudio y entretenimiento.,1461.99,80
ACC-1930,Webcam Logitech C920 HD Pro SE,Dispositivo de almacenamiento rápido y confiable para respaldos de datos.,1473.41,31
CAM-1931,Cámara Canon EOS M50 SE,Cámara de acción resistente al agua con estabilización de imagen avanzada.,1513.10,2
LAP-1932,Laptop Lenovo ThinkPad X1 Carbon SE,"Equipo portátil para trabajo pesado, edición de video y multitarea.",640.81,78
TEL-1933,Teléfono Xiaomi 13 Pro SE,Smartphone de gama alta con pantalla AMOLED y cámara de alta resolución.,629.60,46
AUD-1934,Audífonos Sennheiser Momentum 4 SE,Auriculares in-ear con audio espacial y estuche de carga inalámbrica.,523.56,97
MON-1935,Monitor BenQ EW3270U SE,Monitor curvo e inmersivo con panel IPS e iluminación de baja fatiga visual.,295.75,66
REL-1936,Reloj Huawei Watch GT 3 SE,Reloj inteligente elegante con control de notificaciones y seguimiento fit.,711.39,71
TECL-1937,Teclado Redragon Kumara K552 SE,Teclado mecánico gamer con retroiluminación RGB configurable.,1129.54,82
RAT-1938,Ratón Microsoft Bluetooth Ergonomic SE,Ratón gamer ligero de alta precisión con sensor óptico de alta definición.,990.70,81
TAB-1939,Tableta Huawei MatePad 11 SE,Dispositivo multimedia portátil con altavoces estéreo y gran autonomía.,1103.25,92
ACC-1940,Webcam Logitech C920 HD Pro Max,Componente de conectividad portátil para expandir los puertos de tus dispositivos.,1383.62,38
CAM-1941,Cámara Canon EOS M50 Max,Cámara mirrorless compacta con resolución 4K y sensor APS-C.,941.04,6
LAP-1942,Laptop Lenovo ThinkPad X1 Carbon Max,Laptop gamer de última generación con tarjeta gráfica dedicada y pantalla 144Hz.,1555.40,1
TEL-1943,Teléfono Xiaomi 13 Pro Max,"Dispositivo con carga superrápida, batería de larga duración y pantalla de 120Hz.",1325.96,8
AUD-1944,Audífonos Sennheiser Momentum 4 Max,Diadema ergonómica con graves profundos y batería de más de 30 horas.,123.05,34
MON-1945,Monitor BenQ EW3270U Max,Monitor gaming con tasa de refresco rápida y tiempo de respuesta de 1ms.,794.35,31
REL-1946,Reloj Huawei Watch GT 3 Max,Smartwatch deportivo resistente al agua con sensores de salud avanzados.,1691.92,14
TECL-1947,Teclado Redragon Kumara K552 Max,Teclado mecánico compacto hot-swappable ideal para programación y oficina.,1393.82,72
RAT-1948,Ratón Microsoft Bluetooth Ergonomic Max,Ratón óptico ultraligero con cable mallado suave y deslizamiento perfecto.,800.99,45
TAB-1949,Tableta Huawei MatePad 11 Max,Tableta versátil con pantalla de alta resolución ideal para estudio y entretenimiento.,1054.53,9
ACC-1950,Webcam Logitech C920 HD Pro v1,Dispositivo de almacenamiento rápido y confiable para respaldos de datos.,479.14,25
CAM-1951,Cámara Canon EOS M50 v1,Cámara de acción resistente al agua con estabilización de imagen avanzada.,277.73,90
LAP-1952,Laptop Lenovo ThinkPad X1 Carbon v1,"Equipo portátil para trabajo pesado, edición de video y multitarea.",1368.32,46
TEL-1953,Teléfono Xiaomi 13 Pro v1,Smartphone de gama alta con pantalla AMOLED y cámara de alta resolución.,1380.80,77
AUD-1954,Audífonos Sennheiser Momentum 4 v1,Auriculares in-ear con audio espacial y estuche de carga inalámbrica.,1218.63,39
MON-1955,Monitor BenQ EW3270U v1,Monitor curvo e inmersivo con panel IPS e iluminación de baja fatiga visual.,1401.68,19
REL-1956,Reloj Huawei Watch GT 3 v1,Reloj inteligente elegante con control de notificaciones y seguimiento fit.,1354.13,81
TECL-1957,Teclado Redragon Kumara K552 v1,Teclado mecánico gamer con retroiluminación RGB configurable.,953.55,32
RAT-1958,Ratón Microsoft Bluetooth Ergonomic v1,Ratón gamer ligero de alta precisión con sensor óptico de alta definición.,1254.13,32
TAB-1959,Tableta Huawei MatePad 11 v1,Dispositivo multimedia portátil con altavoces estéreo y gran autonomía.,1263.04,75
ACC-1960,Webcam Logitech C920 HD Pro v2,Componente de conectividad portátil para expandir los puertos de tus dispositivos.,528.41,49
CAM-1961,Cámara Canon EOS M50 v2,Cámara mirrorless compacta con resolución 4K y sensor APS-C.,1860.88,8
LAP-1962,Laptop Lenovo ThinkPad X1 Carbon v2,Laptop gamer de última generación con tarjeta gráfica dedicada y pantalla 144Hz.,1436.19,13
TEL-1963,Teléfono Xiaomi 13 Pro v2,"Dispositivo con carga superrápida, batería de larga duración y pantalla de 120Hz.",1008.31,23
AUD-1964,Audífonos Sennheiser Momentum 4 v2,Diadema ergonómica con graves profundos y batería de más de 30 horas.,1221.67,99
MON-1965,Monitor BenQ EW3270U v2,Monitor gaming con tasa de refresco rápida y tiempo de respuesta de 1ms.,1215.26,43
REL-1966,Reloj Huawei Watch GT 3 v2,Smartwatch deportivo resistente al agua con sensores de salud avanzados.,1692.56,5
TECL-1967,Teclado Redragon Kumara K552 v2,Teclado mecánico compacto hot-swappable ideal para programación y oficina.,1101.85,2
RAT-1968,Ratón Microsoft Bluetooth Ergonomic v2,Ratón óptico ultraligero con cable mallado suave y deslizamiento perfecto.,1253.09,7
TAB-1969,Tableta Huawei MatePad 11 v2,Tableta versátil con pantalla de alta resolución ideal para estudio y entretenimiento.,775.63,21
ACC-1970,Webcam Logitech C920 HD Pro Pro,Dispositivo de almacenamiento rápido y confiable para respaldos de datos.,279.03,27
CAM-1971,Cámara Canon EOS M50 Pro,Cámara de acción resistente al agua con estabilización de imagen avanzada.,389.34,10
LAP-1972,Laptop Lenovo ThinkPad X1 Carbon Pro,"Equipo portátil para trabajo pesado, edición de video y multitarea.",1206.52,28
TEL-1973,Teléfono Xiaomi 13 Pro Pro,Smartphone de gama alta con pantalla AMOLED y cámara de alta resolución.,345.68,11
AUD-1974,Audífonos Sennheiser Momentum 4 Pro,Auriculares in-ear con audio espacial y estuche de carga inalámbrica.,1796.49,76
MON-1975,Monitor BenQ EW3270U Pro,Monitor curvo e inmersivo con panel IPS e iluminación de baja fatiga visual.,1195.44,5
REL-1976,Reloj Huawei Watch GT 3 Pro,Reloj inteligente elegante con control de notificaciones y seguimiento fit.,1621.65,1
TECL-1977,Teclado Redragon Kumara K552 Pro,Teclado mecánico gamer con retroiluminación RGB configurable.,883.45,71
RAT-1978,Ratón Microsoft Bluetooth Ergonomic Pro,Ratón gamer ligero de alta precisión con sensor óptico de alta definición.,136.25,40
TAB-1979,Tableta Huawei MatePad 11 Pro,Dispositivo multimedia portátil con altavoces estéreo y gran autonomía.,179.15,20
ACC-1980,Webcam Logitech C920 HD Pro Plus,Componente de conectividad portátil para expandir los puertos de tus dispositivos.,34.01,49
CAM-1981,Cámara Canon EOS M50 Plus,Cámara mirrorless compacta con resolución 4K y sensor APS-C.,347.43,71
LAP-1982,Laptop Lenovo ThinkPad X1 Carbon Plus,Laptop gamer de última generación con tarjeta gráfica dedicada y pantalla 144Hz.,1509.70,100
TEL-1983,Teléfono Xiaomi 13 Pro Plus,"Dispositivo con carga superrápida, batería de larga duración y pantalla de 120Hz.",1861.51,96
AUD-1984,Audífonos Sennheiser Momentum 4 Plus,Diadema ergonómica con graves profundos y batería de más de 30 horas.,700.88,64
MON-1985,Monitor BenQ EW3270U Plus,Monitor gaming con tasa de refresco rápida y tiempo de respuesta de 1ms.,776.17,48
REL-1986,Reloj Huawei Watch GT 3 Plus,Smartwatch deportivo resistente al agua con sensores de salud avanzados.,1596.92,77
TECL-1987,Teclado Redragon Kumara K552 Plus,Teclado mecánico compacto hot-swappable ideal para programación y oficina.,1812.83,61
RAT-1988,Ratón Microsoft Bluetooth Ergonomic Plus,Ratón óptico ultraligero con cable mallado suave y deslizamiento perfecto.,1546.62,16
TAB-1989,Tableta Huawei MatePad 11 Plus,Tableta versátil con pantalla de alta resolución ideal para estudio y entretenimiento.,1085.70,33
ACC-1990,Webcam Logitech C920 HD Pro Ultra,Dispositivo de almacenamiento rápido y confiable para respaldos de datos.,40.18,11
CAM-1991,Cámara Canon EOS M50 Ultra,Cámara de acción resistente al agua con estabilización de imagen avanzada.,1090.53,47
LAP-1992,Laptop Lenovo ThinkPad X1 Carbon Ultra,"Equipo portátil para trabajo pesado, edición de video y multitarea.",1361.27,43
TEL-1993,Teléfono Xiaomi 13 Pro Ultra,Smartphone de gama alta con pantalla AMOLED y cámara de alta resolución.,921.61,34
AUD-1994,Audífonos Sennheiser Momentum 4 Ultra,Auriculares in-ear con audio espacial y estuche de carga inalámbrica.,921.30,83
MON-1995,Monitor BenQ EW3270U Ultra,Monitor curvo e inmersivo con panel IPS e iluminación de baja fatiga visual.,1376.19,59
REL-1996,Reloj Huawei Watch GT 3 Ultra,Reloj inteligente elegante con control de notificaciones y seguimiento fit.,1089.37,72
TECL-1997,Teclado Redragon Kumara K552 Ultra,Teclado mecánico gamer con retroiluminación RGB configurable.,1460.52,31
RAT-1998,Ratón Microsoft Bluetooth Ergonomic Ultra,Ratón gamer ligero de alta precisión con sensor óptico de alta definición.,1129.99,17
TAB-1999,Tableta Huawei MatePad 11 Ultra,Dispositivo multimedia portátil con altavoces estéreo y gran autonomía.,236.30,19
ACC-2000,Webcam Logitech C920 HD Pro Lite,Componente de conectividad portátil para expandir los puertos de tus dispositivos.,860.88,99
CAM-2001,Cámara Canon EOS M50 Lite,Cámara mirrorless compacta con resolución 4K y sensor APS-C.,1120.83,47
LAP-2002,Laptop Lenovo ThinkPad X1 Carbon Lite,Laptop gamer de última generación con tarjeta gráfica dedicada y pantalla 144Hz.,1386.58,65
TEL-2003,Teléfono Xiaomi 13 Pro Lite,"Dispositivo con carga superrápida, batería de larga duración y pantalla de 120Hz.",228.44,72
AUD-2004,Audífonos Sennheiser Momentum 4 Lite,Diadema ergonómica con graves profundos y batería de más de 30 horas.,1004.23,78
MON-2005,Monitor BenQ EW3270U Lite,Monitor gaming con tasa de refresco rápida y tiempo de respuesta de 1ms.,864.49,10
REL-2006,Reloj Huawei Watch GT 3 Lite,Smartwatch deportivo resistente al agua con sensores de salud avanzados.,1061.34,10
TECL-2007,Teclado Redragon Kumara K552 Lite,Teclado mecánico compacto hot-swappable ideal para programación y oficina.,397.83,85
RAT-2008,Ratón Microsoft Bluetooth Ergonomic Lite,Ratón óptico ultraligero con cable mallado suave y deslizamiento perfecto.,1692.78,70
TAB-2009,Tableta Huawei MatePad 11 Lite,Tableta versátil con pantalla de alta resolución ideal para estudio y entretenimiento.,528.84,97
ACC-2010,Webcam Logitech C920 HD Pro Edition 2024,Dispositivo de almacenamiento rápido y confiable para respaldos de datos.,278.16,63
CAM-2011,Cámara Canon EOS M50 Edition 2024,Cámara de acción resistente al agua con estabilización de imagen avanzada.,992.60,81
LAP-2012,Laptop Lenovo ThinkPad X1 Carbon Edition 2024,"Equipo portátil para trabajo pesado, edición de video y multitarea.",197.62,47
TEL-2013,Teléfono Xiaomi 13 Pro Edition 2024,Smartphone de gama alta con pantalla AMOLED y cámara de alta resolución.,817.02,7
AUD-2014,Audífonos Sennheiser Momentum 4 Edition 2024,Auriculares in-ear con audio espacial y estuche de carga inalámbrica.,610.12,52
MON-2015,Monitor BenQ EW3270U Edition 2024,Monitor curvo e inmersivo con panel IPS e iluminación de baja fatiga visual.,1385.29,82
REL-2016,Reloj Huawei Watch GT 3 Edition 2024,Reloj inteligente elegante con control de notificaciones y seguimiento fit.,1406.24,58
TECL-2017,Teclado Redragon Kumara K552 Edition 2024,Teclado mecánico gamer con retroiluminación RGB configurable.,391.21,44
RAT-2018,Ratón Microsoft Bluetooth Ergonomic Edition 2024,Ratón gamer ligero de alta precisión con sensor óptico de alta definición.,1020.46,4
TAB-2019,Tableta Huawei MatePad 11 Edition 2024,Dispositivo multimedia portátil con altavoces estéreo y gran autonomía.,1584.05,32
ACC-2020,Webcam Logitech C920 HD Pro Special Edition,Componente de conectividad portátil para expandir los puertos de tus dispositivos.,1183.45,23
CAM-2021,Cámara Canon EOS M50 Special Edition,Cámara mirrorless compacta con resolución 4K y sensor APS-C.,1591.65,81
LAP-2022,Laptop Lenovo ThinkPad X1 Carbon Special Edition,Laptop gamer de última generación con tarjeta gráfica dedicada y pantalla 144Hz.,1017.57,57
TEL-2023,Teléfono Xiaomi 13 Pro Special Edition,"Dispositivo con carga superrápida, batería de larga duración y pantalla de 120Hz.",737.41,58
AUD-2024,Audífonos Sennheiser Momentum 4 Special Edition,Diadema ergonómica con graves profundos y batería de más de 30 horas.,901.64,94
MON-2025,Monitor BenQ EW3270U Special Edition,Monitor gaming con tasa de refresco rápida y tiempo de respuesta de 1ms.,1066.80,83
REL-2026,Reloj Huawei Watch GT 3 Special Edition,Smartwatch deportivo resistente al agua con sensores de salud avanzados.,240.41,65
TECL-2027,Teclado Redragon Kumara K552 Special Edition,Teclado mecánico compacto hot-swappable ideal para programación y oficina.,220.09,60
RAT-2028,Ratón Microsoft Bluetooth Ergonomic Special Edition,Ratón óptico ultraligero con cable mallado suave y deslizamiento perfecto.,685.01,23
TAB-2029,Tableta Huawei MatePad 11 Special Edition,Tableta versátil con pantalla de alta resolución ideal para estudio y entretenimiento.,1372.64,62
ACC-2030,Webcam Logitech C920 HD Pro Edición Negra,Dispositivo de almacenamiento rápido y confiable para respaldos de datos.,554.33,48
CAM-2031,Cámara Canon EOS M50 Edición Negra,Cámara de acción resistente al agua con estabilización de imagen avanzada.,1267.17,43
LAP-2032,Laptop Lenovo ThinkPad X1 Carbon Edición Negra,"Equipo portátil para trabajo pesado, edición de video y multitarea.",1575.49,75
TEL-2033,Teléfono Xiaomi 13 Pro Edición Negra,Smartphone de gama alta con pantalla AMOLED y cámara de alta resolución.,789.48,14
AUD-2034,Audífonos Sennheiser Momentum 4 Edición Negra,Auriculares in-ear con audio espacial y estuche de carga inalámbrica.,161.41,47
MON-2035,Monitor BenQ EW3270U Edición Negra,Monitor curvo e inmersivo con panel IPS e iluminación de baja fatiga visual.,1549.22,22
REL-2036,Reloj Huawei Watch GT 3 Edición Negra,Reloj inteligente elegante con control de notificaciones y seguimiento fit.,1669.21,8
TECL-2037,Teclado Redragon Kumara K552 Edición Negra,Teclado mecánico gamer con retroiluminación RGB configurable.,494.95,72
RAT-2038,Ratón Microsoft Bluetooth Ergonomic Edición Negra,Ratón gamer ligero de alta precisión con sensor óptico de alta definición.,184.89,61
TAB-2039,Tableta Huawei MatePad 11 Edición Negra,Dispositivo multimedia portátil con altavoces estéreo y gran autonomía.,1812.76,88
ACC-2040,Webcam Logitech C920 HD Pro Edición Plata,Componente de conectividad portátil para expandir los puertos de tus dispositivos.,735.45,72
CAM-2041,Cámara Canon EOS M50 Edición Plata,Cámara mirrorless compacta con resolución 4K y sensor APS-C.,96.20,89
LAP-2042,Laptop Lenovo ThinkPad X1 Carbon Edición Plata,Laptop gamer de última generación con tarjeta gráfica dedicada y pantalla 144Hz.,1485.43,78
TEL-2043,Teléfono Xiaomi 13 Pro Edición Plata,"Dispositivo con carga superrápida, batería de larga duración y pantalla de 120Hz.",924.96,80
AUD-2044,Audífonos Sennheiser Momentum 4 Edición Plata,Diadema ergonómica con graves profundos y batería de más de 30 horas.,1759.94,95
MON-2045,Monitor BenQ EW3270U Edición Plata,Monitor gaming con tasa de refresco rápida y tiempo de respuesta de 1ms.,1710.92,54
REL-2046,Reloj Huawei Watch GT 3 Edición Plata,Smartwatch deportivo resistente al agua con sensores de salud avanzados.,1064.17,82
TECL-2047,Teclado Redragon Kumara K552 Edición Plata,Teclado mecánico compacto hot-swappable ideal para programación y oficina.,1210.04,61
RAT-2048,Ratón Microsoft Bluetooth Ergonomic Edición Plata,Ratón óptico ultraligero con cable mallado suave y deslizamiento perfecto.,560.14,67
TAB-2049,Tableta Huawei MatePad 11 Edición Plata,Tableta versátil con pantalla de alta resolución ideal para estudio y entretenimiento.,1001.02,14
ACC-2050,Webcam Logitech C920 HD Pro S,Dispositivo de almacenamiento rápido y confiable para respaldos de datos.,1131.35,28
CAM-2051,Cámara Canon EOS M50 S,Cámara de acción resistente al agua con estabilización de imagen avanzada.,404.33,70
LAP-2052,Laptop Lenovo ThinkPad X1 Carbon S,"Equipo portátil para trabajo pesado, edición de video y multitarea.",1800.24,43
TEL-2053,Teléfono Xiaomi 13 Pro S,Smartphone de gama alta con pantalla AMOLED y cámara de alta resolución.,566.31,99
AUD-2054,Audífonos Sennheiser Momentum 4 S,Auriculares in-ear con audio espacial y estuche de carga inalámbrica.,423.09,15
MON-2055,Monitor BenQ EW3270U S,Monitor curvo e inmersivo con panel IPS e iluminación de baja fatiga visual.,337.19,24
REL-2056,Reloj Huawei Watch GT 3 S,Reloj inteligente elegante con control de notificaciones y seguimiento fit.,1701.47,65
TECL-2057,Teclado Redragon Kumara K552 S,Teclado mecánico gamer con retroiluminación RGB configurable.,1806.97,59
RAT-2058,Ratón Microsoft Bluetooth Ergonomic S,Ratón gamer ligero de alta precisión con sensor óptico de alta definición.,303.65,15
TAB-2059,Tableta Huawei MatePad 11 S,Dispositivo multimedia portátil con altavoces estéreo y gran autonomía.,802.67,59
ACC-2060,Webcam Logitech C920 HD Pro SE,Componente de conectividad portátil para expandir los puertos de tus dispositivos.,1099.48,38
CAM-2061,Cámara Canon EOS M50 SE,Cámara mirrorless compacta con resolución 4K y sensor APS-C.,698.03,37
LAP-2062,Laptop Lenovo ThinkPad X1 Carbon SE,Laptop gamer de última generación con tarjeta gráfica dedicada y pantalla 144Hz.,1678.44,80
TEL-2063,Teléfono Xiaomi 13 Pro SE,"Dispositivo con carga superrápida, batería de larga duración y pantalla de 120Hz.",1590.38,20
AUD-2064,Audífonos Sennheiser Momentum 4 SE,Diadema ergonómica con graves profundos y batería de más de 30 horas.,1349.99,85
MON-2065,Monitor BenQ EW3270U SE,Monitor gaming con tasa de refresco rápida y tiempo de respuesta de 1ms.,1195.58,33
REL-2066,Reloj Huawei Watch GT 3 SE,Smartwatch deportivo resistente al agua con sensores de salud avanzados.,1357.66,38
TECL-2067,Teclado Redragon Kumara K552 SE,Teclado mecánico compacto hot-swappable ideal para programación y oficina.,188.46,26
RAT-2068,Ratón Microsoft Bluetooth Ergonomic SE,Ratón óptico ultraligero con cable mallado suave y deslizamiento perfecto.,1479.76,92
TAB-2069,Tableta Huawei MatePad 11 SE,Tableta versátil con pantalla de alta resolución ideal para estudio y entretenimiento.,698.35,34
ACC-2070,Webcam Logitech C920 HD Pro Max,Dispositivo de almacenamiento rápido y confiable para respaldos de datos.,751.85,10
CAM-2071,Cámara Canon EOS M50 Max,Cámara de acción resistente al agua con estabilización de imagen avanzada.,19.55,20
LAP-2072,Laptop Lenovo ThinkPad X1 Carbon Max,"Equipo portátil para trabajo pesado, edición de video y multitarea.",664.83,100
TEL-2073,Teléfono Xiaomi 13 Pro Max,Smartphone de gama alta con pantalla AMOLED y cámara de alta resolución.,1677.92,76
AUD-2074,Audífonos Sennheiser Momentum 4 Max,Auriculares in-ear con audio espacial y estuche de carga inalámbrica.,1250.90,32
MON-2075,Monitor BenQ EW3270U Max,Monitor curvo e inmersivo con panel IPS e iluminación de baja fatiga visual.,1765.12,42
REL-2076,Reloj Huawei Watch GT 3 Max,Reloj inteligente elegante con control de notificaciones y seguimiento fit.,384.48,11
TECL-2077,Teclado Redragon Kumara K552 Max,Teclado mecánico gamer con retroiluminación RGB configurable.,666.21,9
RAT-2078,Ratón Microsoft Bluetooth Ergonomic Max,Ratón gamer ligero de alta precisión con sensor óptico de alta definición.,1842.17,25
TAB-2079,Tableta Huawei MatePad 11 Max,Dispositivo multimedia portátil con altavoces estéreo y gran autonomía.,874.37,25
ACC-2080,Webcam Logitech C920 HD Pro v1,Componente de conectividad portátil para expandir los puertos de tus dispositivos.,93.00,54
CAM-2081,Cámara Canon EOS M50 v1,Cámara mirrorless compacta con resolución 4K y sensor APS-C.,909.18,89
LAP-2082,Laptop Lenovo ThinkPad X1 Carbon v1,Laptop gamer de última generación con tarjeta gráfica dedicada y pantalla 144Hz.,1419.96,10
TEL-2083,Teléfono Xiaomi 13 Pro v1,"Dispositivo con carga superrápida, batería de larga duración y pantalla de 120Hz.",1885.70,88
AUD-2084,Audífonos Sennheiser Momentum 4 v1,Diadema ergonómica con graves profundos y batería de más de 30 horas.,834.52,78
MON-2085,Monitor BenQ EW3270U v1,Monitor gaming con tasa de refresco rápida y tiempo de respuesta de 1ms.,187.98,95
REL-2086,Reloj Huawei Watch GT 3 v1,Smartwatch deportivo resistente al agua con sensores de salud avanzados.,1201.29,93
TECL-2087,Teclado Redragon Kumara K552 v1,Teclado mecánico compacto hot-swappable ideal para programación y oficina.,257.82,20
RAT-2088,Ratón Microsoft Bluetooth Ergonomic v1,Ratón óptico ultraligero con cable mallado suave y deslizamiento perfecto.,1077.95,94
TAB-2089,Tableta Huawei MatePad 11 v1,Tableta versátil con pantalla de alta resolución ideal para estudio y entretenimiento.,1765.09,49
ACC-2090,Webcam Logitech C920 HD Pro v2,Dispositivo de almacenamiento rápido y confiable para respaldos de datos.,486.12,80
CAM-2091,Cámara Canon EOS M50 v2,Cámara de acción resistente al agua con estabilización de imagen avanzada.,570.11,12
LAP-2092,Laptop Lenovo ThinkPad X1 Carbon v2,"Equipo portátil para trabajo pesado, edición de video y multitarea.",1498.46,93
TEL-2093,Teléfono Xiaomi 13 Pro v2,Smartphone de gama alta con pantalla AMOLED y cámara de alta resolución.,825.33,71
AUD-2094,Audífonos Sennheiser Momentum 4 v2,Auriculares in-ear con audio espacial y estuche de carga inalámbrica.,112.91,2
MON-2095,Monitor BenQ EW3270U v2,Monitor curvo e inmersivo con panel IPS e iluminación de baja fatiga visual.,1071.68,63
REL-2096,Reloj Huawei Watch GT 3 v2,Reloj inteligente elegante con control de notificaciones y seguimiento fit.,52.44,13
TECL-2097,Teclado Redragon Kumara K552 v2,Teclado mecánico gamer con retroiluminación RGB configurable.,171.91,50
RAT-2098,Ratón Microsoft Bluetooth Ergonomic v2,Ratón gamer ligero de alta precisión con sensor óptico de alta definición.,460.42,95
TAB-2099,Tableta Huawei MatePad 11 v2,Dispositivo multimedia portátil con altavoces estéreo y gran autonomía.,1600.27,91
ACC-2100,Webcam Logitech C920 HD Pro Pro,Componente de conectividad portátil para expandir los puertos de tus dispositivos.,1455.41,61
CAM-2101,Cámara Canon EOS M50 Pro,Cámara mirrorless compacta con resolución 4K y sensor APS-C.,1374.85,90
LAP-2102,Laptop Lenovo ThinkPad X1 Carbon Pro,Laptop gamer de última generación con tarjeta gráfica dedicada y pantalla 144Hz.,582.01,65
TEL-2103,Teléfono Xiaomi 13 Pro Pro,"Dispositivo con carga superrápida, batería de larga duración y pantalla de 120Hz.",1481.80,66
AUD-2104,Audífonos Sennheiser Momentum 4 Pro,Diadema ergonómica con graves profundos y batería de más de 30 horas.,361.35,27
MON-2105,Monitor BenQ EW3270U Pro,Monitor gaming con tasa de refresco rápida y tiempo de respuesta de 1ms.,291.32,55
REL-2106,Reloj Huawei Watch GT 3 Pro,Smartwatch deportivo resistente al agua con sensores de salud avanzados.,734.73,75
TECL-2107,Teclado Redragon Kumara K552 Pro,Teclado mecánico compacto hot-swappable ideal para programación y oficina.,1477.18,88
RAT-2108,Ratón Microsoft Bluetooth Ergonomic Pro,Ratón óptico ultraligero con cable mallado suave y deslizamiento perfecto.,1502.87,33
TAB-2109,Tableta Huawei MatePad 11 Pro,Tableta versátil con pantalla de alta resolución ideal para estudio y entretenimiento.,761.36,56
ACC-2110,Webcam Logitech C920 HD Pro Plus,Dispositivo de almacenamiento rápido y confiable para respaldos de datos.,230.01,64
CAM-2111,Cámara Canon EOS M50 Plus,Cámara de acción resistente al agua con estabilización de imagen avanzada.,670.01,48
LAP-2112,Laptop Lenovo ThinkPad X1 Carbon Plus,"Equipo portátil para trabajo pesado, edición de video y multitarea.",192.88,64
TEL-2113,Teléfono Xiaomi 13 Pro Plus,Smartphone de gama alta con pantalla AMOLED y cámara de alta resolución.,36.66,34
AUD-2114,Audífonos Sennheiser Momentum 4 Plus,Auriculares in-ear con audio espacial y estuche de carga inalámbrica.,1885.17,28
MON-2115,Monitor BenQ EW3270U Plus,Monitor curvo e inmersivo con panel IPS e iluminación de baja fatiga visual.,682.51,45
REL-2116,Reloj Huawei Watch GT 3 Plus,Reloj inteligente elegante con control de notificaciones y seguimiento fit.,1091.51,84
TECL-2117,Teclado Redragon Kumara K552 Plus,Teclado mecánico gamer con retroiluminación RGB configurable.,376.85,58
RAT-2118,Ratón Microsoft Bluetooth Ergonomic Plus,Ratón gamer ligero de alta precisión con sensor óptico de alta definición.,825.66,82
TAB-2119,Tableta Huawei MatePad 11 Plus,Dispositivo multimedia portátil con altavoces estéreo y gran autonomía.,348.17,36
ACC-2120,Webcam Logitech C920 HD Pro Ultra,Componente de conectividad portátil para expandir los puertos de tus dispositivos.,1802.95,57
CAM-2121,Cámara Canon EOS M50 Ultra,Cámara mirrorless compacta con resolución 4K y sensor APS-C.,1702.89,5
LAP-2122,Laptop Lenovo ThinkPad X1 Carbon Ultra,Laptop gamer de última generación con tarjeta gráfica dedicada y pantalla 144Hz.,753.22,58
TEL-2123,Teléfono Xiaomi 13 Pro Ultra,"Dispositivo con carga superrápida, batería de larga duración y pantalla de 120Hz.",1342.59,53
AUD-2124,Audífonos Sennheiser Momentum 4 Ultra,Diadema ergonómica con graves profundos y batería de más de 30 horas.,32.99,18
MON-2125,Monitor BenQ EW3270U Ultra,Monitor gaming con tasa de refresco rápida y tiempo de respuesta de 1ms.,606.19,99
REL-2126,Reloj Huawei Watch GT 3 Ultra,Smartwatch deportivo resistente al agua con sensores de salud avanzados.,483.83,67
TECL-2127,Teclado Redragon Kumara K552 Ultra,Teclado mecánico compacto hot-swappable ideal para programación y oficina.,247.81,73
RAT-2128,Ratón Microsoft Bluetooth Ergonomic Ultra,Ratón óptico ultraligero con cable mallado suave y deslizamiento perfecto.,236.10,50
TAB-2129,Tableta Huawei MatePad 11 Ultra,Tableta versátil con pantalla de alta resolución ideal para estudio y entretenimiento.,307.58,37
ACC-2130,Webcam Logitech C920 HD Pro Lite,Dispositivo de almacenamiento rápido y confiable para respaldos de datos.,441.94,38
CAM-2131,Cámara Canon EOS M50 Lite,Cámara de acción resistente al agua con estabilización de imagen avanzada.,1205.22,91
LAP-2132,Laptop Lenovo ThinkPad X1 Carbon Lite,"Equipo portátil para trabajo pesado, edición de video y multitarea.",856.90,19
TEL-2133,Teléfono Xiaomi 13 Pro Lite,Smartphone de gama alta con pantalla AMOLED y cámara de alta resolución.,93.90,45
AUD-2134,Audífonos Sennheiser Momentum 4 Lite,Auriculares in-ear con audio espacial y estuche de carga inalámbrica.,881.24,70
MON-2135,Monitor BenQ EW3270U Lite,Monitor curvo e inmersivo con panel IPS e iluminación de baja fatiga visual.,1159.68,98
REL-2136,Reloj Huawei Watch GT 3 Lite,Reloj inteligente elegante con control de notificaciones y seguimiento fit.,333.32,4
TECL-2137,Teclado Redragon Kumara K552 Lite,Teclado mecánico gamer con retroiluminación RGB configurable.,1093.24,46
RAT-2138,Ratón Microsoft Bluetooth Ergonomic Lite,Ratón gamer ligero de alta precisión con sensor óptico de alta definición.,1077.36,45
TAB-2139,Tableta Huawei MatePad 11 Lite,Dispositivo multimedia portátil con altavoces estéreo y gran autonomía.,1249.61,84
ACC-2140,Webcam Logitech C920 HD Pro Edition 2024,Componente de conectividad portátil para expandir los puertos de tus dispositivos.,1094.73,48
CAM-2141,Cámara Canon EOS M50 Edition 2024,Cámara mirrorless compacta con resolución 4K y sensor APS-C.,1730.03,70
LAP-2142,Laptop Lenovo ThinkPad X1 Carbon Edition 2024,Laptop gamer de última generación con tarjeta gráfica dedicada y pantalla 144Hz.,1776.29,87
TEL-2143,Teléfono Xiaomi 13 Pro Edition 2024,"Dispositivo con carga superrápida, batería de larga duración y pantalla de 120Hz.",989.47,1
AUD-2144,Audífonos Sennheiser Momentum 4 Edition 2024,Diadema ergonómica con graves profundos y batería de más de 30 horas.,1667.60,53
MON-2145,Monitor BenQ EW3270U Edition 2024,Monitor gaming con tasa de refresco rápida y tiempo de respuesta de 1ms.,726.40,90
REL-2146,Reloj Huawei Watch GT 3 Edition 2024,Smartwatch deportivo resistente al agua con sensores de salud avanzados.,1668.18,24
TECL-2147,Teclado Redragon Kumara K552 Edition 2024,Teclado mecánico compacto hot-swappable ideal para programación y oficina.,331.23,53
RAT-2148,Ratón Microsoft Bluetooth Ergonomic Edition 2024,Ratón óptico ultraligero con cable mallado suave y deslizamiento perfecto.,1697.19,94
TAB-2149,Tableta Huawei MatePad 11 Edition 2024,Tableta versátil con pantalla de alta resolución ideal para estudio y entretenimiento.,1500.93,1
ACC-2150,Webcam Logitech C920 HD Pro Special Edition,Dispositivo de almacenamiento rápido y confiable para respaldos de datos.,727.10,72
CAM-2151,Cámara Canon EOS M50 Special Edition,Cámara de acción resistente al agua con estabilización de imagen avanzada.,1142.56,59
LAP-2152,Laptop Lenovo ThinkPad X1 Carbon Special Edition,"Equipo portátil para trabajo pesado, edición de video y multitarea.",1840.80,30
TEL-2153,Teléfono Xiaomi 13 Pro Special Edition,Smartphone de gama alta con pantalla AMOLED y cámara de alta resolución.,1878.74,2
AUD-2154,Audífonos Sennheiser Momentum 4 Special Edition,Auriculares in-ear con audio espacial y estuche de carga inalámbrica.,1730.65,91
MON-2155,Monitor BenQ EW3270U Special Edition,Monitor curvo e inmersivo con panel IPS e iluminación de baja fatiga visual.,53.85,96
REL-2156,Reloj Huawei Watch GT 3 Special Edition,Reloj inteligente elegante con control de notificaciones y seguimiento fit.,1219.23,56
TECL-2157,Teclado Redragon Kumara K552 Special Edition,Teclado mecánico gamer con retroiluminación RGB configurable.,1468.79,47
RAT-2158,Ratón Microsoft Bluetooth Ergonomic Special Edition,Ratón gamer ligero de alta precisión con sensor óptico de alta definición.,1046.83,99
TAB-2159,Tableta Huawei MatePad 11 Special Edition,Dispositivo multimedia portátil con altavoces estéreo y gran autonomía.,614.79,82
ACC-2160,Webcam Logitech C920 HD Pro Edición Negra,Componente de conectividad portátil para expandir los puertos de tus dispositivos.,548.09,54
CAM-2161,Cámara Canon EOS M50 Edición Negra,Cámara mirrorless compacta con resolución 4K y sensor APS-C.,1687.35,89
LAP-2162,Laptop Lenovo ThinkPad X1 Carbon Edición Negra,Laptop gamer de última generación con tarjeta gráfica dedicada y pantalla 144Hz.,1055.87,76
TEL-2163,Teléfono Xiaomi 13 Pro Edición Negra,"Dispositivo con carga superrápida, batería de larga duración y pantalla de 120Hz.",1004.10,39
AUD-2164,Audífonos Sennheiser Momentum 4 Edición Negra,Diadema ergonómica con graves profundos y batería de más de 30 horas.,576.29,89
MON-2165,Monitor BenQ EW3270U Edición Negra,Monitor gaming con tasa de refresco rápida y tiempo de respuesta de 1ms.,1718.67,75
REL-2166,Reloj Huawei Watch GT 3 Edición Negra,Smartwatch deportivo resistente al agua con sensores de salud avanzados.,257.07,16
TECL-2167,Teclado Redragon Kumara K552 Edición Negra,Teclado mecánico compacto hot-swappable ideal para programación y oficina.,1134.47,53
RAT-2168,Ratón Microsoft Bluetooth Ergonomic Edición Negra,Ratón óptico ultraligero con cable mallado suave y deslizamiento perfecto.,1557.72,77
TAB-2169,Tableta Huawei MatePad 11 Edición Negra,Tableta versátil con pantalla de alta resolución ideal para estudio y entretenimiento.,639.64,91
ACC-2170,Webcam Logitech C920 HD Pro Edición Plata,Dispositivo de almacenamiento rápido y confiable para respaldos de datos.,1617.88,55
CAM-2171,Cámara Canon EOS M50 Edición Plata,Cámara de acción resistente al agua con estabilización de imagen avanzada.,460.99,97
LAP-2172,Laptop Lenovo ThinkPad X1 Carbon Edición Plata,"Equipo portátil para trabajo pesado, edición de video y multitarea.",1899.55,67
TEL-2173,Teléfono Xiaomi 13 Pro Edición Plata,Smartphone de gama alta con pantalla AMOLED y cámara de alta resolución.,1283.00,55
AUD-2174,Audífonos Sennheiser Momentum 4 Edición Plata,Auriculares in-ear con audio espacial y estuche de carga inalámbrica.,115.07,31
MON-2175,Monitor BenQ EW3270U Edición Plata,Monitor curvo e inmersivo con panel IPS e iluminación de baja fatiga visual.,696.63,23
REL-2176,Reloj Huawei Watch GT 3 Edición Plata,Reloj inteligente elegante con control de notificaciones y seguimiento fit.,335.82,100
TECL-2177,Teclado Redragon Kumara K552 Edición Plata,Teclado mecánico gamer con retroiluminación RGB configurable.,1385.88,87
RAT-2178,Ratón Microsoft Bluetooth Ergonomic Edición Plata,Ratón gamer ligero de alta precisión con sensor óptico de alta definición.,1368.33,7
TAB-2179,Tableta Huawei MatePad 11 Edición Plata,Dispositivo multimedia portátil con altavoces estéreo y gran autonomía.,664.24,62
ACC-2180,Webcam Logitech C920 HD Pro S,Componente de conectividad portátil para expandir los puertos de tus dispositivos.,327.11,75
CAM-2181,Cámara Canon EOS M50 S,Cámara mirrorless compacta con resolución 4K y sensor APS-C.,289.96,62
LAP-2182,Laptop Lenovo ThinkPad X1 Carbon S,Laptop gamer de última generación con tarjeta gráfica dedicada y pantalla 144Hz.,535.68,94
TEL-2183,Teléfono Xiaomi 13 Pro S,"Dispositivo con carga superrápida, batería de larga duración y pantalla de 120Hz.",964.60,62
AUD-2184,Audífonos Sennheiser Momentum 4 S,Diadema ergonómica con graves profundos y batería de más de 30 horas.,103.32,25
MON-2185,Monitor BenQ EW3270U S,Monitor gaming con tasa de refresco rápida y tiempo de respuesta de 1ms.,1798.78,82
REL-2186,Reloj Huawei Watch GT 3 S,Smartwatch deportivo resistente al agua con sensores de salud avanzados.,213.64,86
TECL-2187,Teclado Redragon Kumara K552 S,Teclado mecánico compacto hot-swappable ideal para programación y oficina.,251.15,90
RAT-2188,Ratón Microsoft Bluetooth Ergonomic S,Ratón óptico ultraligero con cable mallado suave y deslizamiento perfecto.,1493.94,68
TAB-2189,Tableta Huawei MatePad 11 S,Tableta versátil con pantalla de alta resolución ideal para estudio y entretenimiento.,156.02,92
ACC-2190,Webcam Logitech C920 HD Pro SE,Dispositivo de almacenamiento rápido y confiable para respaldos de datos.,1111.71,6
CAM-2191,Cámara Canon EOS M50 SE,Cámara de acción resistente al agua con estabilización de imagen avanzada.,330.50,47
LAP-2192,Laptop Lenovo ThinkPad X1 Carbon SE,"Equipo portátil para trabajo pesado, edición de video y multitarea.",1646.92,47
TEL-2193,Teléfono Xiaomi 13 Pro SE,Smartphone de gama alta con pantalla AMOLED y cámara de alta resolución.,1853.52,9
AUD-2194,Audífonos Sennheiser Momentum 4 SE,Auriculares in-ear con audio espacial y estuche de carga inalámbrica.,739.65,17
MON-2195,Monitor BenQ EW3270U SE,Monitor curvo e inmersivo con panel IPS e iluminación de baja fatiga visual.,1280.73,15
REL-2196,Reloj Huawei Watch GT 3 SE,Reloj inteligente elegante con control de notificaciones y seguimiento fit.,214.66,47
TECL-2197,Teclado Redragon Kumara K552 SE,Teclado mecánico gamer con retroiluminación RGB configurable.,1231.48,3
RAT-2198,Ratón Microsoft Bluetooth Ergonomic SE,Ratón gamer ligero de alta precisión con sensor óptico de alta definición.,1378.25,9
TAB-2199,Tableta Huawei MatePad 11 SE,Dispositivo multimedia portátil con altavoces estéreo y gran autonomía.,1810.33,96
ACC-2200,Webcam Logitech C920 HD Pro Max,Componente de conectividad portátil para expandir los puertos de tus dispositivos.,653.18,99
CAM-2201,Cámara Canon EOS M50 Max,Cámara mirrorless compacta con resolución 4K y sensor APS-C.,1451.13,54
LAP-2202,Laptop Lenovo ThinkPad X1 Carbon Max,Laptop gamer de última generación con tarjeta gráfica dedicada y pantalla 144Hz.,47.51,100
TEL-2203,Teléfono Xiaomi 13 Pro Max,"Dispositivo con carga superrápida, batería de larga duración y pantalla de 120Hz.",1025.96,67
AUD-2204,Audífonos Sennheiser Momentum 4 Max,Diadema ergonómica con graves profundos y batería de más de 30 horas.,1804.31,9
MON-2205,Monitor BenQ EW3270U Max,Monitor gaming con tasa de refresco rápida y tiempo de respuesta de 1ms.,1082.72,16
REL-2206,Reloj Huawei Watch GT 3 Max,Smartwatch deportivo resistente al agua con sensores de salud avanzados.,1771.28,91
TECL-2207,Teclado Redragon Kumara K552 Max,Teclado mecánico compacto hot-swappable ideal para programación y oficina.,1341.42,44
RAT-2208,Ratón Microsoft Bluetooth Ergonomic Max,Ratón óptico ultraligero con cable mallado suave y deslizamiento perfecto.,243.87,27
TAB-2209,Tableta Huawei MatePad 11 Max,Tableta versátil con pantalla de alta resolución ideal para estudio y entretenimiento.,135.12,60
ACC-2210,Webcam Logitech C920 HD Pro v1,Dispositivo de almacenamiento rápido y confiable para respaldos de datos.,1385.17,14
CAM-2211,Cámara Canon EOS M50 v1,Cámara de acción resistente al agua con estabilización de imagen avanzada.,966.30,85
LAP-2212,Laptop Lenovo ThinkPad X1 Carbon v1,"Equipo portátil para trabajo pesado, edición de video y multitarea.",983.84,26
TEL-2213,Teléfono Xiaomi 13 Pro v1,Smartphone de gama alta con pantalla AMOLED y cámara de alta resolución.,581.93,68
AUD-2214,Audífonos Sennheiser Momentum 4 v1,Auriculares in-ear con audio espacial y estuche de carga inalámbrica.,1710.74,90
MON-2215,Monitor BenQ EW3270U v1,Monitor curvo e inmersivo con panel IPS e iluminación de baja fatiga visual.,430.15,72
REL-2216,Reloj Huawei Watch GT 3 v1,Reloj inteligente elegante con control de notificaciones y seguimiento fit.,1122.41,43
TECL-2217,Teclado Redragon Kumara K552 v1,Teclado mecánico gamer con retroiluminación RGB configurable.,351.57,15
RAT-2218,Ratón Microsoft Bluetooth Ergonomic v1,Ratón gamer ligero de alta precisión con sensor óptico de alta definición.,177.06,90
TAB-2219,Tableta Huawei MatePad 11 v1,Dispositivo multimedia portátil con altavoces estéreo y gran autonomía.,1274.23,29
ACC-2220,Webcam Logitech C920 HD Pro v2,Componente de conectividad portátil para expandir los puertos de tus dispositivos.,1128.94,27
CAM-2221,Cámara Canon EOS M50 v2,Cámara mirrorless compacta con resolución 4K y sensor APS-C.,1424.23,64
LAP-2222,Laptop Lenovo ThinkPad X1 Carbon v2,Laptop gamer de última generación con tarjeta gráfica dedicada y pantalla 144Hz.,418.24,36
TEL-2223,Teléfono Xiaomi 13 Pro v2,"Dispositivo con carga superrápida, batería de larga duración y pantalla de 120Hz.",1421.10,35
AUD-2224,Audífonos Sennheiser Momentum 4 v2,Diadema ergonómica con graves profundos y batería de más de 30 horas.,1401.87,90
MON-2225,Monitor BenQ EW3270U v2,Monitor gaming con tasa de refresco rápida y tiempo de respuesta de 1ms.,362.65,5
REL-2226,Reloj Huawei Watch GT 3 v2,Smartwatch deportivo resistente al agua con sensores de salud avanzados.,165.00,98
TECL-2227,Teclado Redragon Kumara K552 v2,Teclado mecánico compacto hot-swappable ideal para programación y oficina.,1555.69,35
RAT-2228,Ratón Microsoft Bluetooth Ergonomic v2,Ratón óptico ultraligero con cable mallado suave y deslizamiento perfecto.,549.75,39
TAB-2229,Tableta Huawei MatePad 11 v2,Tableta versátil con pantalla de alta resolución ideal para estudio y entretenimiento.,852.09,90
ACC-2230,Webcam Logitech C920 HD Pro Pro,Dispositivo de almacenamiento rápido y confiable para respaldos de datos.,329.48,47
CAM-2231,Cámara Canon EOS M50 Pro,Cámara de acción resistente al agua con estabilización de imagen avanzada.,1513.20,30
LAP-2232,Laptop Lenovo ThinkPad X1 Carbon Pro,"Equipo portátil para trabajo pesado, edición de video y multitarea.",1424.31,5
TEL-2233,Teléfono Xiaomi 13 Pro Pro,Smartphone de gama alta con pantalla AMOLED y cámara de alta resolución.,962.22,11
AUD-2234,Audífonos Sennheiser Momentum 4 Pro,Auriculares in-ear con audio espacial y estuche de carga inalámbrica.,1499.35,11
MON-2235,Monitor BenQ EW3270U Pro,Monitor curvo e inmersivo con panel IPS e iluminación de baja fatiga visual.,503.73,92
REL-2236,Reloj Huawei Watch GT 3 Pro,Reloj inteligente elegante con control de notificaciones y seguimiento fit.,1053.06,23
TECL-2237,Teclado Redragon Kumara K552 Pro,Teclado mecánico gamer con retroiluminación RGB configurable.,131.55,42
RAT-2238,Ratón Microsoft Bluetooth Ergonomic Pro,Ratón gamer ligero de alta precisión con sensor óptico de alta definición.,1353.67,25
TAB-2239,Tableta Huawei MatePad 11 Pro,Dispositivo multimedia portátil con altavoces estéreo y gran autonomía.,496.39,30
ACC-2240,Webcam Logitech C920 HD Pro Plus,Componente de conectividad portátil para expandir los puertos de tus dispositivos.,1453.63,45
CAM-2241,Cámara Canon EOS M50 Plus,Cámara mirrorless compacta con resolución 4K y sensor APS-C.,1137.24,68
LAP-2242,Laptop Lenovo ThinkPad X1 Carbon Plus,Laptop gamer de última generación con tarjeta gráfica dedicada y pantalla 144Hz.,970.65,74
TEL-2243,Teléfono Xiaomi 13 Pro Plus,"Dispositivo con carga superrápida, batería de larga duración y pantalla de 120Hz.",852.68,51
AUD-2244,Audífonos Sennheiser Momentum 4 Plus,Diadema ergonómica con graves profundos y batería de más de 30 horas.,1054.83,17
MON-2245,Monitor BenQ EW3270U Plus,Monitor gaming con tasa de refresco rápida y tiempo de respuesta de 1ms.,266.62,54
REL-2246,Reloj Huawei Watch GT 3 Plus,Smartwatch deportivo resistente al agua con sensores de salud avanzados.,1253.00,6
TECL-2247,Teclado Redragon Kumara K552 Plus,Teclado mecánico compacto hot-swappable ideal para programación y oficina.,1161.16,2
RAT-2248,Ratón Microsoft Bluetooth Ergonomic Plus,Ratón óptico ultraligero con cable mallado suave y deslizamiento perfecto.,567.37,10
TAB-2249,Tableta Huawei MatePad 11 Plus,Tableta versátil con pantalla de alta resolución ideal para estudio y entretenimiento.,604.90,90
ACC-2250,Webcam Logitech C920 HD Pro Ultra,Dispositivo de almacenamiento rápido y confiable para respaldos de datos.,905.94,51
CAM-2251,Cámara Canon EOS M50 Ultra,Cámara de acción resistente al agua con estabilización de imagen avanzada.,103.13,39
LAP-2252,Laptop Lenovo ThinkPad X1 Carbon Ultra,"Equipo portátil para trabajo pesado, edición de video y multitarea.",301.22,25
TEL-2253,Teléfono Xiaomi 13 Pro Ultra,Smartphone de gama alta con pantalla AMOLED y cámara de alta resolución.,875.11,64
AUD-2254,Audífonos Sennheiser Momentum 4 Ultra,Auriculares in-ear con audio espacial y estuche de carga inalámbrica.,368.95,4
MON-2255,Monitor BenQ EW3270U Ultra,Monitor curvo e inmersivo con panel IPS e iluminación de baja fatiga visual.,1710.91,77
REL-2256,Reloj Huawei Watch GT 3 Ultra,Reloj inteligente elegante con control de notificaciones y seguimiento fit.,1857.34,15
TECL-2257,Teclado Redragon Kumara K552 Ultra,Teclado mecánico gamer con retroiluminación RGB configurable.,77.73,69
RAT-2258,Ratón Microsoft Bluetooth Ergonomic Ultra,Ratón gamer ligero de alta precisión con sensor óptico de alta definición.,139.96,85
TAB-2259,Tableta Huawei MatePad 11 Ultra,Dispositivo multimedia portátil con altavoces estéreo y gran autonomía.,221.62,35
ACC-2260,Webcam Logitech C920 HD Pro Lite,Componente de conectividad portátil para expandir los puertos de tus dispositivos.,506.40,87
CAM-2261,Cámara Canon EOS M50 Lite,Cámara mirrorless compacta con resolución 4K y sensor APS-C.,587.75,71
LAP-2262,Laptop Lenovo ThinkPad X1 Carbon Lite,Laptop gamer de última generación con tarjeta gráfica dedicada y pantalla 144Hz.,1733.15,27
TEL-2263,Teléfono Xiaomi 13 Pro Lite,"Dispositivo con carga superrápida, batería de larga duración y pantalla de 120Hz.",106.28,59
AUD-2264,Audífonos Sennheiser Momentum 4 Lite,Diadema ergonómica con graves profundos y batería de más de 30 horas.,1898.64,92
MON-2265,Monitor BenQ EW3270U Lite,Monitor gaming con tasa de refresco rápida y tiempo de respuesta de 1ms.,105.95,37
REL-2266,Reloj Huawei Watch GT 3 Lite,Smartwatch deportivo resistente al agua con sensores de salud avanzados.,1797.71,99
TECL-2267,Teclado Redragon Kumara K552 Lite,Teclado mecánico compacto hot-swappable ideal para programación y oficina.,1023.03,85
RAT-2268,Ratón Microsoft Bluetooth Ergonomic Lite,Ratón óptico ultraligero con cable mallado suave y deslizamiento perfecto.,334.90,35
TAB-2269,Tableta Huawei MatePad 11 Lite,Tableta versátil con pantalla de alta resolución ideal para estudio y entretenimiento.,1090.33,73
ACC-2270,Webcam Logitech C920 HD Pro Edition 2024,Dispositivo de almacenamiento rápido y confiable para respaldos de datos.,542.08,77
CAM-2271,Cámara Canon EOS M50 Edition 2024,Cámara de acción resistente al agua con estabilización de imagen avanzada.,819.84,47
LAP-2272,Laptop Lenovo ThinkPad X1 Carbon Edition 2024,"Equipo portátil para trabajo pesado, edición de video y multitarea.",527.29,22
TEL-2273,Teléfono Xiaomi 13 Pro Edition 2024,Smartphone de gama alta con pantalla AMOLED y cámara de alta resolución.,1888.31,93
AUD-2274,Audífonos Sennheiser Momentum 4 Edition 2024,Auriculares in-ear con audio espacial y estuche de carga inalámbrica.,1370.01,78
MON-2275,Monitor BenQ EW3270U Edition 2024,Monitor curvo e inmersivo con panel IPS e iluminación de baja fatiga visual.,1809.38,48
REL-2276,Reloj Huawei Watch GT 3 Edition 2024,Reloj inteligente elegante con control de notificaciones y seguimiento fit.,761.64,20
TECL-2277,Teclado Redragon Kumara K552 Edition 2024,Teclado mecánico gamer con retroiluminación RGB configurable.,673.51,81
RAT-2278,Ratón Microsoft Bluetooth Ergonomic Edition 2024,Ratón gamer ligero de alta precisión con sensor óptico de alta definición.,282.24,4
TAB-2279,Tableta Huawei MatePad 11 Edition 2024,Dispositivo multimedia portátil con altavoces estéreo y gran autonomía.,862.38,65
ACC-2280,Webcam Logitech C920 HD Pro Special Edition,Componente de conectividad portátil para expandir los puertos de tus dispositivos.,1457.54,26
CAM-2281,Cámara Canon EOS M50 Special Edition,Cámara mirrorless compacta con resolución 4K y sensor APS-C.,614.99,95
LAP-2282,Laptop Lenovo ThinkPad X1 Carbon Special Edition,Laptop gamer de última generación con tarjeta gráfica dedicada y pantalla 144Hz.,338.51,8
TEL-2283,Teléfono Xiaomi 13 Pro Special Edition,"Dispositivo con carga superrápida, batería de larga duración y pantalla de 120Hz.",156.53,48
AUD-2284,Audífonos Sennheiser Momentum 4 Special Edition,Diadema ergonómica con graves profundos y batería de más de 30 horas.,688.09,62
MON-2285,Monitor BenQ EW3270U Special Edition,Monitor gaming con tasa de refresco rápida y tiempo de respuesta de 1ms.,1237.02,11
REL-2286,Reloj Huawei Watch GT 3 Special Edition,Smartwatch deportivo resistente al agua con sensores de salud avanzados.,736.74,19
TECL-2287,Teclado Redragon Kumara K552 Special Edition,Teclado mecánico compacto hot-swappable ideal para programación y oficina.,1262.47,84
RAT-2288,Ratón Microsoft Bluetooth Ergonomic Special Edition,Ratón óptico ultraligero con cable mallado suave y deslizamiento perfecto.,1189.63,46
TAB-2289,Tableta Huawei MatePad 11 Special Edition,Tableta versátil con pantalla de alta resolución ideal para estudio y entretenimiento.,1333.98,65
ACC-2290,Webcam Logitech C920 HD Pro Edición Negra,Dispositivo de almacenamiento rápido y confiable para respaldos de datos.,1228.24,84
CAM-2291,Cámara Canon EOS M50 Edición Negra,Cámara de acción resistente al agua con estabilización de imagen avanzada.,1581.20,14
LAP-2292,Laptop Lenovo ThinkPad X1 Carbon Edición Negra,"Equipo portátil para trabajo pesado, edición de video y multitarea.",579.79,75
TEL-2293,Teléfono Xiaomi 13 Pro Edición Negra,Smartphone de gama alta con pantalla AMOLED y cámara de alta resolución.,1085.28,59
AUD-2294,Audífonos Sennheiser Momentum 4 Edición Negra,Auriculares in-ear con audio espacial y estuche de carga inalámbrica.,1645.33,61
MON-2295,Monitor BenQ EW3270U Edición Negra,Monitor curvo e inmersivo con panel IPS e iluminación de baja fatiga visual.,542.53,72
REL-2296,Reloj Huawei Watch GT 3 Edición Negra,Reloj inteligente elegante con control de notificaciones y seguimiento fit.,954.84,1
TECL-2297,Teclado Redragon Kumara K552 Edición Negra,Teclado mecánico gamer con retroiluminación RGB configurable.,887.38,87
RAT-2298,Ratón Microsoft Bluetooth Ergonomic Edición Negra,Ratón gamer ligero de alta precisión con sensor óptico de alta definición.,1155.99,37
TAB-2299,Tableta Huawei MatePad 11 Edición Negra,Dispositivo multimedia portátil con altavoces estéreo y gran autonomía.,300.36,23
ACC-2300,Webcam Logitech C920 HD Pro Edición Plata,Componente de conectividad portátil para expandir los puertos de tus dispositivos.,900.33,39
CAM-2301,Cámara Canon EOS M50 Edición Plata,Cámara mirrorless compacta con resolución 4K y sensor APS-C.,1775.06,29
LAP-2302,Laptop Lenovo ThinkPad X1 Carbon Edición Plata,Laptop gamer de última generación con tarjeta gráfica dedicada y pantalla 144Hz.,1619.95,92
TEL-2303,Teléfono Xiaomi 13 Pro Edición Plata,"Dispositivo con carga superrápida, batería de larga duración y pantalla de 120Hz.",245.15,36
AUD-2304,Audífonos Sennheiser Momentum 4 Edición Plata,Diadema ergonómica con graves profundos y batería de más de 30 horas.,1059.93,59
MON-2305,Monitor BenQ EW3270U Edición Plata,Monitor gaming con tasa de refresco rápida y tiempo de respuesta de 1ms.,361.98,83
REL-2306,Reloj Huawei Watch GT 3 Edición Plata,Smartwatch deportivo resistente al agua con sensores de salud avanzados.,925.75,14
TECL-2307,Teclado Redragon Kumara K552 Edición Plata,Teclado mecánico compacto hot-swappable ideal para programación y oficina.,563.27,62
RAT-2308,Ratón Microsoft Bluetooth Ergonomic Edición Plata,Ratón óptico ultraligero con cable mallado suave y deslizamiento perfecto.,1831.29,5
TAB-2309,Tableta Huawei MatePad 11 Edición Plata,Tableta versátil con pantalla de alta resolución ideal para estudio y entretenimiento.,1310.12,35
ACC-2310,Webcam Logitech C920 HD Pro S,Dispositivo de almacenamiento rápido y confiable para respaldos de datos.,585.46,66
CAM-2311,Cámara Canon EOS M50 S,Cámara de acción resistente al agua con estabilización de imagen avanzada.,305.98,52
LAP-2312,Laptop Lenovo ThinkPad X1 Carbon S,"Equipo portátil para trabajo pesado, edición de video y multitarea.",1387.89,97
TEL-2313,Teléfono Xiaomi 13 Pro S,Smartphone de gama alta con pantalla AMOLED y cámara de alta resolución.,1648.06,63
AUD-2314,Audífonos Sennheiser Momentum 4 S,Auriculares in-ear con audio espacial y estuche de carga inalámbrica.,381.82,64
MON-2315,Monitor BenQ EW3270U S,Monitor curvo e inmersivo con panel IPS e iluminación de baja fatiga visual.,1886.41,35
REL-2316,Reloj Huawei Watch GT 3 S,Reloj inteligente elegante con control de notificaciones y seguimiento fit.,1672.57,59
TECL-2317,Teclado Redragon Kumara K552 S,Teclado mecánico gamer con retroiluminación RGB configurable.,737.23,20
RAT-2318,Ratón Microsoft Bluetooth Ergonomic S,Ratón gamer ligero de alta precisión con sensor óptico de alta definición.,209.49,40
TAB-2319,Tableta Huawei MatePad 11 S,Dispositivo multimedia portátil con altavoces estéreo y gran autonomía.,248.39,13
ACC-2320,Webcam Logitech C920 HD Pro SE,Componente de conectividad portátil para expandir los puertos de tus dispositivos.,939.32,45
CAM-2321,Cámara Canon EOS M50 SE,Cámara mirrorless compacta con resolución 4K y sensor APS-C.,670.37,35
LAP-2322,Laptop Lenovo ThinkPad X1 Carbon SE,Laptop gamer de última generación con tarjeta gráfica dedicada y pantalla 144Hz.,1298.32,53
TEL-2323,Teléfono Xiaomi 13 Pro SE,"Dispositivo con carga superrápida, batería de larga duración y pantalla de 120Hz.",1277.10,7
AUD-2324,Audífonos Sennheiser Momentum 4 SE,Diadema ergonómica con graves profundos y batería de más de 30 horas.,1812.53,51
MON-2325,Monitor BenQ EW3270U SE,Monitor gaming con tasa de refresco rápida y tiempo de respuesta de 1ms.,994.36,52
REL-2326,Reloj Huawei Watch GT 3 SE,Smartwatch deportivo resistente al agua con sensores de salud avanzados.,798.19,65
TECL-2327,Teclado Redragon Kumara K552 SE,Teclado mecánico compacto hot-swappable ideal para programación y oficina.,386.01,43
RAT-2328,Ratón Microsoft Bluetooth Ergonomic SE,Ratón óptico ultraligero con cable mallado suave y deslizamiento perfecto.,418.49,49
TAB-2329,Tableta Huawei MatePad 11 SE,Tableta versátil con pantalla de alta resolución ideal para estudio y entretenimiento.,1103.30,64
ACC-2330,Webcam Logitech C920 HD Pro Max,Dispositivo de almacenamiento rápido y confiable para respaldos de datos.,545.18,21
CAM-2331,Cámara Canon EOS M50 Max,Cámara de acción resistente al agua con estabilización de imagen avanzada.,543.86,96
LAP-2332,Laptop Lenovo ThinkPad X1 Carbon Max,"Equipo portátil para trabajo pesado, edición de video y multitarea.",332.15,57
TEL-2333,Teléfono Xiaomi 13 Pro Max,Smartphone de gama alta con pantalla AMOLED y cámara de alta resolución.,77.09,33
AUD-2334,Audífonos Sennheiser Momentum 4 Max,Auriculares in-ear con audio espacial y estuche de carga inalámbrica.,1146.19,50
MON-2335,Monitor BenQ EW3270U Max,Monitor curvo e inmersivo con panel IPS e iluminación de baja fatiga visual.,1136.31,2
REL-2336,Reloj Huawei Watch GT 3 Max,Reloj inteligente elegante con control de notificaciones y seguimiento fit.,874.60,66
TECL-2337,Teclado Redragon Kumara K552 Max,Teclado mecánico gamer con retroiluminación RGB configurable.,1148.43,96
RAT-2338,Ratón Microsoft Bluetooth Ergonomic Max,Ratón gamer ligero de alta precisión con sensor óptico de alta definición.,991.61,72
TAB-2339,Tableta Huawei MatePad 11 Max,Dispositivo multimedia portátil con altavoces estéreo y gran autonomía.,1399.09,70
ACC-2340,Webcam Logitech C920 HD Pro v1,Componente de conectividad portátil para expandir los puertos de tus dispositivos.,327.64,18
CAM-2341,Cámara Canon EOS M50 v1,Cámara mirrorless compacta con resolución 4K y sensor APS-C.,1596.21,56
LAP-2342,Laptop Lenovo ThinkPad X1 Carbon v1,Laptop gamer de última generación con tarjeta gráfica dedicada y pantalla 144Hz.,1066.94,84
TEL-2343,Teléfono Xiaomi 13 Pro v1,"Dispositivo con carga superrápida, batería de larga duración y pantalla de 120Hz.",985.43,68
AUD-2344,Audífonos Sennheiser Momentum 4 v1,Diadema ergonómica con graves profundos y batería de más de 30 horas.,725.76,39
MON-2345,Monitor BenQ EW3270U v1,Monitor gaming con tasa de refresco rápida y tiempo de respuesta de 1ms.,1241.09,64
REL-2346,Reloj Huawei Watch GT 3 v1,Smartwatch deportivo resistente al agua con sensores de salud avanzados.,1872.02,70
TECL-2347,Teclado Redragon Kumara K552 v1,Teclado mecánico compacto hot-swappable ideal para programación y oficina.,400.75,80
RAT-2348,Ratón Microsoft Bluetooth Ergonomic v1,Ratón óptico ultraligero con cable mallado suave y deslizamiento perfecto.,1841.87,70
TAB-2349,Tableta Huawei MatePad 11 v1,Tableta versátil con pantalla de alta resolución ideal para estudio y entretenimiento.,1208.60,46
ACC-2350,Webcam Logitech C920 HD Pro v2,Dispositivo de almacenamiento rápido y confiable para respaldos de datos.,1124.79,78
CAM-2351,Cámara Canon EOS M50 v2,Cámara de acción resistente al agua con estabilización de imagen avanzada.,908.61,60
LAP-2352,Laptop Lenovo ThinkPad X1 Carbon v2,"Equipo portátil para trabajo pesado, edición de video y multitarea.",1701.66,90
TEL-2353,Teléfono Xiaomi 13 Pro v2,Smartphone de gama alta con pantalla AMOLED y cámara de alta resolución.,1787.77,31
AUD-2354,Audífonos Sennheiser Momentum 4 v2,Auriculares in-ear con audio espacial y estuche de carga inalámbrica.,764.17,97
MON-2355,Monitor BenQ EW3270U v2,Monitor curvo e inmersivo con panel IPS e iluminación de baja fatiga visual.,565.54,3
REL-2356,Reloj Huawei Watch GT 3 v2,Reloj inteligente elegante con control de notificaciones y seguimiento fit.,1672.30,49
TECL-2357,Teclado Redragon Kumara K552 v2,Teclado mecánico gamer con retroiluminación RGB configurable.,1508.75,82
RAT-2358,Ratón Microsoft Bluetooth Ergonomic v2,Ratón gamer ligero de alta precisión con sensor óptico de alta definición.,1373.05,60
TAB-2359,Tableta Huawei MatePad 11 v2,Dispositivo multimedia portátil con altavoces estéreo y gran autonomía.,1063.88,11
ACC-2360,Webcam Logitech C920 HD Pro Pro,Componente de conectividad portátil para expandir los puertos de tus dispositivos.,893.47,94
CAM-2361,Cámara Canon EOS M50 Pro,Cámara mirrorless compacta con resolución 4K y sensor APS-C.,1429.62,6
LAP-2362,Laptop Lenovo ThinkPad X1 Carbon Pro,Laptop gamer de última generación con tarjeta gráfica dedicada y pantalla 144Hz.,1258.11,70
TEL-2363,Teléfono Xiaomi 13 Pro Pro,"Dispositivo con carga superrápida, batería de larga duración y pantalla de 120Hz.",1005.75,30
AUD-2364,Audífonos Sennheiser Momentum 4 Pro,Diadema ergonómica con graves profundos y batería de más de 30 horas.,548.18,34
MON-2365,Monitor BenQ EW3270U Pro,Monitor gaming con tasa de refresco rápida y tiempo de respuesta de 1ms.,1077.21,12
REL-2366,Reloj Huawei Watch GT 3 Pro,Smartwatch deportivo resistente al agua con sensores de salud avanzados.,1664.90,54
TECL-2367,Teclado Redragon Kumara K552 Pro,Teclado mecánico compacto hot-swappable ideal para programación y oficina.,728.63,81
RAT-2368,Ratón Microsoft Bluetooth Ergonomic Pro,Ratón óptico ultraligero con cable mallado suave y deslizamiento perfecto.,676.33,39
TAB-2369,Tableta Huawei MatePad 11 Pro,Tableta versátil con pantalla de alta resolución ideal para estudio y entretenimiento.,750.69,91
ACC-2370,Webcam Logitech C920 HD Pro Plus,Dispositivo de almacenamiento rápido y confiable para respaldos de datos.,746.13,2
CAM-2371,Cámara Canon EOS M50 Plus,Cámara de acción resistente al agua con estabilización de imagen avanzada.,1878.17,65
LAP-2372,Laptop Lenovo ThinkPad X1 Carbon Plus,"Equipo portátil para trabajo pesado, edición de video y multitarea.",977.31,56
TEL-2373,Teléfono Xiaomi 13 Pro Plus,Smartphone de gama alta con pantalla AMOLED y cámara de alta resolución.,770.92,69
AUD-2374,Audífonos Sennheiser Momentum 4 Plus,Auriculares in-ear con audio espacial y estuche de carga inalámbrica.,645.18,27
MON-2375,Monitor BenQ EW3270U Plus,Monitor curvo e inmersivo con panel IPS e iluminación de baja fatiga visual.,509.40,19
REL-2376,Reloj Huawei Watch GT 3 Plus,Reloj inteligente elegante con control de notificaciones y seguimiento fit.,1796.02,81
TECL-2377,Teclado Redragon Kumara K552 Plus,Teclado mecánico gamer con retroiluminación RGB configurable.,889.66,44
RAT-2378,Ratón Microsoft Bluetooth Ergonomic Plus,Ratón gamer ligero de alta precisión con sensor óptico de alta definición.,1590.06,41
TAB-2379,Tableta Huawei MatePad 11 Plus,Dispositivo multimedia portátil con altavoces estéreo y gran autonomía.,390.07,22
ACC-2380,Webcam Logitech C920 HD Pro Ultra,Componente de conectividad portátil para expandir los puertos de tus dispositivos.,802.91,25
CAM-2381,Cámara Canon EOS M50 Ultra,Cámara mirrorless compacta con resolución 4K y sensor APS-C.,415.26,47
LAP-2382,Laptop Lenovo ThinkPad X1 Carbon Ultra,Laptop gamer de última generación con tarjeta gráfica dedicada y pantalla 144Hz.,946.56,66
TEL-2383,Teléfono Xiaomi 13 Pro Ultra,"Dispositivo con carga superrápida, batería de larga duración y pantalla de 120Hz.",799.45,21
AUD-2384,Audífonos Sennheiser Momentum 4 Ultra,Diadema ergonómica con graves profundos y batería de más de 30 horas.,745.81,26
MON-2385,Monitor BenQ EW3270U Ultra,Monitor gaming con tasa de refresco rápida y tiempo de respuesta de 1ms.,1358.53,2
REL-2386,Reloj Huawei Watch GT 3 Ultra,Smartwatch deportivo resistente al agua con sensores de salud avanzados.,1152.46,42
TECL-2387,Teclado Redragon Kumara K552 Ultra,Teclado mecánico compacto hot-swappable ideal para programación y oficina.,1774.83,13
RAT-2388,Ratón Microsoft Bluetooth Ergonomic Ultra,Ratón óptico ultraligero con cable mallado suave y deslizamiento perfecto.,334.83,49
TAB-2389,Tableta Huawei MatePad 11 Ultra,Tableta versátil con pantalla de alta resolución ideal para estudio y entretenimiento.,1465.29,94
ACC-2390,Webcam Logitech C920 HD Pro Lite,Dispositivo de almacenamiento rápido y confiable para respaldos de datos.,930.92,9
CAM-2391,Cámara Canon EOS M50 Lite,Cámara de acción resistente al agua con estabilización de imagen avanzada.,440.54,38
LAP-2392,Laptop Lenovo ThinkPad X1 Carbon Lite,"Equipo portátil para trabajo pesado, edición de video y multitarea.",1566.44,95
TEL-2393,Teléfono Xiaomi 13 Pro Lite,Smartphone de gama alta con pantalla AMOLED y cámara de alta resolución.,91.25,98
AUD-2394,Audífonos Sennheiser Momentum 4 Lite,Auriculares in-ear con audio espacial y estuche de carga inalámbrica.,858.32,52
MON-2395,Monitor BenQ EW3270U Lite,Monitor curvo e inmersivo con panel IPS e iluminación de baja fatiga visual.,1351.06,84
REL-2396,Reloj Huawei Watch GT 3 Lite,Reloj inteligente elegante con control de notificaciones y seguimiento fit.,1011.71,27
TECL-2397,Teclado Redragon Kumara K552 Lite,Teclado mecánico gamer con retroiluminación RGB configurable.,156.39,91
RAT-2398,Ratón Microsoft Bluetooth Ergonomic Lite,Ratón gamer ligero de alta precisión con sensor óptico de alta definición.,1860.06,37
TAB-2399,Tableta Huawei MatePad 11 Lite,Dispositivo multimedia portátil con altavoces estéreo y gran autonomía.,1382.53,44
ACC-2400,Webcam Logitech C920 HD Pro Edition 2024,Componente de conectividad portátil para expandir los puertos de tus dispositivos.,136.86,64
CAM-2401,Cámara Canon EOS M50 Edition 2024,Cámara mirrorless compacta con resolución 4K y sensor APS-C.,110.86,96
LAP-2402,Laptop Lenovo ThinkPad X1 Carbon Edition 2024,Laptop gamer de última generación con tarjeta gráfica dedicada y pantalla 144Hz.,1294.99,10
TEL-2403,Teléfono Xiaomi 13 Pro Edition 2024,"Dispositivo con carga superrápida, batería de larga duración y pantalla de 120Hz.",172.66,64
AUD-2404,Audífonos Sennheiser Momentum 4 Edition 2024,Diadema ergonómica con graves profundos y batería de más de 30 horas.,827.49,97
MON-2405,Monitor BenQ EW3270U Edition 2024,Monitor gaming con tasa de refresco rápida y tiempo de respuesta de 1ms.,476.76,58
REL-2406,Reloj Huawei Watch GT 3 Edition 2024,Smartwatch deportivo resistente al agua con sensores de salud avanzados.,807.95,42
TECL-2407,Teclado Redragon Kumara K552 Edition 2024,Teclado mecánico compacto hot-swappable ideal para programación y oficina.,735.49,36
RAT-2408,Ratón Microsoft Bluetooth Ergonomic Edition 2024,Ratón óptico ultraligero con cable mallado suave y deslizamiento perfecto.,748.80,42
TAB-2409,Tableta Huawei MatePad 11 Edition 2024,Tableta versátil con pantalla de alta resolución ideal para estudio y entretenimiento.,775.11,39
ACC-2410,Webcam Logitech C920 HD Pro Special Edition,Dispositivo de almacenamiento rápido y confiable para respaldos de datos.,1689.44,88
CAM-2411,Cámara Canon EOS M50 Special Edition,Cámara de acción resistente al agua con estabilización de imagen avanzada.,216.07,30
LAP-2412,Laptop Lenovo ThinkPad X1 Carbon Special Edition,"Equipo portátil para trabajo pesado, edición de video y multitarea.",658.45,3
TEL-2413,Teléfono Xiaomi 13 Pro Special Edition,Smartphone de gama alta con pantalla AMOLED y cámara de alta resolución.,1781.04,81
AUD-2414,Audífonos Sennheiser Momentum 4 Special Edition,Auriculares in-ear con audio espacial y estuche de carga inalámbrica.,1575.25,69
MON-2415,Monitor BenQ EW3270U Special Edition,Monitor curvo e inmersivo con panel IPS e iluminación de baja fatiga visual.,1627.49,30
REL-2416,Reloj Huawei Watch GT 3 Special Edition,Reloj inteligente elegante con control de notificaciones y seguimiento fit.,1587.80,41
TECL-2417,Teclado Redragon Kumara K552 Special Edition,Teclado mecánico gamer con retroiluminación RGB configurable.,962.10,38
RAT-2418,Ratón Microsoft Bluetooth Ergonomic Special Edition,Ratón gamer ligero de alta precisión con sensor óptico de alta definición.,1515.62,79
TAB-2419,Tableta Huawei MatePad 11 Special Edition,Dispositivo multimedia portátil con altavoces estéreo y gran autonomía.,1749.12,24
ACC-2420,Webcam Logitech C920 HD Pro Edición Negra,Componente de conectividad portátil para expandir los puertos de tus dispositivos.,635.52,70
CAM-2421,Cámara Canon EOS M50 Edición Negra,Cámara mirrorless compacta con resolución 4K y sensor APS-C.,58.85,13
LAP-2422,Laptop Lenovo ThinkPad X1 Carbon Edición Negra,Laptop gamer de última generación con tarjeta gráfica dedicada y pantalla 144Hz.,950.01,3
TEL-2423,Teléfono Xiaomi 13 Pro Edición Negra,"Dispositivo con carga superrápida, batería de larga duración y pantalla de 120Hz.",1396.37,29
AUD-2424,Audífonos Sennheiser Momentum 4 Edición Negra,Diadema ergonómica con graves profundos y batería de más de 30 horas.,575.21,1
MON-2425,Monitor BenQ EW3270U Edición Negra,Monitor gaming con tasa de refresco rápida y tiempo de respuesta de 1ms.,1786.58,98
REL-2426,Reloj Huawei Watch GT 3 Edición Negra,Smartwatch deportivo resistente al agua con sensores de salud avanzados.,1028.23,86
TECL-2427,Teclado Redragon Kumara K552 Edición Negra,Teclado mecánico compacto hot-swappable ideal para programación y oficina.,1280.02,77
RAT-2428,Ratón Microsoft Bluetooth Ergonomic Edición Negra,Ratón óptico ultraligero con cable mallado suave y deslizamiento perfecto.,608.79,82
TAB-2429,Tableta Huawei MatePad 11 Edición Negra,Tableta versátil con pantalla de alta resolución ideal para estudio y entretenimiento.,678.46,10
ACC-2430,Webcam Logitech C920 HD Pro Edición Plata,Dispositivo de almacenamiento rápido y confiable para respaldos de datos.,226.05,18
CAM-2431,Cámara Canon EOS M50 Edición Plata,Cámara de acción resistente al agua con estabilización de imagen avanzada.,1830.08,43
LAP-2432,Laptop Lenovo ThinkPad X1 Carbon Edición Plata,"Equipo portátil para trabajo pesado, edición de video y multitarea.",1243.08,74
TEL-2433,Teléfono Xiaomi 13 Pro Edición Plata,Smartphone de gama alta con pantalla AMOLED y cámara de alta resolución.,1293.24,54
AUD-2434,Audífonos Sennheiser Momentum 4 Edición Plata,Auriculares in-ear con audio espacial y estuche de carga inalámbrica.,747.57,61
MON-2435,Monitor BenQ EW3270U Edición Plata,Monitor curvo e inmersivo con panel IPS e iluminación de baja fatiga visual.,1276.93,32
REL-2436,Reloj Huawei Watch GT 3 Edición Plata,Reloj inteligente elegante con control de notificaciones y seguimiento fit.,1496.97,54
TECL-2437,Teclado Redragon Kumara K552 Edición Plata,Teclado mecánico gamer con retroiluminación RGB configurable.,965.39,100
RAT-2438,Ratón Microsoft Bluetooth Ergonomic Edición Plata,Ratón gamer ligero de alta precisión con sensor óptico de alta definición.,898.06,29
TAB-2439,Tableta Huawei MatePad 11 Edición Plata,Dispositivo multimedia portátil con altavoces estéreo y gran autonomía.,64.51,86
ACC-2440,Webcam Logitech C920 HD Pro S,Componente de conectividad portátil para expandir los puertos de tus dispositivos.,933.90,76
CAM-2441,Cámara Canon EOS M50 S,Cámara mirrorless compacta con resolución 4K y sensor APS-C.,725.36,97
LAP-2442,Laptop Lenovo ThinkPad X1 Carbon S,Laptop gamer de última generación con tarjeta gráfica dedicada y pantalla 144Hz.,656.66,15
TEL-2443,Teléfono Xiaomi 13 Pro S,"Dispositivo con carga superrápida, batería de larga duración y pantalla de 120Hz.",826.57,68
AUD-2444,Audífonos Sennheiser Momentum 4 S,Diadema ergonómica con graves profundos y batería de más de 30 horas.,875.17,89
MON-2445,Monitor BenQ EW3270U S,Monitor gaming con tasa de refresco rápida y tiempo de respuesta de 1ms.,872.27,82
REL-2446,Reloj Huawei Watch GT 3 S,Smartwatch deportivo resistente al agua con sensores de salud avanzados.,712.59,90
TECL-2447,Teclado Redragon Kumara K552 S,Teclado mecánico compacto hot-swappable ideal para programación y oficina.,1898.28,85
RAT-2448,Ratón Microsoft Bluetooth Ergonomic S,Ratón óptico ultraligero con cable mallado suave y deslizamiento perfecto.,1554.64,23
TAB-2449,Tableta Huawei MatePad 11 S,Tableta versátil con pantalla de alta resolución ideal para estudio y entretenimiento.,176.09,92
ACC-2450,Webcam Logitech C920 HD Pro SE,Dispositivo de almacenamiento rápido y confiable para respaldos de datos.,929.93,86
CAM-2451,Cámara Canon EOS M50 SE,Cámara de acción resistente al agua con estabilización de imagen avanzada.,473.70,100
LAP-2452,Laptop Lenovo ThinkPad X1 Carbon SE,"Equipo portátil para trabajo pesado, edición de video y multitarea.",380.50,88
TEL-2453,Teléfono Xiaomi 13 Pro SE,Smartphone de gama alta con pantalla AMOLED y cámara de alta resolución.,915.16,21
AUD-2454,Audífonos Sennheiser Momentum 4 SE,Auriculares in-ear con audio espacial y estuche de carga inalámbrica.,427.80,80
MON-2455,Monitor BenQ EW3270U SE,Monitor curvo e inmersivo con panel IPS e iluminación de baja fatiga visual.,921.02,79
REL-2456,Reloj Huawei Watch GT 3 SE,Reloj inteligente elegante con control de notificaciones y seguimiento fit.,1105.09,46
TECL-2457,Teclado Redragon Kumara K552 SE,Teclado mecánico gamer con retroiluminación RGB configurable.,1779.38,6
RAT-2458,Ratón Microsoft Bluetooth Ergonomic SE,Ratón gamer ligero de alta precisión con sensor óptico de alta definición.,1216.06,72
TAB-2459,Tableta Huawei MatePad 11 SE,Dispositivo multimedia portátil con altavoces estéreo y gran autonomía.,668.40,84
ACC-2460,Webcam Logitech C920 HD Pro Max,Componente de conectividad portátil para expandir los puertos de tus dispositivos.,1798.11,52
CAM-2461,Cámara Canon EOS M50 Max,Cámara mirrorless compacta con resolución 4K y sensor APS-C.,1607.70,41
LAP-2462,Laptop Lenovo ThinkPad X1 Carbon Max,Laptop gamer de última generación con tarjeta gráfica dedicada y pantalla 144Hz.,265.58,38
TEL-2463,Teléfono Xiaomi 13 Pro Max,"Dispositivo con carga superrápida, batería de larga duración y pantalla de 120Hz.",229.68,30
AUD-2464,Audífonos Sennheiser Momentum 4 Max,Diadema ergonómica con graves profundos y batería de más de 30 horas.,1076.81,64
MON-2465,Monitor BenQ EW3270U Max,Monitor gaming con tasa de refresco rápida y tiempo de respuesta de 1ms.,994.07,14
REL-2466,Reloj Huawei Watch GT 3 Max,Smartwatch deportivo resistente al agua con sensores de salud avanzados.,661.64,43
TECL-2467,Teclado Redragon Kumara K552 Max,Teclado mecánico compacto hot-swappable ideal para programación y oficina.,376.11,4
RAT-2468,Ratón Microsoft Bluetooth Ergonomic Max,Ratón óptico ultraligero con cable mallado suave y deslizamiento perfecto.,539.70,61
TAB-2469,Tableta Huawei MatePad 11 Max,Tableta versátil con pantalla de alta resolución ideal para estudio y entretenimiento.,497.67,10
ACC-2470,Webcam Logitech C920 HD Pro v1,Dispositivo de almacenamiento rápido y confiable para respaldos de datos.,505.65,24
CAM-2471,Cámara Canon EOS M50 v1,Cámara de acción resistente al agua con estabilización de imagen avanzada.,785.84,17
LAP-2472,Laptop Lenovo ThinkPad X1 Carbon v1,"Equipo portátil para trabajo pesado, edición de video y multitarea.",762.40,90
TEL-2473,Teléfono Xiaomi 13 Pro v1,Smartphone de gama alta con pantalla AMOLED y cámara de alta resolución.,699.46,38
AUD-2474,Audífonos Sennheiser Momentum 4 v1,Auriculares in-ear con audio espacial y estuche de carga inalámbrica.,1552.97,97
MON-2475,Monitor BenQ EW3270U v1,Monitor curvo e inmersivo con panel IPS e iluminación de baja fatiga visual.,89.31,39
REL-2476,Reloj Huawei Watch GT 3 v1,Reloj inteligente elegante con control de notificaciones y seguimiento fit.,1500.75,25
TECL-2477,Teclado Redragon Kumara K552 v1,Teclado mecánico gamer con retroiluminación RGB configurable.,449.93,50
RAT-2478,Ratón Microsoft Bluetooth Ergonomic v1,Ratón gamer ligero de alta precisión con sensor óptico de alta definición.,1345.72,92
TAB-2479,Tableta Huawei MatePad 11 v1,Dispositivo multimedia portátil con altavoces estéreo y gran autonomía.,772.05,17
ACC-2480,Webcam Logitech C920 HD Pro v2,Componente de conectividad portátil para expandir los puertos de tus dispositivos.,1220.08,8
CAM-2481,Cámara Canon EOS M50 v2,Cámara mirrorless compacta con resolución 4K y sensor APS-C.,1615.21,78
LAP-2482,Laptop Lenovo ThinkPad X1 Carbon v2,Laptop gamer de última generación con tarjeta gráfica dedicada y pantalla 144Hz.,387.26,73
TEL-2483,Teléfono Xiaomi 13 Pro v2,"Dispositivo con carga superrápida, batería de larga duración y pantalla de 120Hz.",1027.20,65
AUD-2484,Audífonos Sennheiser Momentum 4 v2,Diadema ergonómica con graves profundos y batería de más de 30 horas.,1195.01,38
MON-2485,Monitor BenQ EW3270U v2,Monitor gaming con tasa de refresco rápida y tiempo de respuesta de 1ms.,17.39,99
REL-2486,Reloj Huawei Watch GT 3 v2,Smartwatch deportivo resistente al agua con sensores de salud avanzados.,1087.79,65
TECL-2487,Teclado Redragon Kumara K552 v2,Teclado mecánico compacto hot-swappable ideal para programación y oficina.,1845.07,99
RAT-2488,Ratón Microsoft Bluetooth Ergonomic v2,Ratón óptico ultraligero con cable mallado suave y deslizamiento perfecto.,1816.79,29
TAB-2489,Tableta Huawei MatePad 11 v2,Tableta versátil con pantalla de alta resolución ideal para estudio y entretenimiento.,321.49,83
ACC-2490,Webcam Logitech C920 HD Pro Pro,Dispositivo de almacenamiento rápido y confiable para respaldos de datos.,1691.48,66
CAM-2491,Cámara Canon EOS M50 Pro,Cámara de acción resistente al agua con estabilización de imagen avanzada.,1254.43,81
LAP-2492,Laptop Lenovo ThinkPad X1 Carbon Pro,"Equipo portátil para trabajo pesado, edición de video y multitarea.",1574.19,16
TEL-2493,Teléfono Xiaomi 13 Pro Pro,Smartphone de gama alta con pantalla AMOLED y cámara de alta resolución.,1729.76,78
AUD-2494,Audífonos Sennheiser Momentum 4 Pro,Auriculares in-ear con audio espacial y estuche de carga inalámbrica.,1338.05,25
MON-2495,Monitor BenQ EW3270U Pro,Monitor curvo e inmersivo con panel IPS e iluminación de baja fatiga visual.,189.32,85
REL-2496,Reloj Huawei Watch GT 3 Pro,Reloj inteligente elegante con control de notificaciones y seguimiento fit.,1814.73,45
TECL-2497,Teclado Redragon Kumara K552 Pro,Teclado mecánico gamer con retroiluminación RGB configurable.,866.68,46
RAT-2498,Ratón Microsoft Bluetooth Ergonomic Pro,Ratón gamer ligero de alta precisión con sensor óptico de alta definición.,368.07,16
TAB-2499,Tableta Huawei MatePad 11 Pro,Dispositivo multimedia portátil con altavoces estéreo y gran autonomía.,1433.20,99
ACC-2500,Webcam Logitech C920 HD Pro Plus,Componente de conectividad portátil para expandir los puertos de tus dispositivos.,1590.19,31
CAM-2501,Cámara Canon EOS M50 Plus,Cámara mirrorless compacta con resolución 4K y sensor APS-C.,352.49,16
LAP-2502,Laptop Lenovo ThinkPad X1 Carbon Plus,Laptop gamer de última generación con tarjeta gráfica dedicada y pantalla 144Hz.,286.41,80
TEL-2503,Teléfono Xiaomi 13 Pro Plus,"Dispositivo con carga superrápida, batería de larga duración y pantalla de 120Hz.",607.71,51
AUD-2504,Audífonos Sennheiser Momentum 4 Plus,Diadema ergonómica con graves profundos y batería de más de 30 horas.,250.51,14
MON-2505,Monitor BenQ EW3270U Plus,Monitor gaming con tasa de refresco rápida y tiempo de respuesta de 1ms.,1637.00,39
REL-2506,Reloj Huawei Watch GT 3 Plus,Smartwatch deportivo resistente al agua con sensores de salud avanzados.,1456.35,57
TECL-2507,Teclado Redragon Kumara K552 Plus,Teclado mecánico compacto hot-swappable ideal para programación y oficina.,1100.26,52
RAT-2508,Ratón Microsoft Bluetooth Ergonomic Plus,Ratón óptico ultraligero con cable mallado suave y deslizamiento perfecto.,295.18,1
TAB-2509,Tableta Huawei MatePad 11 Plus,Tableta versátil con pantalla de alta resolución ideal para estudio y entretenimiento.,946.18,11
ACC-2510,Webcam Logitech C920 HD Pro Ultra,Dispositivo de almacenamiento rápido y confiable para respaldos de datos.,965.00,40
CAM-2511,Cámara Canon EOS M50 Ultra,Cámara de acción resistente al agua con estabilización de imagen avanzada.,1693.25,52
LAP-2512,Laptop Lenovo ThinkPad X1 Carbon Ultra,"Equipo portátil para trabajo pesado, edición de video y multitarea.",1374.32,16
TEL-2513,Teléfono Xiaomi 13 Pro Ultra,Smartphone de gama alta con pantalla AMOLED y cámara de alta resolución.,718.76,51
AUD-2514,Audífonos Sennheiser Momentum 4 Ultra,Auriculares in-ear con audio espacial y estuche de carga inalámbrica.,197.77,70
MON-2515,Monitor BenQ EW3270U Ultra,Monitor curvo e inmersivo con panel IPS e iluminación de baja fatiga visual.,1121.41,28
REL-2516,Reloj Huawei Watch GT 3 Ultra,Reloj inteligente elegante con control de notificaciones y seguimiento fit.,1822.70,36
TECL-2517,Teclado Redragon Kumara K552 Ultra,Teclado mecánico gamer con retroiluminación RGB configurable.,409.83,63
RAT-2518,Ratón Microsoft Bluetooth Ergonomic Ultra,Ratón gamer ligero de alta precisión con sensor óptico de alta definición.,802.47,54
TAB-2519,Tableta Huawei MatePad 11 Ultra,Dispositivo multimedia portátil con altavoces estéreo y gran autonomía.,1701.17,3
ACC-2520,Webcam Logitech C920 HD Pro Lite,Componente de conectividad portátil para expandir los puertos de tus dispositivos.,1036.97,56
CAM-2521,Cámara Canon EOS M50 Lite,Cámara mirrorless compacta con resolución 4K y sensor APS-C.,493.45,89
LAP-2522,Laptop Lenovo ThinkPad X1 Carbon Lite,Laptop gamer de última generación con tarjeta gráfica dedicada y pantalla 144Hz.,655.86,53
TEL-2523,Teléfono Xiaomi 13 Pro Lite,"Dispositivo con carga superrápida, batería de larga duración y pantalla de 120Hz.",207.56,100
AUD-2524,Audífonos Sennheiser Momentum 4 Lite,Diadema ergonómica con graves profundos y batería de más de 30 horas.,1194.48,10
MON-2525,Monitor BenQ EW3270U Lite,Monitor gaming con tasa de refresco rápida y tiempo de respuesta de 1ms.,573.40,21
REL-2526,Reloj Huawei Watch GT 3 Lite,Smartwatch deportivo resistente al agua con sensores de salud avanzados.,1753.53,52
TECL-2527,Teclado Redragon Kumara K552 Lite,Teclado mecánico compacto hot-swappable ideal para programación y oficina.,1193.61,18
RAT-2528,Ratón Microsoft Bluetooth Ergonomic Lite,Ratón óptico ultraligero con cable mallado suave y deslizamiento perfecto.,533.06,24
TAB-2529,Tableta Huawei MatePad 11 Lite,Tableta versátil con pantalla de alta resolución ideal para estudio y entretenimiento.,519.92,78
ACC-2530,Webcam Logitech C920 HD Pro Edition 2024,Dispositivo de almacenamiento rápido y confiable para respaldos de datos.,968.00,21
CAM-2531,Cámara Canon EOS M50 Edition 2024,Cámara de acción resistente al agua con estabilización de imagen avanzada.,1384.24,2
LAP-2532,Laptop Lenovo ThinkPad X1 Carbon Edition 2024,"Equipo portátil para trabajo pesado, edición de video y multitarea.",471.87,3
TEL-2533,Teléfono Xiaomi 13 Pro Edition 2024,Smartphone de gama alta con pantalla AMOLED y cámara de alta resolución.,1304.88,93
AUD-2534,Audífonos Sennheiser Momentum 4 Edition 2024,Auriculares in-ear con audio espacial y estuche de carga inalámbrica.,1022.88,38
MON-2535,Monitor BenQ EW3270U Edition 2024,Monitor curvo e inmersivo con panel IPS e iluminación de baja fatiga visual.,1740.91,6
REL-2536,Reloj Huawei Watch GT 3 Edition 2024,Reloj inteligente elegante con control de notificaciones y seguimiento fit.,807.93,52
TECL-2537,Teclado Redragon Kumara K552 Edition 2024,Teclado mecánico gamer con retroiluminación RGB configurable.,100.79,17
RAT-2538,Ratón Microsoft Bluetooth Ergonomic Edition 2024,Ratón gamer ligero de alta precisión con sensor óptico de alta definición.,1193.41,37
TAB-2539,Tableta Huawei MatePad 11 Edition 2024,Dispositivo multimedia portátil con altavoces estéreo y gran autonomía.,1779.09,54
ACC-2540,Webcam Logitech C920 HD Pro Special Edition,Componente de conectividad portátil para expandir los puertos de tus dispositivos.,1566.94,49
CAM-2541,Cámara Canon EOS M50 Special Edition,Cámara mirrorless compacta con resolución 4K y sensor APS-C.,1643.38,69
LAP-2542,Laptop Lenovo ThinkPad X1 Carbon Special Edition,Laptop gamer de última generación con tarjeta gráfica dedicada y pantalla 144Hz.,1872.89,9
TEL-2543,Teléfono Xiaomi 13 Pro Special Edition,"Dispositivo con carga superrápida, batería de larga duración y pantalla de 120Hz.",37.67,11
AUD-2544,Audífonos Sennheiser Momentum 4 Special Edition,Diadema ergonómica con graves profundos y batería de más de 30 horas.,1053.36,89
MON-2545,Monitor BenQ EW3270U Special Edition,Monitor gaming con tasa de refresco rápida y tiempo de respuesta de 1ms.,1591.54,63
REL-2546,Reloj Huawei Watch GT 3 Special Edition,Smartwatch deportivo resistente al agua con sensores de salud avanzados.,641.69,50
TECL-2547,Teclado Redragon Kumara K552 Special Edition,Teclado mecánico compacto hot-swappable ideal para programación y oficina.,626.03,70
RAT-2548,Ratón Microsoft Bluetooth Ergonomic Special Edition,Ratón óptico ultraligero con cable mallado suave y deslizamiento perfecto.,1471.34,35
TAB-2549,Tableta Huawei MatePad 11 Special Edition,Tableta versátil con pantalla de alta resolución ideal para estudio y entretenimiento.,1142.28,23
ACC-2550,Webcam Logitech C920 HD Pro Edición Negra,Dispositivo de almacenamiento rápido y confiable para respaldos de datos.,1610.00,69
CAM-2551,Cámara Canon EOS M50 Edición Negra,Cámara de acción resistente al agua con estabilización de imagen avanzada.,1643.87,79
LAP-2552,Laptop Lenovo ThinkPad X1 Carbon Edición Negra,"Equipo portátil para trabajo pesado, edición de video y multitarea.",115.80,78
TEL-2553,Teléfono Xiaomi 13 Pro Edición Negra,Smartphone de gama alta con pantalla AMOLED y cámara de alta resolución.,1371.74,30
AUD-2554,Audífonos Sennheiser Momentum 4 Edición Negra,Auriculares in-ear con audio espacial y estuche de carga inalámbrica.,622.35,82
MON-2555,Monitor BenQ EW3270U Edición Negra,Monitor curvo e inmersivo con panel IPS e iluminación de baja fatiga visual.,599.87,59
REL-2556,Reloj Huawei Watch GT 3 Edición Negra,Reloj inteligente elegante con control de notificaciones y seguimiento fit.,217.86,1
TECL-2557,Teclado Redragon Kumara K552 Edición Negra,Teclado mecánico gamer con retroiluminación RGB configurable.,21.58,78
RAT-2558,Ratón Microsoft Bluetooth Ergonomic Edición Negra,Ratón gamer ligero de alta precisión con sensor óptico de alta definición.,965.93,43
TAB-2559,Tableta Huawei MatePad 11 Edición Negra,Dispositivo multimedia portátil con altavoces estéreo y gran autonomía.,1865.85,40
ACC-2560,Webcam Logitech C920 HD Pro Edición Plata,Componente de conectividad portátil para expandir los puertos de tus dispositivos.,1877.22,34
CAM-2561,Cámara Canon EOS M50 Edición Plata,Cámara mirrorless compacta con resolución 4K y sensor APS-C.,1724.95,26
LAP-2562,Laptop Lenovo ThinkPad X1 Carbon Edición Plata,Laptop gamer de última generación con tarjeta gráfica dedicada y pantalla 144Hz.,597.90,57
TEL-2563,Teléfono Xiaomi 13 Pro Edición Plata,"Dispositivo con carga superrápida, batería de larga duración y pantalla de 120Hz.",1053.92,74
AUD-2564,Audífonos Sennheiser Momentum 4 Edición Plata,Diadema ergonómica con graves profundos y batería de más de 30 horas.,1786.30,13
MON-2565,Monitor BenQ EW3270U Edición Plata,Monitor gaming con tasa de refresco rápida y tiempo de respuesta de 1ms.,212.64,42
REL-2566,Reloj Huawei Watch GT 3 Edición Plata,Smartwatch deportivo resistente al agua con sensores de salud avanzados.,220.00,28
TECL-2567,Teclado Redragon Kumara K552 Edición Plata,Teclado mecánico compacto hot-swappable ideal para programación y oficina.,1501.64,41
RAT-2568,Ratón Microsoft Bluetooth Ergonomic Edición Plata,Ratón óptico ultraligero con cable mallado suave y deslizamiento perfecto.,1815.22,63
TAB-2569,Tableta Huawei MatePad 11 Edición Plata,Tableta versátil con pantalla de alta resolución ideal para estudio y entretenimiento.,968.03,90
ACC-2570,Webcam Logitech C920 HD Pro S,Dispositivo de almacenamiento rápido y confiable para respaldos de datos.,1237.97,3
CAM-2571,Cámara Canon EOS M50 S,Cámara de acción resistente al agua con estabilización de imagen avanzada.,309.86,11
LAP-2572,Laptop Lenovo ThinkPad X1 Carbon S,"Equipo portátil para trabajo pesado, edición de video y multitarea.",106.46,69
TEL-2573,Teléfono Xiaomi 13 Pro S,Smartphone de gama alta con pantalla AMOLED y cámara de alta resolución.,1684.85,20
AUD-2574,Audífonos Sennheiser Momentum 4 S,Auriculares in-ear con audio espacial y estuche de carga inalámbrica.,88.75,27
MON-2575,Monitor BenQ EW3270U S,Monitor curvo e inmersivo con panel IPS e iluminación de baja fatiga visual.,595.12,22
REL-2576,Reloj Huawei Watch GT 3 S,Reloj inteligente elegante con control de notificaciones y seguimiento fit.,1806.76,93
TECL-2577,Teclado Redragon Kumara K552 S,Teclado mecánico gamer con retroiluminación RGB configurable.,1172.00,59
RAT-2578,Ratón Microsoft Bluetooth Ergonomic S,Ratón gamer ligero de alta precisión con sensor óptico de alta definición.,850.02,97
TAB-2579,Tableta Huawei MatePad 11 S,Dispositivo multimedia portátil con altavoces estéreo y gran autonomía.,1326.45,86
ACC-2580,Webcam Logitech C920 HD Pro SE,Componente de conectividad portátil para expandir los puertos de tus dispositivos.,203.69,47
CAM-2581,Cámara Canon EOS M50 SE,Cámara mirrorless compacta con resolución 4K y sensor APS-C.,280.11,32
LAP-2582,Laptop Lenovo ThinkPad X1 Carbon SE,Laptop gamer de última generación con tarjeta gráfica dedicada y pantalla 144Hz.,1572.92,18
TEL-2583,Teléfono Xiaomi 13 Pro SE,"Dispositivo con carga superrápida, batería de larga duración y pantalla de 120Hz.",1550.08,57
AUD-2584,Audífonos Sennheiser Momentum 4 SE,Diadema ergonómica con graves profundos y batería de más de 30 horas.,575.61,92
MON-2585,Monitor BenQ EW3270U SE,Monitor gaming con tasa de refresco rápida y tiempo de respuesta de 1ms.,215.57,23
REL-2586,Reloj Huawei Watch GT 3 SE,Smartwatch deportivo resistente al agua con sensores de salud avanzados.,570.77,23
TECL-2587,Teclado Redragon Kumara K552 SE,Teclado mecánico compacto hot-swappable ideal para programación y oficina.,490.18,22
RAT-2588,Ratón Microsoft Bluetooth Ergonomic SE,Ratón óptico ultraligero con cable mallado suave y deslizamiento perfecto.,1082.27,17
TAB-2589,Tableta Huawei MatePad 11 SE,Tableta versátil con pantalla de alta resolución ideal para estudio y entretenimiento.,207.46,83
ACC-2590,Webcam Logitech C920 HD Pro Max,Dispositivo de almacenamiento rápido y confiable para respaldos de datos.,1362.10,92
CAM-2591,Cámara Canon EOS M50 Max,Cámara de acción resistente al agua con estabilización de imagen avanzada.,677.92,39
LAP-2592,Laptop Lenovo ThinkPad X1 Carbon Max,"Equipo portátil para trabajo pesado, edición de video y multitarea.",1744.73,44
TEL-2593,Teléfono Xiaomi 13 Pro Max,Smartphone de gama alta con pantalla AMOLED y cámara de alta resolución.,1890.26,8
AUD-2594,Audífonos Sennheiser Momentum 4 Max,Auriculares in-ear con audio espacial y estuche de carga inalámbrica.,624.95,71
MON-2595,Monitor BenQ EW3270U Max,Monitor curvo e inmersivo con panel IPS e iluminación de baja fatiga visual.,1315.68,85
REL-2596,Reloj Huawei Watch GT 3 Max,Reloj inteligente elegante con control de notificaciones y seguimiento fit.,1605.09,19
TECL-2597,Teclado Redragon Kumara K552 Max,Teclado mecánico gamer con retroiluminación RGB configurable.,1031.38,64
RAT-2598,Ratón Microsoft Bluetooth Ergonomic Max,Ratón gamer ligero de alta precisión con sensor óptico de alta definición.,1388.64,85
TAB-2599,Tableta Huawei MatePad 11 Max,Dispositivo multimedia portátil con altavoces estéreo y gran autonomía.,971.79,43
ACC-2600,Webcam Logitech C920 HD Pro v1,Componente de conectividad portátil para expandir los puertos de tus dispositivos.,970.77,12
CAM-2601,Cámara Canon EOS M50 v1,Cámara mirrorless compacta con resolución 4K y sensor APS-C.,1593.39,1
LAP-2602,Laptop Lenovo ThinkPad X1 Carbon v1,Laptop gamer de última generación con tarjeta gráfica dedicada y pantalla 144Hz.,178.46,39
TEL-2603,Teléfono Xiaomi 13 Pro v1,"Dispositivo con carga superrápida, batería de larga duración y pantalla de 120Hz.",1635.75,100
AUD-2604,Audífonos Sennheiser Momentum 4 v1,Diadema ergonómica con graves profundos y batería de más de 30 horas.,28.12,10
MON-2605,Monitor BenQ EW3270U v1,Monitor gaming con tasa de refresco rápida y tiempo de respuesta de 1ms.,1750.83,1
REL-2606,Reloj Huawei Watch GT 3 v1,Smartwatch deportivo resistente al agua con sensores de salud avanzados.,1705.55,54
TECL-2607,Teclado Redragon Kumara K552 v1,Teclado mecánico compacto hot-swappable ideal para programación y oficina.,385.09,79
RAT-2608,Ratón Microsoft Bluetooth Ergonomic v1,Ratón óptico ultraligero con cable mallado suave y deslizamiento perfecto.,1585.34,33
TAB-2609,Tableta Huawei MatePad 11 v1,Tableta versátil con pantalla de alta resolución ideal para estudio y entretenimiento.,97.54,69
ACC-2610,Webcam Logitech C920 HD Pro v2,Dispositivo de almacenamiento rápido y confiable para respaldos de datos.,1592.18,49
CAM-2611,Cámara Canon EOS M50 v2,Cámara de acción resistente al agua con estabilización de imagen avanzada.,800.55,37
LAP-2612,Laptop Lenovo ThinkPad X1 Carbon v2,"Equipo portátil para trabajo pesado, edición de video y multitarea.",342.96,55
TEL-2613,Teléfono Xiaomi 13 Pro v2,Smartphone de gama alta con pantalla AMOLED y cámara de alta resolución.,536.05,31
AUD-2614,Audífonos Sennheiser Momentum 4 v2,Auriculares in-ear con audio espacial y estuche de carga inalámbrica.,278.83,30
MON-2615,Monitor BenQ EW3270U v2,Monitor curvo e inmersivo con panel IPS e iluminación de baja fatiga visual.,1070.34,52
REL-2616,Reloj Huawei Watch GT 3 v2,Reloj inteligente elegante con control de notificaciones y seguimiento fit.,898.21,84
TECL-2617,Teclado Redragon Kumara K552 v2,Teclado mecánico gamer con retroiluminación RGB configurable.,1535.10,25
RAT-2618,Ratón Microsoft Bluetooth Ergonomic v2,Ratón gamer ligero de alta precisión con sensor óptico de alta definición.,1400.54,82
TAB-2619,Tableta Huawei MatePad 11 v2,Dispositivo multimedia portátil con altavoces estéreo y gran autonomía.,1845.41,62
ACC-2620,Webcam Logitech C920 HD Pro Pro,Componente de conectividad portátil para expandir los puertos de tus dispositivos.,1332.86,63
CAM-2621,Cámara Canon EOS M50 Pro,Cámara mirrorless compacta con resolución 4K y sensor APS-C.,767.66,31
LAP-2622,Laptop Lenovo ThinkPad X1 Carbon Pro,Laptop gamer de última generación con tarjeta gráfica dedicada y pantalla 144Hz.,501.29,15
TEL-2623,Teléfono Xiaomi 13 Pro Pro,"Dispositivo con carga superrápida, batería de larga duración y pantalla de 120Hz.",1625.00,32
AUD-2624,Audífonos Sennheiser Momentum 4 Pro,Diadema ergonómica con graves profundos y batería de más de 30 horas.,1440.46,10
MON-2625,Monitor BenQ EW3270U Pro,Monitor gaming con tasa de refresco rápida y tiempo de respuesta de 1ms.,173.64,31
REL-2626,Reloj Huawei Watch GT 3 Pro,Smartwatch deportivo resistente al agua con sensores de salud avanzados.,1534.88,38
TECL-2627,Teclado Redragon Kumara K552 Pro,Teclado mecánico compacto hot-swappable ideal para programación y oficina.,1223.04,30
RAT-2628,Ratón Microsoft Bluetooth Ergonomic Pro,Ratón óptico ultraligero con cable mallado suave y deslizamiento perfecto.,568.55,86
TAB-2629,Tableta Huawei MatePad 11 Pro,Tableta versátil con pantalla de alta resolución ideal para estudio y entretenimiento.,1766.13,66
ACC-2630,Webcam Logitech C920 HD Pro Plus,Dispositivo de almacenamiento rápido y confiable para respaldos de datos.,1448.21,29
CAM-2631,Cámara Canon EOS M50 Plus,Cámara de acción resistente al agua con estabilización de imagen avanzada.,1220.94,57
LAP-2632,Laptop Lenovo ThinkPad X1 Carbon Plus,"Equipo portátil para trabajo pesado, edición de video y multitarea.",476.57,99
TEL-2633,Teléfono Xiaomi 13 Pro Plus,Smartphone de gama alta con pantalla AMOLED y cámara de alta resolución.,972.75,71
AUD-2634,Audífonos Sennheiser Momentum 4 Plus,Auriculares in-ear con audio espacial y estuche de carga inalámbrica.,1528.74,52
MON-2635,Monitor BenQ EW3270U Plus,Monitor curvo e inmersivo con panel IPS e iluminación de baja fatiga visual.,1343.88,54
REL-2636,Reloj Huawei Watch GT 3 Plus,Reloj inteligente elegante con control de notificaciones y seguimiento fit.,1160.12,24
TECL-2637,Teclado Redragon Kumara K552 Plus,Teclado mecánico gamer con retroiluminación RGB configurable.,501.03,78
RAT-2638,Ratón Microsoft Bluetooth Ergonomic Plus,Ratón gamer ligero de alta precisión con sensor óptico de alta definición.,978.14,65
TAB-2639,Tableta Huawei MatePad 11 Plus,Dispositivo multimedia portátil con altavoces estéreo y gran autonomía.,1070.93,34
ACC-2640,Webcam Logitech C920 HD Pro Ultra,Componente de conectividad portátil para expandir los puertos de tus dispositivos.,1839.26,58
CAM-2641,Cámara Canon EOS M50 Ultra,Cámara mirrorless compacta con resolución 4K y sensor APS-C.,1704.97,98
LAP-2642,Laptop Lenovo ThinkPad X1 Carbon Ultra,Laptop gamer de última generación con tarjeta gráfica dedicada y pantalla 144Hz.,1092.43,23
TEL-2643,Teléfono Xiaomi 13 Pro Ultra,"Dispositivo con carga superrápida, batería de larga duración y pantalla de 120Hz.",1812.42,13
AUD-2644,Audífonos Sennheiser Momentum 4 Ultra,Diadema ergonómica con graves profundos y batería de más de 30 horas.,1612.43,95
MON-2645,Monitor BenQ EW3270U Ultra,Monitor gaming con tasa de refresco rápida y tiempo de respuesta de 1ms.,1736.20,25
REL-2646,Reloj Huawei Watch GT 3 Ultra,Smartwatch deportivo resistente al agua con sensores de salud avanzados.,52.30,15
TECL-2647,Teclado Redragon Kumara K552 Ultra,Teclado mecánico compacto hot-swappable ideal para programación y oficina.,683.77,90
RAT-2648,Ratón Microsoft Bluetooth Ergonomic Ultra,Ratón óptico ultraligero con cable mallado suave y deslizamiento perfecto.,1705.39,59
TAB-2649,Tableta Huawei MatePad 11 Ultra,Tableta versátil con pantalla de alta resolución ideal para estudio y entretenimiento.,266.16,34
ACC-2650,Webcam Logitech C920 HD Pro Lite,Dispositivo de almacenamiento rápido y confiable para respaldos de datos.,1311.95,33
CAM-2651,Cámara Canon EOS M50 Lite,Cámara de acción resistente al agua con estabilización de imagen avanzada.,1133.57,62
LAP-2652,Laptop Lenovo ThinkPad X1 Carbon Lite,"Equipo portátil para trabajo pesado, edición de video y multitarea.",139.41,59
TEL-2653,Teléfono Xiaomi 13 Pro Lite,Smartphone de gama alta con pantalla AMOLED y cámara de alta resolución.,1778.55,3
AUD-2654,Audífonos Sennheiser Momentum 4 Lite,Auriculares in-ear con audio espacial y estuche de carga inalámbrica.,832.55,71
MON-2655,Monitor BenQ EW3270U Lite,Monitor curvo e inmersivo con panel IPS e iluminación de baja fatiga visual.,254.79,38
REL-2656,Reloj Huawei Watch GT 3 Lite,Reloj inteligente elegante con control de notificaciones y seguimiento fit.,253.89,44
TECL-2657,Teclado Redragon Kumara K552 Lite,Teclado mecánico gamer con retroiluminación RGB configurable.,114.83,42
RAT-2658,Ratón Microsoft Bluetooth Ergonomic Lite,Ratón gamer ligero de alta precisión con sensor óptico de alta definición.,101.57,65
TAB-2659,Tableta Huawei MatePad 11 Lite,Dispositivo multimedia portátil con altavoces estéreo y gran autonomía.,967.75,12
ACC-2660,Webcam Logitech C920 HD Pro Edition 2024,Componente de conectividad portátil para expandir los puertos de tus dispositivos.,214.02,60
CAM-2661,Cámara Canon EOS M50 Edition 2024,Cámara mirrorless compacta con resolución 4K y sensor APS-C.,1699.03,44
LAP-2662,Laptop Lenovo ThinkPad X1 Carbon Edition 2024,Laptop gamer de última generación con tarjeta gráfica dedicada y pantalla 144Hz.,1291.66,14
TEL-2663,Teléfono Xiaomi 13 Pro Edition 2024,"Dispositivo con carga superrápida, batería de larga duración y pantalla de 120Hz.",1132.19,18
AUD-2664,Audífonos Sennheiser Momentum 4 Edition 2024,Diadema ergonómica con graves profundos y batería de más de 30 horas.,1793.28,50
MON-2665,Monitor BenQ EW3270U Edition 2024,Monitor gaming con tasa de refresco rápida y tiempo de respuesta de 1ms.,1307.58,84
REL-2666,Reloj Huawei Watch GT 3 Edition 2024,Smartwatch deportivo resistente al agua con sensores de salud avanzados.,1546.16,71
TECL-2667,Teclado Redragon Kumara K552 Edition 2024,Teclado mecánico compacto hot-swappable ideal para programación y oficina.,230.64,8
RAT-2668,Ratón Microsoft Bluetooth Ergonomic Edition 2024,Ratón óptico ultraligero con cable mallado suave y deslizamiento perfecto.,588.03,76
TAB-2669,Tableta Huawei MatePad 11 Edition 2024,Tableta versátil con pantalla de alta resolución ideal para estudio y entretenimiento.,542.10,55
ACC-2670,Webcam Logitech C920 HD Pro Special Edition,Dispositivo de almacenamiento rápido y confiable para respaldos de datos.,1152.84,44
CAM-2671,Cámara Canon EOS M50 Special Edition,Cámara de acción resistente al agua con estabilización de imagen avanzada.,222.40,33
LAP-2672,Laptop Lenovo ThinkPad X1 Carbon Special Edition,"Equipo portátil para trabajo pesado, edición de video y multitarea.",1838.66,53
TEL-2673,Teléfono Xiaomi 13 Pro Special Edition,Smartphone de gama alta con pantalla AMOLED y cámara de alta resolución.,415.61,73
AUD-2674,Audífonos Sennheiser Momentum 4 Special Edition,Auriculares in-ear con audio espacial y estuche de carga inalámbrica.,1455.44,83
MON-2675,Monitor BenQ EW3270U Special Edition,Monitor curvo e inmersivo con panel IPS e iluminación de baja fatiga visual.,1112.82,64
REL-2676,Reloj Huawei Watch GT 3 Special Edition,Reloj inteligente elegante con control de notificaciones y seguimiento fit.,490.29,61
TECL-2677,Teclado Redragon Kumara K552 Special Edition,Teclado mecánico gamer con retroiluminación RGB configurable.,482.50,29
RAT-2678,Ratón Microsoft Bluetooth Ergonomic Special Edition,Ratón gamer ligero de alta precisión con sensor óptico de alta definición.,237.14,29
TAB-2679,Tableta Huawei MatePad 11 Special Edition,Dispositivo multimedia portátil con altavoces estéreo y gran autonomía.,1563.15,74
ACC-2680,Webcam Logitech C920 HD Pro Edición Negra,Componente de conectividad portátil para expandir los puertos de tus dispositivos.,1000.98,57
CAM-2681,Cámara Canon EOS M50 Edición Negra,Cámara mirrorless compacta con resolución 4K y sensor APS-C.,130.73,87
LAP-2682,Laptop Lenovo ThinkPad X1 Carbon Edición Negra,Laptop gamer de última generación con tarjeta gráfica dedicada y pantalla 144Hz.,118.26,63
TEL-2683,Teléfono Xiaomi 13 Pro Edición Negra,"Dispositivo con carga superrápida, batería de larga duración y pantalla de 120Hz.",1421.44,96
AUD-2684,Audífonos Sennheiser Momentum 4 Edición Negra,Diadema ergonómica con graves profundos y batería de más de 30 horas.,631.49,80
MON-2685,Monitor BenQ EW3270U Edición Negra,Monitor gaming con tasa de refresco rápida y tiempo de respuesta de 1ms.,1751.36,59
REL-2686,Reloj Huawei Watch GT 3 Edición Negra,Smartwatch deportivo resistente al agua con sensores de salud avanzados.,439.58,67
TECL-2687,Teclado Redragon Kumara K552 Edición Negra,Teclado mecánico compacto hot-swappable ideal para programación y oficina.,879.78,46
RAT-2688,Ratón Microsoft Bluetooth Ergonomic Edición Negra,Ratón óptico ultraligero con cable mallado suave y deslizamiento perfecto.,1198.25,31
TAB-2689,Tableta Huawei MatePad 11 Edición Negra,Tableta versátil con pantalla de alta resolución ideal para estudio y entretenimiento.,85.26,14
ACC-2690,Webcam Logitech C920 HD Pro Edición Plata,Dispositivo de almacenamiento rápido y confiable para respaldos de datos.,653.26,10
CAM-2691,Cámara Canon EOS M50 Edición Plata,Cámara de acción resistente al agua con estabilización de imagen avanzada.,682.83,95
LAP-2692,Laptop Lenovo ThinkPad X1 Carbon Edición Plata,"Equipo portátil para trabajo pesado, edición de video y multitarea.",500.44,64
TEL-2693,Teléfono Xiaomi 13 Pro Edición Plata,Smartphone de gama alta con pantalla AMOLED y cámara de alta resolución.,1368.50,48
AUD-2694,Audífonos Sennheiser Momentum 4 Edición Plata,Auriculares in-ear con audio espacial y estuche de carga inalámbrica.,585.89,33
MON-2695,Monitor BenQ EW3270U Edición Plata,Monitor curvo e inmersivo con panel IPS e iluminación de baja fatiga visual.,1306.20,49
REL-2696,Reloj Huawei Watch GT 3 Edición Plata,Reloj inteligente elegante con control de notificaciones y seguimiento fit.,1745.36,95
TECL-2697,Teclado Redragon Kumara K552 Edición Plata,Teclado mecánico gamer con retroiluminación RGB configurable.,1421.36,43
RAT-2698,Ratón Microsoft Bluetooth Ergonomic Edición Plata,Ratón gamer ligero de alta precisión con sensor óptico de alta definición.,431.77,74
TAB-2699,Tableta Huawei MatePad 11 Edición Plata,Dispositivo multimedia portátil con altavoces estéreo y gran autonomía.,1009.14,32
ACC-2700,Webcam Logitech C920 HD Pro S,Componente de conectividad portátil para expandir los puertos de tus dispositivos.,1793.69,88
CAM-2701,Cámara Canon EOS M50 S,Cámara mirrorless compacta con resolución 4K y sensor APS-C.,1794.17,83
LAP-2702,Laptop Lenovo ThinkPad X1 Carbon S,Laptop gamer de última generación con tarjeta gráfica dedicada y pantalla 144Hz.,337.20,59
TEL-2703,Teléfono Xiaomi 13 Pro S,"Dispositivo con carga superrápida, batería de larga duración y pantalla de 120Hz.",795.58,58
AUD-2704,Audífonos Sennheiser Momentum 4 S,Diadema ergonómica con graves profundos y batería de más de 30 horas.,1116.52,72
MON-2705,Monitor BenQ EW3270U S,Monitor gaming con tasa de refresco rápida y tiempo de respuesta de 1ms.,347.00,32
REL-2706,Reloj Huawei Watch GT 3 S,Smartwatch deportivo resistente al agua con sensores de salud avanzados.,1233.08,30
TECL-2707,Teclado Redragon Kumara K552 S,Teclado mecánico compacto hot-swappable ideal para programación y oficina.,684.44,28
RAT-2708,Ratón Microsoft Bluetooth Ergonomic S,Ratón óptico ultraligero con cable mallado suave y deslizamiento perfecto.,1730.01,25
TAB-2709,Tableta Huawei MatePad 11 S,Tableta versátil con pantalla de alta resolución ideal para estudio y entretenimiento.,1235.13,79
ACC-2710,Webcam Logitech C920 HD Pro SE,Dispositivo de almacenamiento rápido y confiable para respaldos de datos.,970.26,70
CAM-2711,Cámara Canon EOS M50 SE,Cámara de acción resistente al agua con estabilización de imagen avanzada.,502.78,33
LAP-2712,Laptop Lenovo ThinkPad X1 Carbon SE,"Equipo portátil para trabajo pesado, edición de video y multitarea.",1685.78,35
TEL-2713,Teléfono Xiaomi 13 Pro SE,Smartphone de gama alta con pantalla AMOLED y cámara de alta resolución.,919.92,28
AUD-2714,Audífonos Sennheiser Momentum 4 SE,Auriculares in-ear con audio espacial y estuche de carga inalámbrica.,851.82,86
MON-2715,Monitor BenQ EW3270U SE,Monitor curvo e inmersivo con panel IPS e iluminación de baja fatiga visual.,1331.71,26
REL-2716,Reloj Huawei Watch GT 3 SE,Reloj inteligente elegante con control de notificaciones y seguimiento fit.,1712.57,63
TECL-2717,Teclado Redragon Kumara K552 SE,Teclado mecánico gamer con retroiluminación RGB configurable.,1189.53,17
RAT-2718,Ratón Microsoft Bluetooth Ergonomic SE,Ratón gamer ligero de alta precisión con sensor óptico de alta definición.,425.23,41
TAB-2719,Tableta Huawei MatePad 11 SE,Dispositivo multimedia portátil con altavoces estéreo y gran autonomía.,1524.01,71
ACC-2720,Webcam Logitech C920 HD Pro Max,Componente de conectividad portátil para expandir los puertos de tus dispositivos.,387.14,67
CAM-2721,Cámara Canon EOS M50 Max,Cámara mirrorless compacta con resolución 4K y sensor APS-C.,1036.18,74
LAP-2722,Laptop Lenovo ThinkPad X1 Carbon Max,Laptop gamer de última generación con tarjeta gráfica dedicada y pantalla 144Hz.,576.52,86
TEL-2723,Teléfono Xiaomi 13 Pro Max,"Dispositivo con carga superrápida, batería de larga duración y pantalla de 120Hz.",1615.01,15
AUD-2724,Audífonos Sennheiser Momentum 4 Max,Diadema ergonómica con graves profundos y batería de más de 30 horas.,1300.26,84
MON-2725,Monitor BenQ EW3270U Max,Monitor gaming con tasa de refresco rápida y tiempo de respuesta de 1ms.,887.35,82
REL-2726,Reloj Huawei Watch GT 3 Max,Smartwatch deportivo resistente al agua con sensores de salud avanzados.,339.40,46
TECL-2727,Teclado Redragon Kumara K552 Max,Teclado mecánico compacto hot-swappable ideal para programación y oficina.,551.23,58
RAT-2728,Ratón Microsoft Bluetooth Ergonomic Max,Ratón óptico ultraligero con cable mallado suave y deslizamiento perfecto.,93.76,41
TAB-2729,Tableta Huawei MatePad 11 Max,Tableta versátil con pantalla de alta resolución ideal para estudio y entretenimiento.,277.33,3
ACC-2730,Webcam Logitech C920 HD Pro v1,Dispositivo de almacenamiento rápido y confiable para respaldos de datos.,49.01,53
CAM-2731,Cámara Canon EOS M50 v1,Cámara de acción resistente al agua con estabilización de imagen avanzada.,1253.96,72
LAP-2732,Laptop Lenovo ThinkPad X1 Carbon v1,"Equipo portátil para trabajo pesado, edición de video y multitarea.",1372.25,44
TEL-2733,Teléfono Xiaomi 13 Pro v1,Smartphone de gama alta con pantalla AMOLED y cámara de alta resolución.,1370.81,45
AUD-2734,Audífonos Sennheiser Momentum 4 v1,Auriculares in-ear con audio espacial y estuche de carga inalámbrica.,16.52,59
MON-2735,Monitor BenQ EW3270U v1,Monitor curvo e inmersivo con panel IPS e iluminación de baja fatiga visual.,516.09,17
REL-2736,Reloj Huawei Watch GT 3 v1,Reloj inteligente elegante con control de notificaciones y seguimiento fit.,130.57,55
TECL-2737,Teclado Redragon Kumara K552 v1,Teclado mecánico gamer con retroiluminación RGB configurable.,666.83,78
RAT-2738,Ratón Microsoft Bluetooth Ergonomic v1,Ratón gamer ligero de alta precisión con sensor óptico de alta definición.,764.75,49
TAB-2739,Tableta Huawei MatePad 11 v1,Dispositivo multimedia portátil con altavoces estéreo y gran autonomía.,1848.64,56
ACC-2740,Webcam Logitech C920 HD Pro v2,Componente de conectividad portátil para expandir los puertos de tus dispositivos.,1216.94,60
CAM-2741,Cámara Canon EOS M50 v2,Cámara mirrorless compacta con resolución 4K y sensor APS-C.,1667.60,11
LAP-2742,Laptop Lenovo ThinkPad X1 Carbon v2,Laptop gamer de última generación con tarjeta gráfica dedicada y pantalla 144Hz.,729.17,17
TEL-2743,Teléfono Xiaomi 13 Pro v2,"Dispositivo con carga superrápida, batería de larga duración y pantalla de 120Hz.",388.59,8
AUD-2744,Audífonos Sennheiser Momentum 4 v2,Diadema ergonómica con graves profundos y batería de más de 30 horas.,1593.66,78
MON-2745,Monitor BenQ EW3270U v2,Monitor gaming con tasa de refresco rápida y tiempo de respuesta de 1ms.,917.77,24
REL-2746,Reloj Huawei Watch GT 3 v2,Smartwatch deportivo resistente al agua con sensores de salud avanzados.,263.50,62
TECL-2747,Teclado Redragon Kumara K552 v2,Teclado mecánico compacto hot-swappable ideal para programación y oficina.,465.97,38
RAT-2748,Ratón Microsoft Bluetooth Ergonomic v2,Ratón óptico ultraligero con cable mallado suave y deslizamiento perfecto.,1541.19,38
TAB-2749,Tableta Huawei MatePad 11 v2,Tableta versátil con pantalla de alta resolución ideal para estudio y entretenimiento.,255.35,56
ACC-2750,Webcam Logitech C920 HD Pro Pro,Dispositivo de almacenamiento rápido y confiable para respaldos de datos.,287.56,68
CAM-2751,Cámara Canon EOS M50 Pro,Cámara de acción resistente al agua con estabilización de imagen avanzada.,1524.46,16
LAP-2752,Laptop Lenovo ThinkPad X1 Carbon Pro,"Equipo portátil para trabajo pesado, edición de video y multitarea.",1720.82,71
TEL-2753,Teléfono Xiaomi 13 Pro Pro,Smartphone de gama alta con pantalla AMOLED y cámara de alta resolución.,414.45,87
AUD-2754,Audífonos Sennheiser Momentum 4 Pro,Auriculares in-ear con audio espacial y estuche de carga inalámbrica.,1117.59,93
MON-2755,Monitor BenQ EW3270U Pro,Monitor curvo e inmersivo con panel IPS e iluminación de baja fatiga visual.,1735.14,60
REL-2756,Reloj Huawei Watch GT 3 Pro,Reloj inteligente elegante con control de notificaciones y seguimiento fit.,1737.07,8
TECL-2757,Teclado Redragon Kumara K552 Pro,Teclado mecánico gamer con retroiluminación RGB configurable.,679.07,42
RAT-2758,Ratón Microsoft Bluetooth Ergonomic Pro,Ratón gamer ligero de alta precisión con sensor óptico de alta definición.,579.59,59
TAB-2759,Tableta Huawei MatePad 11 Pro,Dispositivo multimedia portátil con altavoces estéreo y gran autonomía.,396.52,40
ACC-2760,Webcam Logitech C920 HD Pro Plus,Componente de conectividad portátil para expandir los puertos de tus dispositivos.,1832.00,84
CAM-2761,Cámara Canon EOS M50 Plus,Cámara mirrorless compacta con resolución 4K y sensor APS-C.,330.36,33
LAP-2762,Laptop Lenovo ThinkPad X1 Carbon Plus,Laptop gamer de última generación con tarjeta gráfica dedicada y pantalla 144Hz.,1574.87,62
TEL-2763,Teléfono Xiaomi 13 Pro Plus,"Dispositivo con carga superrápida, batería de larga duración y pantalla de 120Hz.",1714.90,40
AUD-2764,Audífonos Sennheiser Momentum 4 Plus,Diadema ergonómica con graves profundos y batería de más de 30 horas.,928.43,55
MON-2765,Monitor BenQ EW3270U Plus,Monitor gaming con tasa de refresco rápida y tiempo de respuesta de 1ms.,147.09,24
REL-2766,Reloj Huawei Watch GT 3 Plus,Smartwatch deportivo resistente al agua con sensores de salud avanzados.,932.83,56
TECL-2767,Teclado Redragon Kumara K552 Plus,Teclado mecánico compacto hot-swappable ideal para programación y oficina.,929.56,17
RAT-2768,Ratón Microsoft Bluetooth Ergonomic Plus,Ratón óptico ultraligero con cable mallado suave y deslizamiento perfecto.,1444.47,4
TAB-2769,Tableta Huawei MatePad 11 Plus,Tableta versátil con pantalla de alta resolución ideal para estudio y entretenimiento.,339.64,12
ACC-2770,Webcam Logitech C920 HD Pro Ultra,Dispositivo de almacenamiento rápido y confiable para respaldos de datos.,224.31,15
CAM-2771,Cámara Canon EOS M50 Ultra,Cámara de acción resistente al agua con estabilización de imagen avanzada.,410.29,74
LAP-2772,Laptop Lenovo ThinkPad X1 Carbon Ultra,"Equipo portátil para trabajo pesado, edición de video y multitarea.",1720.34,42
TEL-2773,Teléfono Xiaomi 13 Pro Ultra,Smartphone de gama alta con pantalla AMOLED y cámara de alta resolución.,1770.99,73
AUD-2774,Audífonos Sennheiser Momentum 4 Ultra,Auriculares in-ear con audio espacial y estuche de carga inalámbrica.,1113.33,61
MON-2775,Monitor BenQ EW3270U Ultra,Monitor curvo e inmersivo con panel IPS e iluminación de baja fatiga visual.,1249.65,81
REL-2776,Reloj Huawei Watch GT 3 Ultra,Reloj inteligente elegante con control de notificaciones y seguimiento fit.,683.91,89
TECL-2777,Teclado Redragon Kumara K552 Ultra,Teclado mecánico gamer con retroiluminación RGB configurable.,1131.70,71
RAT-2778,Ratón Microsoft Bluetooth Ergonomic Ultra,Ratón gamer ligero de alta precisión con sensor óptico de alta definición.,1827.09,32
TAB-2779,Tableta Huawei MatePad 11 Ultra,Dispositivo multimedia portátil con altavoces estéreo y gran autonomía.,1344.08,28
ACC-2780,Webcam Logitech C920 HD Pro Lite,Componente de conectividad portátil para expandir los puertos de tus dispositivos.,1104.20,40
CAM-2781,Cámara Canon EOS M50 Lite,Cámara mirrorless compacta con resolución 4K y sensor APS-C.,538.82,38
LAP-2782,Laptop Lenovo ThinkPad X1 Carbon Lite,Laptop gamer de última generación con tarjeta gráfica dedicada y pantalla 144Hz.,654.21,73
TEL-2783,Teléfono Xiaomi 13 Pro Lite,"Dispositivo con carga superrápida, batería de larga duración y pantalla de 120Hz.",1192.09,71
AUD-2784,Audífonos Sennheiser Momentum 4 Lite,Diadema ergonómica con graves profundos y batería de más de 30 horas.,234.92,3
MON-2785,Monitor BenQ EW3270U Lite,Monitor gaming con tasa de refresco rápida y tiempo de respuesta de 1ms.,646.54,81
REL-2786,Reloj Huawei Watch GT 3 Lite,Smartwatch deportivo resistente al agua con sensores de salud avanzados.,1609.00,56
TECL-2787,Teclado Redragon Kumara K552 Lite,Teclado mecánico compacto hot-swappable ideal para programación y oficina.,1312.57,69
RAT-2788,Ratón Microsoft Bluetooth Ergonomic Lite,Ratón óptico ultraligero con cable mallado suave y deslizamiento perfecto.,719.47,86
TAB-2789,Tableta Huawei MatePad 11 Lite,Tableta versátil con pantalla de alta resolución ideal para estudio y entretenimiento.,1466.36,22
ACC-2790,Webcam Logitech C920 HD Pro Edition 2024,Dispositivo de almacenamiento rápido y confiable para respaldos de datos.,156.94,3
CAM-2791,Cámara Canon EOS M50 Edition 2024,Cámara de acción resistente al agua con estabilización de imagen avanzada.,1349.74,87
LAP-2792,Laptop Lenovo ThinkPad X1 Carbon Edition 2024,"Equipo portátil para trabajo pesado, edición de video y multitarea.",257.17,36
TEL-2793,Teléfono Xiaomi 13 Pro Edition 2024,Smartphone de gama alta con pantalla AMOLED y cámara de alta resolución.,128.51,76
AUD-2794,Audífonos Sennheiser Momentum 4 Edition 2024,Auriculares in-ear con audio espacial y estuche de carga inalámbrica.,90.07,17
MON-2795,Monitor BenQ EW3270U Edition 2024,Monitor curvo e inmersivo con panel IPS e iluminación de baja fatiga visual.,1267.32,91
REL-2796,Reloj Huawei Watch GT 3 Edition 2024,Reloj inteligente elegante con control de notificaciones y seguimiento fit.,475.14,73
TECL-2797,Teclado Redragon Kumara K552 Edition 2024,Teclado mecánico gamer con retroiluminación RGB configurable.,1168.79,94
RAT-2798,Ratón Microsoft Bluetooth Ergonomic Edition 2024,Ratón gamer ligero de alta precisión con sensor óptico de alta definición.,1360.03,26
TAB-2799,Tableta Huawei MatePad 11 Edition 2024,Dispositivo multimedia portátil con altavoces estéreo y gran autonomía.,1504.89,25
ACC-2800,Webcam Logitech C920 HD Pro Special Edition,Componente de conectividad portátil para expandir los puertos de tus dispositivos.,1328.80,87
CAM-2801,Cámara Canon EOS M50 Special Edition,Cámara mirrorless compacta con resolución 4K y sensor APS-C.,896.02,46
LAP-2802,Laptop Lenovo ThinkPad X1 Carbon Special Edition,Laptop gamer de última generación con tarjeta gráfica dedicada y pantalla 144Hz.,623.57,81
TEL-2803,Teléfono Xiaomi 13 Pro Special Edition,"Dispositivo con carga superrápida, batería de larga duración y pantalla de 120Hz.",1397.75,10
AUD-2804,Audífonos Sennheiser Momentum 4 Special Edition,Diadema ergonómica con graves profundos y batería de más de 30 horas.,574.49,2
MON-2805,Monitor BenQ EW3270U Special Edition,Monitor gaming con tasa de refresco rápida y tiempo de respuesta de 1ms.,276.22,58
REL-2806,Reloj Huawei Watch GT 3 Special Edition,Smartwatch deportivo resistente al agua con sensores de salud avanzados.,1152.07,6
TECL-2807,Teclado Redragon Kumara K552 Special Edition,Teclado mecánico compacto hot-swappable ideal para programación y oficina.,1058.23,90
RAT-2808,Ratón Microsoft Bluetooth Ergonomic Special Edition,Ratón óptico ultraligero con cable mallado suave y deslizamiento perfecto.,307.69,11
TAB-2809,Tableta Huawei MatePad 11 Special Edition,Tableta versátil con pantalla de alta resolución ideal para estudio y entretenimiento.,1558.73,86
ACC-2810,Webcam Logitech C920 HD Pro Edición Negra,Dispositivo de almacenamiento rápido y confiable para respaldos de datos.,738.26,2
CAM-2811,Cámara Canon EOS M50 Edición Negra,Cámara de acción resistente al agua con estabilización de imagen avanzada.,49.91,29
LAP-2812,Laptop Lenovo ThinkPad X1 Carbon Edición Negra,"Equipo portátil para trabajo pesado, edición de video y multitarea.",1228.29,91
TEL-2813,Teléfono Xiaomi 13 Pro Edición Negra,Smartphone de gama alta con pantalla AMOLED y cámara de alta resolución.,1096.14,77
AUD-2814,Audífonos Sennheiser Momentum 4 Edición Negra,Auriculares in-ear con audio espacial y estuche de carga inalámbrica.,1063.06,73
MON-2815,Monitor BenQ EW3270U Edición Negra,Monitor curvo e inmersivo con panel IPS e iluminación de baja fatiga visual.,1499.10,96
REL-2816,Reloj Huawei Watch GT 3 Edición Negra,Reloj inteligente elegante con control de notificaciones y seguimiento fit.,864.99,43
TECL-2817,Teclado Redragon Kumara K552 Edición Negra,Teclado mecánico gamer con retroiluminación RGB configurable.,1546.40,48
RAT-2818,Ratón Microsoft Bluetooth Ergonomic Edición Negra,Ratón gamer ligero de alta precisión con sensor óptico de alta definición.,152.24,16
TAB-2819,Tableta Huawei MatePad 11 Edición Negra,Dispositivo multimedia portátil con altavoces estéreo y gran autonomía.,477.97,41
ACC-2820,Webcam Logitech C920 HD Pro Edición Plata,Componente de conectividad portátil para expandir los puertos de tus dispositivos.,1142.32,54
CAM-2821,Cámara Canon EOS M50 Edición Plata,Cámara mirrorless compacta con resolución 4K y sensor APS-C.,1793.90,17
LAP-2822,Laptop Lenovo ThinkPad X1 Carbon Edición Plata,Laptop gamer de última generación con tarjeta gráfica dedicada y pantalla 144Hz.,756.60,66
TEL-2823,Teléfono Xiaomi 13 Pro Edición Plata,"Dispositivo con carga superrápida, batería de larga duración y pantalla de 120Hz.",547.26,11
AUD-2824,Audífonos Sennheiser Momentum 4 Edición Plata,Diadema ergonómica con graves profundos y batería de más de 30 horas.,382.75,78
MON-2825,Monitor BenQ EW3270U Edición Plata,Monitor gaming con tasa de refresco rápida y tiempo de respuesta de 1ms.,361.01,48
REL-2826,Reloj Huawei Watch GT 3 Edición Plata,Smartwatch deportivo resistente al agua con sensores de salud avanzados.,367.68,63
TECL-2827,Teclado Redragon Kumara K552 Edición Plata,Teclado mecánico compacto hot-swappable ideal para programación y oficina.,223.58,83
RAT-2828,Ratón Microsoft Bluetooth Ergonomic Edición Plata,Ratón óptico ultraligero con cable mallado suave y deslizamiento perfecto.,819.02,1
TAB-2829,Tableta Huawei MatePad 11 Edición Plata,Tableta versátil con pantalla de alta resolución ideal para estudio y entretenimiento.,497.00,3
ACC-2830,Webcam Logitech C920 HD Pro S,Dispositivo de almacenamiento rápido y confiable para respaldos de datos.,1219.34,55
CAM-2831,Cámara Canon EOS M50 S,Cámara de acción resistente al agua con estabilización de imagen avanzada.,955.75,82
LAP-2832,Laptop Lenovo ThinkPad X1 Carbon S,"Equipo portátil para trabajo pesado, edición de video y multitarea.",1573.32,7
TEL-2833,Teléfono Xiaomi 13 Pro S,Smartphone de gama alta con pantalla AMOLED y cámara de alta resolución.,1448.64,12
AUD-2834,Audífonos Sennheiser Momentum 4 S,Auriculares in-ear con audio espacial y estuche de carga inalámbrica.,914.13,99
MON-2835,Monitor BenQ EW3270U S,Monitor curvo e inmersivo con panel IPS e iluminación de baja fatiga visual.,411.64,2
REL-2836,Reloj Huawei Watch GT 3 S,Reloj inteligente elegante con control de notificaciones y seguimiento fit.,1130.05,17
TECL-2837,Teclado Redragon Kumara K552 S,Teclado mecánico gamer con retroiluminación RGB configurable.,584.78,48
RAT-2838,Ratón Microsoft Bluetooth Ergonomic S,Ratón gamer ligero de alta precisión con sensor óptico de alta definición.,1346.30,84
TAB-2839,Tableta Huawei MatePad 11 S,Dispositivo multimedia portátil con altavoces estéreo y gran autonomía.,808.66,38
ACC-2840,Webcam Logitech C920 HD Pro SE,Componente de conectividad portátil para expandir los puertos de tus dispositivos.,1430.73,24
CAM-2841,Cámara Canon EOS M50 SE,Cámara mirrorless compacta con resolución 4K y sensor APS-C.,685.35,82
LAP-2842,Laptop Lenovo ThinkPad X1 Carbon SE,Laptop gamer de última generación con tarjeta gráfica dedicada y pantalla 144Hz.,18.74,41
TEL-2843,Teléfono Xiaomi 13 Pro SE,"Dispositivo con carga superrápida, batería de larga duración y pantalla de 120Hz.",1081.80,2
AUD-2844,Audífonos Sennheiser Momentum 4 SE,Diadema ergonómica con graves profundos y batería de más de 30 horas.,842.55,26
MON-2845,Monitor BenQ EW3270U SE,Monitor gaming con tasa de refresco rápida y tiempo de respuesta de 1ms.,370.09,45
REL-2846,Reloj Huawei Watch GT 3 SE,Smartwatch deportivo resistente al agua con sensores de salud avanzados.,720.49,57
TECL-2847,Teclado Redragon Kumara K552 SE,Teclado mecánico compacto hot-swappable ideal para programación y oficina.,1336.16,1
RAT-2848,Ratón Microsoft Bluetooth Ergonomic SE,Ratón óptico ultraligero con cable mallado suave y deslizamiento perfecto.,1037.46,19
TAB-2849,Tableta Huawei MatePad 11 SE,Tableta versátil con pantalla de alta resolución ideal para estudio y entretenimiento.,853.26,4
ACC-2850,Webcam Logitech C920 HD Pro Max,Dispositivo de almacenamiento rápido y confiable para respaldos de datos.,46.53,47
CAM-2851,Cámara Canon EOS M50 Max,Cámara de acción resistente al agua con estabilización de imagen avanzada.,623.71,90
LAP-2852,Laptop Lenovo ThinkPad X1 Carbon Max,"Equipo portátil para trabajo pesado, edición de video y multitarea.",116.21,2
TEL-2853,Teléfono Xiaomi 13 Pro Max,Smartphone de gama alta con pantalla AMOLED y cámara de alta resolución.,313.48,49
AUD-2854,Audífonos Sennheiser Momentum 4 Max,Auriculares in-ear con audio espacial y estuche de carga inalámbrica.,184.99,78
MON-2855,Monitor BenQ EW3270U Max,Monitor curvo e inmersivo con panel IPS e iluminación de baja fatiga visual.,977.60,37
REL-2856,Reloj Huawei Watch GT 3 Max,Reloj inteligente elegante con control de notificaciones y seguimiento fit.,1174.87,9
TECL-2857,Teclado Redragon Kumara K552 Max,Teclado mecánico gamer con retroiluminación RGB configurable.,1396.05,14
RAT-2858,Ratón Microsoft Bluetooth Ergonomic Max,Ratón gamer ligero de alta precisión con sensor óptico de alta definición.,1148.51,29
TAB-2859,Tableta Huawei MatePad 11 Max,Dispositivo multimedia portátil con altavoces estéreo y gran autonomía.,929.20,54
ACC-2860,Webcam Logitech C920 HD Pro v1,Componente de conectividad portátil para expandir los puertos de tus dispositivos.,1267.36,1
CAM-2861,Cámara Canon EOS M50 v1,Cámara mirrorless compacta con resolución 4K y sensor APS-C.,633.87,17
LAP-2862,Laptop Lenovo ThinkPad X1 Carbon v1,Laptop gamer de última generación con tarjeta gráfica dedicada y pantalla 144Hz.,1273.57,54
TEL-2863,Teléfono Xiaomi 13 Pro v1,"Dispositivo con carga superrápida, batería de larga duración y pantalla de 120Hz.",1717.02,5
AUD-2864,Audífonos Sennheiser Momentum 4 v1,Diadema ergonómica con graves profundos y batería de más de 30 horas.,1049.20,93
MON-2865,Monitor BenQ EW3270U v1,Monitor gaming con tasa de refresco rápida y tiempo de respuesta de 1ms.,1155.43,18
REL-2866,Reloj Huawei Watch GT 3 v1,Smartwatch deportivo resistente al agua con sensores de salud avanzados.,925.61,47
TECL-2867,Teclado Redragon Kumara K552 v1,Teclado mecánico compacto hot-swappable ideal para programación y oficina.,90.64,26
RAT-2868,Ratón Microsoft Bluetooth Ergonomic v1,Ratón óptico ultraligero con cable mallado suave y deslizamiento perfecto.,915.66,86
TAB-2869,Tableta Huawei MatePad 11 v1,Tableta versátil con pantalla de alta resolución ideal para estudio y entretenimiento.,938.80,74
ACC-2870,Webcam Logitech C920 HD Pro v2,Dispositivo de almacenamiento rápido y confiable para respaldos de datos.,803.90,84
CAM-2871,Cámara Canon EOS M50 v2,Cámara de acción resistente al agua con estabilización de imagen avanzada.,1278.99,91
LAP-2872,Laptop Lenovo ThinkPad X1 Carbon v2,"Equipo portátil para trabajo pesado, edición de video y multitarea.",1729.52,1
TEL-2873,Teléfono Xiaomi 13 Pro v2,Smartphone de gama alta con pantalla AMOLED y cámara de alta resolución.,1245.83,58
AUD-2874,Audífonos Sennheiser Momentum 4 v2,Auriculares in-ear con audio espacial y estuche de carga inalámbrica.,363.56,35
MON-2875,Monitor BenQ EW3270U v2,Monitor curvo e inmersivo con panel IPS e iluminación de baja fatiga visual.,341.32,86
REL-2876,Reloj Huawei Watch GT 3 v2,Reloj inteligente elegante con control de notificaciones y seguimiento fit.,1036.22,90
TECL-2877,Teclado Redragon Kumara K552 v2,Teclado mecánico gamer con retroiluminación RGB configurable.,733.55,99
RAT-2878,Ratón Microsoft Bluetooth Ergonomic v2,Ratón gamer ligero de alta precisión con sensor óptico de alta definición.,308.27,45
TAB-2879,Tableta Huawei MatePad 11 v2,Dispositivo multimedia portátil con altavoces estéreo y gran autonomía.,69.07,9
ACC-2880,Webcam Logitech C920 HD Pro Pro,Componente de conectividad portátil para expandir los puertos de tus dispositivos.,939.18,29
CAM-2881,Cámara Canon EOS M50 Pro,Cámara mirrorless compacta con resolución 4K y sensor APS-C.,1488.72,37
LAP-2882,Laptop Lenovo ThinkPad X1 Carbon Pro,Laptop gamer de última generación con tarjeta gráfica dedicada y pantalla 144Hz.,300.44,3
TEL-2883,Teléfono Xiaomi 13 Pro Pro,"Dispositivo con carga superrápida, batería de larga duración y pantalla de 120Hz.",1743.99,31
AUD-2884,Audífonos Sennheiser Momentum 4 Pro,Diadema ergonómica con graves profundos y batería de más de 30 horas.,276.39,70
MON-2885,Monitor BenQ EW3270U Pro,Monitor gaming con tasa de refresco rápida y tiempo de respuesta de 1ms.,128.42,97
REL-2886,Reloj Huawei Watch GT 3 Pro,Smartwatch deportivo resistente al agua con sensores de salud avanzados.,1781.75,58
TECL-2887,Teclado Redragon Kumara K552 Pro,Teclado mecánico compacto hot-swappable ideal para programación y oficina.,1186.94,13
RAT-2888,Ratón Microsoft Bluetooth Ergonomic Pro,Ratón óptico ultraligero con cable mallado suave y deslizamiento perfecto.,570.67,76
TAB-2889,Tableta Huawei MatePad 11 Pro,Tableta versátil con pantalla de alta resolución ideal para estudio y entretenimiento.,1067.71,80
ACC-2890,Webcam Logitech C920 HD Pro Plus,Dispositivo de almacenamiento rápido y confiable para respaldos de datos.,511.78,7
CAM-2891,Cámara Canon EOS M50 Plus,Cámara de acción resistente al agua con estabilización de imagen avanzada.,1741.45,48
LAP-2892,Laptop Lenovo ThinkPad X1 Carbon Plus,"Equipo portátil para trabajo pesado, edición de video y multitarea.",1600.53,85
TEL-2893,Teléfono Xiaomi 13 Pro Plus,Smartphone de gama alta con pantalla AMOLED y cámara de alta resolución.,1691.94,97
AUD-2894,Audífonos Sennheiser Momentum 4 Plus,Auriculares in-ear con audio espacial y estuche de carga inalámbrica.,1077.95,85
MON-2895,Monitor BenQ EW3270U Plus,Monitor curvo e inmersivo con panel IPS e iluminación de baja fatiga visual.,1102.17,94
REL-2896,Reloj Huawei Watch GT 3 Plus,Reloj inteligente elegante con control de notificaciones y seguimiento fit.,808.57,23
TECL-2897,Teclado Redragon Kumara K552 Plus,Teclado mecánico gamer con retroiluminación RGB configurable.,453.26,22
RAT-2898,Ratón Microsoft Bluetooth Ergonomic Plus,Ratón gamer ligero de alta precisión con sensor óptico de alta definición.,335.13,34
TAB-2899,Tableta Huawei MatePad 11 Plus,Dispositivo multimedia portátil con altavoces estéreo y gran autonomía.,1002.36,36
ACC-2900,Webcam Logitech C920 HD Pro Ultra,Componente de conectividad portátil para expandir los puertos de tus dispositivos.,1766.45,37
CAM-2901,Cámara Canon EOS M50 Ultra,Cámara mirrorless compacta con resolución 4K y sensor APS-C.,211.57,42
LAP-2902,Laptop Lenovo ThinkPad X1 Carbon Ultra,Laptop gamer de última generación con tarjeta gráfica dedicada y pantalla 144Hz.,1853.20,74
TEL-2903,Teléfono Xiaomi 13 Pro Ultra,"Dispositivo con carga superrápida, batería de larga duración y pantalla de 120Hz.",1588.50,66
AUD-2904,Audífonos Sennheiser Momentum 4 Ultra,Diadema ergonómica con graves profundos y batería de más de 30 horas.,1325.62,48
MON-2905,Monitor BenQ EW3270U Ultra,Monitor gaming con tasa de refresco rápida y tiempo de respuesta de 1ms.,1269.40,22
REL-2906,Reloj Huawei Watch GT 3 Ultra,Smartwatch deportivo resistente al agua con sensores de salud avanzados.,244.78,95
TECL-2907,Teclado Redragon Kumara K552 Ultra,Teclado mecánico compacto hot-swappable ideal para programación y oficina.,1039.28,32
RAT-2908,Ratón Microsoft Bluetooth Ergonomic Ultra,Ratón óptico ultraligero con cable mallado suave y deslizamiento perfecto.,1346.14,47
TAB-2909,Tableta Huawei MatePad 11 Ultra,Tableta versátil con pantalla de alta resolución ideal para estudio y entretenimiento.,1384.19,30
ACC-2910,Webcam Logitech C920 HD Pro Lite,Dispositivo de almacenamiento rápido y confiable para respaldos de datos.,50.28,87
CAM-2911,Cámara Canon EOS M50 Lite,Cámara de acción resistente al agua con estabilización de imagen avanzada.,1715.26,88
LAP-2912,Laptop Lenovo ThinkPad X1 Carbon Lite,"Equipo portátil para trabajo pesado, edición de video y multitarea.",1601.93,6
TEL-2913,Teléfono Xiaomi 13 Pro Lite,Smartphone de gama alta con pantalla AMOLED y cámara de alta resolución.,548.08,26
AUD-2914,Audífonos Sennheiser Momentum 4 Lite,Auriculares in-ear con audio espacial y estuche de carga inalámbrica.,1422.72,98
MON-2915,Monitor BenQ EW3270U Lite,Monitor curvo e inmersivo con panel IPS e iluminación de baja fatiga visual.,1578.86,51
REL-2916,Reloj Huawei Watch GT 3 Lite,Reloj inteligente elegante con control de notificaciones y seguimiento fit.,943.02,14
TECL-2917,Teclado Redragon Kumara K552 Lite,Teclado mecánico gamer con retroiluminación RGB configurable.,1562.73,61
RAT-2918,Ratón Microsoft Bluetooth Ergonomic Lite,Ratón gamer ligero de alta precisión con sensor óptico de alta definición.,1881.46,10
TAB-2919,Tableta Huawei MatePad 11 Lite,Dispositivo multimedia portátil con altavoces estéreo y gran autonomía.,225.43,57
ACC-2920,Webcam Logitech C920 HD Pro Edition 2024,Componente de conectividad portátil para expandir los puertos de tus dispositivos.,1289.14,3
CAM-2921,Cámara Canon EOS M50 Edition 2024,Cámara mirrorless compacta con resolución 4K y sensor APS-C.,142.23,74
LAP-2922,Laptop Lenovo ThinkPad X1 Carbon Edition 2024,Laptop gamer de última generación con tarjeta gráfica dedicada y pantalla 144Hz.,31.94,9
TEL-2923,Teléfono Xiaomi 13 Pro Edition 2024,"Dispositivo con carga superrápida, batería de larga duración y pantalla de 120Hz.",1525.91,90
AUD-2924,Audífonos Sennheiser Momentum 4 Edition 2024,Diadema ergonómica con graves profundos y batería de más de 30 horas.,769.64,54
MON-2925,Monitor BenQ EW3270U Edition 2024,Monitor gaming con tasa de refresco rápida y tiempo de respuesta de 1ms.,1217.43,58
REL-2926,Reloj Huawei Watch GT 3 Edition 2024,Smartwatch deportivo resistente al agua con sensores de salud avanzados.,1352.28,80
TECL-2927,Teclado Redragon Kumara K552 Edition 2024,Teclado mecánico compacto hot-swappable ideal para programación y oficina.,1124.13,27
RAT-2928,Ratón Microsoft Bluetooth Ergonomic Edition 2024,Ratón óptico ultraligero con cable mallado suave y deslizamiento perfecto.,1764.54,73
TAB-2929,Tableta Huawei MatePad 11 Edition 2024,Tableta versátil con pantalla de alta resolución ideal para estudio y entretenimiento.,524.82,83
ACC-2930,Webcam Logitech C920 HD Pro Special Edition,Dispositivo de almacenamiento rápido y confiable para respaldos de datos.,1513.79,50
CAM-2931,Cámara Canon EOS M50 Special Edition,Cámara de acción resistente al agua con estabilización de imagen avanzada.,660.91,52
LAP-2932,Laptop Lenovo ThinkPad X1 Carbon Special Edition,"Equipo portátil para trabajo pesado, edición de video y multitarea.",1537.38,3
TEL-2933,Teléfono Xiaomi 13 Pro Special Edition,Smartphone de gama alta con pantalla AMOLED y cámara de alta resolución.,564.62,91
AUD-2934,Audífonos Sennheiser Momentum 4 Special Edition,Auriculares in-ear con audio espacial y estuche de carga inalámbrica.,729.84,94
MON-2935,Monitor BenQ EW3270U Special Edition,Monitor curvo e inmersivo con panel IPS e iluminación de baja fatiga visual.,385.78,59
REL-2936,Reloj Huawei Watch GT 3 Special Edition,Reloj inteligente elegante con control de notificaciones y seguimiento fit.,1140.45,53
TECL-2937,Teclado Redragon Kumara K552 Special Edition,Teclado mecánico gamer con retroiluminación RGB configurable.,1313.47,69
RAT-2938,Ratón Microsoft Bluetooth Ergonomic Special Edition,Ratón gamer ligero de alta precisión con sensor óptico de alta definición.,166.45,34
TAB-2939,Tableta Huawei MatePad 11 Special Edition,Dispositivo multimedia portátil con altavoces estéreo y gran autonomía.,1752.06,76
ACC-2940,Webcam Logitech C920 HD Pro Edición Negra,Componente de conectividad portátil para expandir los puertos de tus dispositivos.,1344.04,5
CAM-2941,Cámara Canon EOS M50 Edición Negra,Cámara mirrorless compacta con resolución 4K y sensor APS-C.,853.45,64
LAP-2942,Laptop Lenovo ThinkPad X1 Carbon Edición Negra,Laptop gamer de última generación con tarjeta gráfica dedicada y pantalla 144Hz.,1201.66,43
TEL-2943,Teléfono Xiaomi 13 Pro Edición Negra,"Dispositivo con carga superrápida, batería de larga duración y pantalla de 120Hz.",1730.68,78
AUD-2944,Audífonos Sennheiser Momentum 4 Edición Negra,Diadema ergonómica con graves profundos y batería de más de 30 horas.,1897.55,7
MON-2945,Monitor BenQ EW3270U Edición Negra,Monitor gaming con tasa de refresco rápida y tiempo de respuesta de 1ms.,1415.31,40
REL-2946,Reloj Huawei Watch GT 3 Edición Negra,Smartwatch deportivo resistente al agua con sensores de salud avanzados.,685.60,34
TECL-2947,Teclado Redragon Kumara K552 Edición Negra,Teclado mecánico compacto hot-swappable ideal para programación y oficina.,473.80,59
RAT-2948,Ratón Microsoft Bluetooth Ergonomic Edición Negra,Ratón óptico ultraligero con cable mallado suave y deslizamiento perfecto.,541.08,71
TAB-2949,Tableta Huawei MatePad 11 Edición Negra,Tableta versátil con pantalla de alta resolución ideal para estudio y entretenimiento.,1463.83,47
ACC-2950,Webcam Logitech C920 HD Pro Edición Plata,Dispositivo de almacenamiento rápido y confiable para respaldos de datos.,1792.74,51
CAM-2951,Cámara Canon EOS M50 Edición Plata,Cámara de acción resistente al agua con estabilización de imagen avanzada.,1414.91,94
LAP-2952,Laptop Lenovo ThinkPad X1 Carbon Edición Plata,"Equipo portátil para trabajo pesado, edición de video y multitarea.",238.25,11
TEL-2953,Teléfono Xiaomi 13 Pro Edición Plata,Smartphone de gama alta con pantalla AMOLED y cámara de alta resolución.,745.36,74
AUD-2954,Audífonos Sennheiser Momentum 4 Edición Plata,Auriculares in-ear con audio espacial y estuche de carga inalámbrica.,1730.73,79
MON-2955,Monitor BenQ EW3270U Edición Plata,Monitor curvo e inmersivo con panel IPS e iluminación de baja fatiga visual.,1240.53,81
REL-2956,Reloj Huawei Watch GT 3 Edición Plata,Reloj inteligente elegante con control de notificaciones y seguimiento fit.,1107.68,32
TECL-2957,Teclado Redragon Kumara K552 Edición Plata,Teclado mecánico gamer con retroiluminación RGB configurable.,70.31,23
RAT-2958,Ratón Microsoft Bluetooth Ergonomic Edición Plata,Ratón gamer ligero de alta precisión con sensor óptico de alta definición.,1761.65,93
TAB-2959,Tableta Huawei MatePad 11 Edición Plata,Dispositivo multimedia portátil con altavoces estéreo y gran autonomía.,1370.46,2
ACC-2960,Webcam Logitech C920 HD Pro S,Componente de conectividad portátil para expandir los puertos de tus dispositivos.,147.53,55
CAM-2961,Cámara Canon EOS M50 S,Cámara mirrorless compacta con resolución 4K y sensor APS-C.,612.25,44
LAP-2962,Laptop Lenovo ThinkPad X1 Carbon S,Laptop gamer de última generación con tarjeta gráfica dedicada y pantalla 144Hz.,301.18,23
TEL-2963,Teléfono Xiaomi 13 Pro S,"Dispositivo con carga superrápida, batería de larga duración y pantalla de 120Hz.",1405.77,10
AUD-2964,Audífonos Sennheiser Momentum 4 S,Diadema ergonómica con graves profundos y batería de más de 30 horas.,1265.36,6
MON-2965,Monitor BenQ EW3270U S,Monitor gaming con tasa de refresco rápida y tiempo de respuesta de 1ms.,407.62,6
REL-2966,Reloj Huawei Watch GT 3 S,Smartwatch deportivo resistente al agua con sensores de salud avanzados.,1140.02,58
TECL-2967,Teclado Redragon Kumara K552 S,Teclado mecánico compacto hot-swappable ideal para programación y oficina.,1468.03,86
RAT-2968,Ratón Microsoft Bluetooth Ergonomic S,Ratón óptico ultraligero con cable mallado suave y deslizamiento perfecto.,128.11,59
TAB-2969,Tableta Huawei MatePad 11 S,Tableta versátil con pantalla de alta resolución ideal para estudio y entretenimiento.,1811.48,99
ACC-2970,Webcam Logitech C920 HD Pro SE,Dispositivo de almacenamiento rápido y confiable para respaldos de datos.,1522.91,80
CAM-2971,Cámara Canon EOS M50 SE,Cámara de acción resistente al agua con estabilización de imagen avanzada.,1116.02,8
LAP-2972,Laptop Lenovo ThinkPad X1 Carbon SE,"Equipo portátil para trabajo pesado, edición de video y multitarea.",1552.18,12
TEL-2973,Teléfono Xiaomi 13 Pro SE,Smartphone de gama alta con pantalla AMOLED y cámara de alta resolución.,1487.19,86
AUD-2974,Audífonos Sennheiser Momentum 4 SE,Auriculares in-ear con audio espacial y estuche de carga inalámbrica.,85.31,99
MON-2975,Monitor BenQ EW3270U SE,Monitor curvo e inmersivo con panel IPS e iluminación de baja fatiga visual.,1269.09,73
REL-2976,Reloj Huawei Watch GT 3 SE,Reloj inteligente elegante con control de notificaciones y seguimiento fit.,601.16,59
TECL-2977,Teclado Redragon Kumara K552 SE,Teclado mecánico gamer con retroiluminación RGB configurable.,853.48,69
RAT-2978,Ratón Microsoft Bluetooth Ergonomic SE,Ratón gamer ligero de alta precisión con sensor óptico de alta definición.,1091.08,19
TAB-2979,Tableta Huawei MatePad 11 SE,Dispositivo multimedia portátil con altavoces estéreo y gran autonomía.,300.62,70
ACC-2980,Webcam Logitech C920 HD Pro Max,Componente de conectividad portátil para expandir los puertos de tus dispositivos.,996.22,78
CAM-2981,Cámara Canon EOS M50 Max,Cámara mirrorless compacta con resolución 4K y sensor APS-C.,1233.20,78
LAP-2982,Laptop Lenovo ThinkPad X1 Carbon Max,Laptop gamer de última generación con tarjeta gráfica dedicada y pantalla 144Hz.,1384.23,41
TEL-2983,Teléfono Xiaomi 13 Pro Max,"Dispositivo con carga superrápida, batería de larga duración y pantalla de 120Hz.",679.62,48
AUD-2984,Audífonos Sennheiser Momentum 4 Max,Diadema ergonómica con graves profundos y batería de más de 30 horas.,217.62,98
MON-2985,Monitor BenQ EW3270U Max,Monitor gaming con tasa de refresco rápida y tiempo de respuesta de 1ms.,1874.64,45
REL-2986,Reloj Huawei Watch GT 3 Max,Smartwatch deportivo resistente al agua con sensores de salud avanzados.,194.78,89
TECL-2987,Teclado Redragon Kumara K552 Max,Teclado mecánico compacto hot-swappable ideal para programación y oficina.,59.89,63
RAT-2988,Ratón Microsoft Bluetooth Ergonomic Max,Ratón óptico ultraligero con cable mallado suave y deslizamiento perfecto.,1287.94,10
TAB-2989,Tableta Huawei MatePad 11 Max,Tableta versátil con pantalla de alta resolución ideal para estudio y entretenimiento.,1677.72,69
ACC-2990,Webcam Logitech C920 HD Pro v1,Dispositivo de almacenamiento rápido y confiable para respaldos de datos.,147.47,96
CAM-2991,Cámara Canon EOS M50 v1,Cámara de acción resistente al agua con estabilización de imagen avanzada.,1099.31,56
LAP-2992,Laptop Lenovo ThinkPad X1 Carbon v1,"Equipo portátil para trabajo pesado, edición de video y multitarea.",1427.74,65
TEL-2993,Teléfono Xiaomi 13 Pro v1,Smartphone de gama alta con pantalla AMOLED y cámara de alta resolución.,1638.46,51
AUD-2994,Audífonos Sennheiser Momentum 4 v1,Auriculares in-ear con audio espacial y estuche de carga inalámbrica.,1098.32,41
MON-2995,Monitor BenQ EW3270U v1,Monitor curvo e inmersivo con panel IPS e iluminación de baja fatiga visual.,669.76,17
REL-2996,Reloj Huawei Watch GT 3 v1,Reloj inteligente elegante con control de notificaciones y seguimiento fit.,1800.88,10
TECL-2997,Teclado Redragon Kumara K552 v1,Teclado mecánico gamer con retroiluminación RGB configurable.,104.84,30
RAT-2998,Ratón Microsoft Bluetooth Ergonomic v1,Ratón gamer ligero de alta precisión con sensor óptico de alta definición.,764.63,20
TAB-2999,Tableta Huawei MatePad 11 v1,Dispositivo multimedia portátil con altavoces estéreo y gran autonomía.,1289.15,36
ACC-3000,Webcam Logitech C920 HD Pro v2,Componente de conectividad portátil para expandir los puertos de tus dispositivos.,1219.63,40
CAM-3001,Cámara Canon EOS M50 v2,Cámara mirrorless compacta con resolución 4K y sensor APS-C.,564.94,57
LAP-3002,Laptop Lenovo ThinkPad X1 Carbon v2,Laptop gamer de última generación con tarjeta gráfica dedicada y pantalla 144Hz.,386.07,82
TEL-3003,Teléfono Xiaomi 13 Pro v2,"Dispositivo con carga superrápida, batería de larga duración y pantalla de 120Hz.",1063.27,94
AUD-3004,Audífonos Sennheiser Momentum 4 v2,Diadema ergonómica con graves profundos y batería de más de 30 horas.,947.91,27
MON-3005,Monitor BenQ EW3270U v2,Monitor gaming con tasa de refresco rápida y tiempo de respuesta de 1ms.,1388.89,51
REL-3006,Reloj Huawei Watch GT 3 v2,Smartwatch deportivo resistente al agua con sensores de salud avanzados.,1351.09,91
TECL-3007,Teclado Redragon Kumara K552 v2,Teclado mecánico compacto hot-swappable ideal para programación y oficina.,1275.44,49
RAT-3008,Ratón Microsoft Bluetooth Ergonomic v2,Ratón óptico ultraligero con cable mallado suave y deslizamiento perfecto.,509.44,4
TAB-3009,Tableta Huawei MatePad 11 v2,Tableta versátil con pantalla de alta resolución ideal para estudio y entretenimiento.,885.69,44
ACC-3010,Webcam Logitech C920 HD Pro Pro,Dispositivo de almacenamiento rápido y confiable para respaldos de datos.,1234.04,72
CAM-3011,Cámara Canon EOS M50 Pro,Cámara de acción resistente al agua con estabilización de imagen avanzada.,486.03,81
LAP-3012,Laptop Lenovo ThinkPad X1 Carbon Pro,"Equipo portátil para trabajo pesado, edición de video y multitarea.",516.85,64
TEL-3013,Teléfono Xiaomi 13 Pro Pro,Smartphone de gama alta con pantalla AMOLED y cámara de alta resolución.,1304.53,64
AUD-3014,Audífonos Sennheiser Momentum 4 Pro,Auriculares in-ear con audio espacial y estuche de carga inalámbrica.,224.66,72
MON-3015,Monitor BenQ EW3270U Pro,Monitor curvo e inmersivo con panel IPS e iluminación de baja fatiga visual.,1380.19,91
REL-3016,Reloj Huawei Watch GT 3 Pro,Reloj inteligente elegante con control de notificaciones y seguimiento fit.,1321.99,39
TECL-3017,Teclado Redragon Kumara K552 Pro,Teclado mecánico gamer con retroiluminación RGB configurable.,1264.00,7
RAT-3018,Ratón Microsoft Bluetooth Ergonomic Pro,Ratón gamer ligero de alta precisión con sensor óptico de alta definición.,821.02,36
TAB-3019,Tableta Huawei MatePad 11 Pro,Dispositivo multimedia portátil con altavoces estéreo y gran autonomía.,677.25,18
ACC-3020,Webcam Logitech C920 HD Pro Plus,Componente de conectividad portátil para expandir los puertos de tus dispositivos.,836.49,59
CAM-3021,Cámara Canon EOS M50 Plus,Cámara mirrorless compacta con resolución 4K y sensor APS-C.,1160.31,3
LAP-3022,Laptop Lenovo ThinkPad X1 Carbon Plus,Laptop gamer de última generación con tarjeta gráfica dedicada y pantalla 144Hz.,864.27,18
TEL-3023,Teléfono Xiaomi 13 Pro Plus,"Dispositivo con carga superrápida, batería de larga duración y pantalla de 120Hz.",1104.87,54
AUD-3024,Audífonos Sennheiser Momentum 4 Plus,Diadema ergonómica con graves profundos y batería de más de 30 horas.,286.74,14
MON-3025,Monitor BenQ EW3270U Plus,Monitor gaming con tasa de refresco rápida y tiempo de respuesta de 1ms.,114.92,40
REL-3026,Reloj Huawei Watch GT 3 Plus,Smartwatch deportivo resistente al agua con sensores de salud avanzados.,1030.18,91
TECL-3027,Teclado Redragon Kumara K552 Plus,Teclado mecánico compacto hot-swappable ideal para programación y oficina.,364.29,55
RAT-3028,Ratón Microsoft Bluetooth Ergonomic Plus,Ratón óptico ultraligero con cable mallado suave y deslizamiento perfecto.,1269.15,84
TAB-3029,Tableta Huawei MatePad 11 Plus,Tableta versátil con pantalla de alta resolución ideal para estudio y entretenimiento.,971.20,18
ACC-3030,Webcam Logitech C920 HD Pro Ultra,Dispositivo de almacenamiento rápido y confiable para respaldos de datos.,444.69,97
CAM-3031,Cámara Canon EOS M50 Ultra,Cámara de acción resistente al agua con estabilización de imagen avanzada.,1203.93,55
LAP-3032,Laptop Lenovo ThinkPad X1 Carbon Ultra,"Equipo portátil para trabajo pesado, edición de video y multitarea.",366.17,45
TEL-3033,Teléfono Xiaomi 13 Pro Ultra,Smartphone de gama alta con pantalla AMOLED y cámara de alta resolución.,1528.98,75
AUD-3034,Audífonos Sennheiser Momentum 4 Ultra,Auriculares in-ear con audio espacial y estuche de carga inalámbrica.,1121.28,98
MON-3035,Monitor BenQ EW3270U Ultra,Monitor curvo e inmersivo con panel IPS e iluminación de baja fatiga visual.,1011.61,38
REL-3036,Reloj Huawei Watch GT 3 Ultra,Reloj inteligente elegante con control de notificaciones y seguimiento fit.,1202.00,13
TECL-3037,Teclado Redragon Kumara K552 Ultra,Teclado mecánico gamer con retroiluminación RGB configurable.,1200.39,12
RAT-3038,Ratón Microsoft Bluetooth Ergonomic Ultra,Ratón gamer ligero de alta precisión con sensor óptico de alta definición.,281.71,66
TAB-3039,Tableta Huawei MatePad 11 Ultra,Dispositivo multimedia portátil con altavoces estéreo y gran autonomía.,101.02,67
ACC-3040,Webcam Logitech C920 HD Pro Lite,Componente de conectividad portátil para expandir los puertos de tus dispositivos.,1824.90,29
CAM-3041,Cámara Canon EOS M50 Lite,Cámara mirrorless compacta con resolución 4K y sensor APS-C.,93.14,5
LAP-3042,Laptop Lenovo ThinkPad X1 Carbon Lite,Laptop gamer de última generación con tarjeta gráfica dedicada y pantalla 144Hz.,900.02,60
TEL-3043,Teléfono Xiaomi 13 Pro Lite,"Dispositivo con carga superrápida, batería de larga duración y pantalla de 120Hz.",1063.26,46
AUD-3044,Audífonos Sennheiser Momentum 4 Lite,Diadema ergonómica con graves profundos y batería de más de 30 horas.,837.19,88
MON-3045,Monitor BenQ EW3270U Lite,Monitor gaming con tasa de refresco rápida y tiempo de respuesta de 1ms.,505.95,23
REL-3046,Reloj Huawei Watch GT 3 Lite,Smartwatch deportivo resistente al agua con sensores de salud avanzados.,52.92,14
TECL-3047,Teclado Redragon Kumara K552 Lite,Teclado mecánico compacto hot-swappable ideal para programación y oficina.,676.58,95
RAT-3048,Ratón Microsoft Bluetooth Ergonomic Lite,Ratón óptico ultraligero con cable mallado suave y deslizamiento perfecto.,336.69,30
TAB-3049,Tableta Huawei MatePad 11 Lite,Tableta versátil con pantalla de alta resolución ideal para estudio y entretenimiento.,870.95,83
ACC-3050,Webcam Logitech C920 HD Pro Edition 2024,Dispositivo de almacenamiento rápido y confiable para respaldos de datos.,961.00,40
CAM-3051,Cámara Canon EOS M50 Edition 2024,Cámara de acción resistente al agua con estabilización de imagen avanzada.,1563.82,73
LAP-3052,Laptop Lenovo ThinkPad X1 Carbon Edition 2024,"Equipo portátil para trabajo pesado, edición de video y multitarea.",166.47,30
TEL-3053,Teléfono Xiaomi 13 Pro Edition 2024,Smartphone de gama alta con pantalla AMOLED y cámara de alta resolución.,898.15,62
AUD-3054,Audífonos Sennheiser Momentum 4 Edition 2024,Auriculares in-ear con audio espacial y estuche de carga inalámbrica.,251.32,87
MON-3055,Monitor BenQ EW3270U Edition 2024,Monitor curvo e inmersivo con panel IPS e iluminación de baja fatiga visual.,1118.39,100
REL-3056,Reloj Huawei Watch GT 3 Edition 2024,Reloj inteligente elegante con control de notificaciones y seguimiento fit.,656.77,10
TECL-3057,Teclado Redragon Kumara K552 Edition 2024,Teclado mecánico gamer con retroiluminación RGB configurable.,1155.66,60
RAT-3058,Ratón Microsoft Bluetooth Ergonomic Edition 2024,Ratón gamer ligero de alta precisión con sensor óptico de alta definición.,1031.96,88
TAB-3059,Tableta Huawei MatePad 11 Edition 2024,Dispositivo multimedia portátil con altavoces estéreo y gran autonomía.,107.09,81
ACC-3060,Webcam Logitech C920 HD Pro Special Edition,Componente de conectividad portátil para expandir los puertos de tus dispositivos.,383.01,68
CAM-3061,Cámara Canon EOS M50 Special Edition,Cámara mirrorless compacta con resolución 4K y sensor APS-C.,394.49,71
LAP-3062,Laptop Lenovo ThinkPad X1 Carbon Special Edition,Laptop gamer de última generación con tarjeta gráfica dedicada y pantalla 144Hz.,1441.58,51
TEL-3063,Teléfono Xiaomi 13 Pro Special Edition,"Dispositivo con carga superrápida, batería de larga duración y pantalla de 120Hz.",533.51,24
AUD-3064,Audífonos Sennheiser Momentum 4 Special Edition,Diadema ergonómica con graves profundos y batería de más de 30 horas.,1119.76,30
MON-3065,Monitor BenQ EW3270U Special Edition,Monitor gaming con tasa de refresco rápida y tiempo de respuesta de 1ms.,1166.59,9
REL-3066,Reloj Huawei Watch GT 3 Special Edition,Smartwatch deportivo resistente al agua con sensores de salud avanzados.,441.90,8
TECL-3067,Teclado Redragon Kumara K552 Special Edition,Teclado mecánico compacto hot-swappable ideal para programación y oficina.,286.13,91
RAT-3068,Ratón Microsoft Bluetooth Ergonomic Special Edition,Ratón óptico ultraligero con cable mallado suave y deslizamiento perfecto.,674.67,52
TAB-3069,Tableta Huawei MatePad 11 Special Edition,Tableta versátil con pantalla de alta resolución ideal para estudio y entretenimiento.,363.24,50
ACC-3070,Webcam Logitech C920 HD Pro Edición Negra,Dispositivo de almacenamiento rápido y confiable para respaldos de datos.,1166.96,89
CAM-3071,Cámara Canon EOS M50 Edición Negra,Cámara de acción resistente al agua con estabilización de imagen avanzada.,37.97,74
LAP-3072,Laptop Lenovo ThinkPad X1 Carbon Edición Negra,"Equipo portátil para trabajo pesado, edición de video y multitarea.",285.71,74
TEL-3073,Teléfono Xiaomi 13 Pro Edición Negra,Smartphone de gama alta con pantalla AMOLED y cámara de alta resolución.,346.52,76
AUD-3074,Audífonos Sennheiser Momentum 4 Edición Negra,Auriculares in-ear con audio espacial y estuche de carga inalámbrica.,575.00,10
MON-3075,Monitor BenQ EW3270U Edición Negra,Monitor curvo e inmersivo con panel IPS e iluminación de baja fatiga visual.,1156.30,93
REL-3076,Reloj Huawei Watch GT 3 Edición Negra,Reloj inteligente elegante con control de notificaciones y seguimiento fit.,1115.12,79
TECL-3077,Teclado Redragon Kumara K552 Edición Negra,Teclado mecánico gamer con retroiluminación RGB configurable.,632.40,49
RAT-3078,Ratón Microsoft Bluetooth Ergonomic Edición Negra,Ratón gamer ligero de alta precisión con sensor óptico de alta definición.,208.78,52
TAB-3079,Tableta Huawei MatePad 11 Edición Negra,Dispositivo multimedia portátil con altavoces estéreo y gran autonomía.,975.09,35
ACC-3080,Webcam Logitech C920 HD Pro Edición Plata,Componente de conectividad portátil para expandir los puertos de tus dispositivos.,942.22,13
CAM-3081,Cámara Canon EOS M50 Edición Plata,Cámara mirrorless compacta con resolución 4K y sensor APS-C.,101.24,95
LAP-3082,Laptop Lenovo ThinkPad X1 Carbon Edición Plata,Laptop gamer de última generación con tarjeta gráfica dedicada y pantalla 144Hz.,1517.35,1
TEL-3083,Teléfono Xiaomi 13 Pro Edición Plata,"Dispositivo con carga superrápida, batería de larga duración y pantalla de 120Hz.",1434.60,68
AUD-3084,Audífonos Sennheiser Momentum 4 Edición Plata,Diadema ergonómica con graves profundos y batería de más de 30 horas.,1748.83,100
MON-3085,Monitor BenQ EW3270U Edición Plata,Monitor gaming con tasa de refresco rápida y tiempo de respuesta de 1ms.,27.26,17
REL-3086,Reloj Huawei Watch GT 3 Edición Plata,Smartwatch deportivo resistente al agua con sensores de salud avanzados.,1726.80,14
TECL-3087,Teclado Redragon Kumara K552 Edición Plata,Teclado mecánico compacto hot-swappable ideal para programación y oficina.,1839.34,6
RAT-3088,Ratón Microsoft Bluetooth Ergonomic Edición Plata,Ratón óptico ultraligero con cable mallado suave y deslizamiento perfecto.,952.53,85
TAB-3089,Tableta Huawei MatePad 11 Edición Plata,Tableta versátil con pantalla de alta resolución ideal para estudio y entretenimiento.,316.91,22
ACC-3090,Webcam Logitech C920 HD Pro S,Dispositivo de almacenamiento rápido y confiable para respaldos de datos.,790.65,51
CAM-3091,Cámara Canon EOS M50 S,Cámara de acción resistente al agua con estabilización de imagen avanzada.,272.57,94
LAP-3092,Laptop Lenovo ThinkPad X1 Carbon S,"Equipo portátil para trabajo pesado, edición de video y multitarea.",108.01,21
TEL-3093,Teléfono Xiaomi 13 Pro S,Smartphone de gama alta con pantalla AMOLED y cámara de alta resolución.,1132.89,94
AUD-3094,Audífonos Sennheiser Momentum 4 S,Auriculares in-ear con audio espacial y estuche de carga inalámbrica.,1100.67,51
MON-3095,Monitor BenQ EW3270U S,Monitor curvo e inmersivo con panel IPS e iluminación de baja fatiga visual.,515.53,77
REL-3096,Reloj Huawei Watch GT 3 S,Reloj inteligente elegante con control de notificaciones y seguimiento fit.,1448.67,56
TECL-3097,Teclado Redragon Kumara K552 S,Teclado mecánico gamer con retroiluminación RGB configurable.,1330.55,90
RAT-3098,Ratón Microsoft Bluetooth Ergonomic S,Ratón gamer ligero de alta precisión con sensor óptico de alta definición.,989.02,13
TAB-3099,Tableta Huawei MatePad 11 S,Dispositivo multimedia portátil con altavoces estéreo y gran autonomía.,217.39,64
ACC-3100,Webcam Logitech C920 HD Pro SE,Componente de conectividad portátil para expandir los puertos de tus dispositivos.,937.66,31
CAM-3101,Cámara Canon EOS M50 SE,Cámara mirrorless compacta con resolución 4K y sensor APS-C.,1492.85,54
LAP-3102,Laptop Lenovo ThinkPad X1 Carbon SE,Laptop gamer de última generación con tarjeta gráfica dedicada y pantalla 144Hz.,860.96,74
TEL-3103,Teléfono Xiaomi 13 Pro SE,"Dispositivo con carga superrápida, batería de larga duración y pantalla de 120Hz.",821.25,7
AUD-3104,Audífonos Sennheiser Momentum 4 SE,Diadema ergonómica con graves profundos y batería de más de 30 horas.,226.37,64
MON-3105,Monitor BenQ EW3270U SE,Monitor gaming con tasa de refresco rápida y tiempo de respuesta de 1ms.,916.48,21
REL-3106,Reloj Huawei Watch GT 3 SE,Smartwatch deportivo resistente al agua con sensores de salud avanzados.,1855.71,7
TECL-3107,Teclado Redragon Kumara K552 SE,Teclado mecánico compacto hot-swappable ideal para programación y oficina.,403.58,57
RAT-3108,Ratón Microsoft Bluetooth Ergonomic SE,Ratón óptico ultraligero con cable mallado suave y deslizamiento perfecto.,727.28,60
TAB-3109,Tableta Huawei MatePad 11 SE,Tableta versátil con pantalla de alta resolución ideal para estudio y entretenimiento.,1547.02,30
ACC-3110,Webcam Logitech C920 HD Pro Max,Dispositivo de almacenamiento rápido y confiable para respaldos de datos.,1556.64,12
CAM-3111,Cámara Canon EOS M50 Max,Cámara de acción resistente al agua con estabilización de imagen avanzada.,1009.70,4
LAP-3112,Laptop Lenovo ThinkPad X1 Carbon Max,"Equipo portátil para trabajo pesado, edición de video y multitarea.",81.48,60
TEL-3113,Teléfono Xiaomi 13 Pro Max,Smartphone de gama alta con pantalla AMOLED y cámara de alta resolución.,85.72,33
AUD-3114,Audífonos Sennheiser Momentum 4 Max,Auriculares in-ear con audio espacial y estuche de carga inalámbrica.,466.45,71
MON-3115,Monitor BenQ EW3270U Max,Monitor curvo e inmersivo con panel IPS e iluminación de baja fatiga visual.,1609.37,95
REL-3116,Reloj Huawei Watch GT 3 Max,Reloj inteligente elegante con control de notificaciones y seguimiento fit.,844.39,41
TECL-3117,Teclado Redragon Kumara K552 Max,Teclado mecánico gamer con retroiluminación RGB configurable.,865.09,13
RAT-3118,Ratón Microsoft Bluetooth Ergonomic Max,Ratón gamer ligero de alta precisión con sensor óptico de alta definición.,1894.79,71
TAB-3119,Tableta Huawei MatePad 11 Max,Dispositivo multimedia portátil con altavoces estéreo y gran autonomía.,1792.39,13
ACC-3120,Webcam Logitech C920 HD Pro v1,Componente de conectividad portátil para expandir los puertos de tus dispositivos.,1821.53,44
CAM-3121,Cámara Canon EOS M50 v1,Cámara mirrorless compacta con resolución 4K y sensor APS-C.,1200.68,70
LAP-3122,Laptop Lenovo ThinkPad X1 Carbon v1,Laptop gamer de última generación con tarjeta gráfica dedicada y pantalla 144Hz.,1028.55,63
TEL-3123,Teléfono Xiaomi 13 Pro v1,"Dispositivo con carga superrápida, batería de larga duración y pantalla de 120Hz.",1356.54,62
AUD-3124,Audífonos Sennheiser Momentum 4 v1,Diadema ergonómica con graves profundos y batería de más de 30 horas.,332.26,18
MON-3125,Monitor BenQ EW3270U v1,Monitor gaming con tasa de refresco rápida y tiempo de respuesta de 1ms.,242.59,55
REL-3126,Reloj Huawei Watch GT 3 v1,Smartwatch deportivo resistente al agua con sensores de salud avanzados.,154.21,9
TECL-3127,Teclado Redragon Kumara K552 v1,Teclado mecánico compacto hot-swappable ideal para programación y oficina.,1848.78,86
RAT-3128,Ratón Microsoft Bluetooth Ergonomic v1,Ratón óptico ultraligero con cable mallado suave y deslizamiento perfecto.,67.23,65
TAB-3129,Tableta Huawei MatePad 11 v1,Tableta versátil con pantalla de alta resolución ideal para estudio y entretenimiento.,97.10,2
ACC-3130,Webcam Logitech C920 HD Pro v2,Dispositivo de almacenamiento rápido y confiable para respaldos de datos.,1659.37,98
CAM-3131,Cámara Canon EOS M50 v2,Cámara de acción resistente al agua con estabilización de imagen avanzada.,1166.60,69
LAP-3132,Laptop Lenovo ThinkPad X1 Carbon v2,"Equipo portátil para trabajo pesado, edición de video y multitarea.",761.03,26
TEL-3133,Teléfono Xiaomi 13 Pro v2,Smartphone de gama alta con pantalla AMOLED y cámara de alta resolución.,67.10,44
AUD-3134,Audífonos Sennheiser Momentum 4 v2,Auriculares in-ear con audio espacial y estuche de carga inalámbrica.,1551.86,6
MON-3135,Monitor BenQ EW3270U v2,Monitor curvo e inmersivo con panel IPS e iluminación de baja fatiga visual.,1876.47,74
REL-3136,Reloj Huawei Watch GT 3 v2,Reloj inteligente elegante con control de notificaciones y seguimiento fit.,203.87,61
TECL-3137,Teclado Redragon Kumara K552 v2,Teclado mecánico gamer con retroiluminación RGB configurable.,1420.74,83
RAT-3138,Ratón Microsoft Bluetooth Ergonomic v2,Ratón gamer ligero de alta precisión con sensor óptico de alta definición.,1495.08,65
TAB-3139,Tableta Huawei MatePad 11 v2,Dispositivo multimedia portátil con altavoces estéreo y gran autonomía.,813.39,10
ACC-3140,Webcam Logitech C920 HD Pro Pro,Componente de conectividad portátil para expandir los puertos de tus dispositivos.,90.65,82
CAM-3141,Cámara Canon EOS M50 Pro,Cámara mirrorless compacta con resolución 4K y sensor APS-C.,707.70,28
LAP-3142,Laptop Lenovo ThinkPad X1 Carbon Pro,Laptop gamer de última generación con tarjeta gráfica dedicada y pantalla 144Hz.,1820.86,48
TEL-3143,Teléfono Xiaomi 13 Pro Pro,"Dispositivo con carga superrápida, batería de larga duración y pantalla de 120Hz.",395.29,84
AUD-3144,Audífonos Sennheiser Momentum 4 Pro,Diadema ergonómica con graves profundos y batería de más de 30 horas.,905.56,84
MON-3145,Monitor BenQ EW3270U Pro,Monitor gaming con tasa de refresco rápida y tiempo de respuesta de 1ms.,443.36,57
REL-3146,Reloj Huawei Watch GT 3 Pro,Smartwatch deportivo resistente al agua con sensores de salud avanzados.,187.79,80
TECL-3147,Teclado Redragon Kumara K552 Pro,Teclado mecánico compacto hot-swappable ideal para programación y oficina.,1175.87,87
RAT-3148,Ratón Microsoft Bluetooth Ergonomic Pro,Ratón óptico ultraligero con cable mallado suave y deslizamiento perfecto.,1751.85,25
TAB-3149,Tableta Huawei MatePad 11 Pro,Tableta versátil con pantalla de alta resolución ideal para estudio y entretenimiento.,620.79,36
ACC-3150,Webcam Logitech C920 HD Pro Plus,Dispositivo de almacenamiento rápido y confiable para respaldos de datos.,1330.96,85
CAM-3151,Cámara Canon EOS M50 Plus,Cámara de acción resistente al agua con estabilización de imagen avanzada.,98.20,11
LAP-3152,Laptop Lenovo ThinkPad X1 Carbon Plus,"Equipo portátil para trabajo pesado, edición de video y multitarea.",985.66,23
TEL-3153,Teléfono Xiaomi 13 Pro Plus,Smartphone de gama alta con pantalla AMOLED y cámara de alta resolución.,102.99,79
AUD-3154,Audífonos Sennheiser Momentum 4 Plus,Auriculares in-ear con audio espacial y estuche de carga inalámbrica.,1772.42,14
MON-3155,Monitor BenQ EW3270U Plus,Monitor curvo e inmersivo con panel IPS e iluminación de baja fatiga visual.,1410.39,16
REL-3156,Reloj Huawei Watch GT 3 Plus,Reloj inteligente elegante con control de notificaciones y seguimiento fit.,1337.47,39
TECL-3157,Teclado Redragon Kumara K552 Plus,Teclado mecánico gamer con retroiluminación RGB configurable.,1096.53,80
RAT-3158,Ratón Microsoft Bluetooth Ergonomic Plus,Ratón gamer ligero de alta precisión con sensor óptico de alta definición.,916.30,56
TAB-3159,Tableta Huawei MatePad 11 Plus,Dispositivo multimedia portátil con altavoces estéreo y gran autonomía.,1002.59,93
ACC-3160,Webcam Logitech C920 HD Pro Ultra,Componente de conectividad portátil para expandir los puertos de tus dispositivos.,1612.37,6
CAM-3161,Cámara Canon EOS M50 Ultra,Cámara mirrorless compacta con resolución 4K y sensor APS-C.,1210.53,38
LAP-3162,Laptop Lenovo ThinkPad X1 Carbon Ultra,Laptop gamer de última generación con tarjeta gráfica dedicada y pantalla 144Hz.,400.21,4
TEL-3163,Teléfono Xiaomi 13 Pro Ultra,"Dispositivo con carga superrápida, batería de larga duración y pantalla de 120Hz.",589.03,79
AUD-3164,Audífonos Sennheiser Momentum 4 Ultra,Diadema ergonómica con graves profundos y batería de más de 30 horas.,1564.94,76
MON-3165,Monitor BenQ EW3270U Ultra,Monitor gaming con tasa de refresco rápida y tiempo de respuesta de 1ms.,840.29,7
REL-3166,Reloj Huawei Watch GT 3 Ultra,Smartwatch deportivo resistente al agua con sensores de salud avanzados.,1282.86,4
TECL-3167,Teclado Redragon Kumara K552 Ultra,Teclado mecánico compacto hot-swappable ideal para programación y oficina.,198.45,61
RAT-3168,Ratón Microsoft Bluetooth Ergonomic Ultra,Ratón óptico ultraligero con cable mallado suave y deslizamiento perfecto.,818.17,71
TAB-3169,Tableta Huawei MatePad 11 Ultra,Tableta versátil con pantalla de alta resolución ideal para estudio y entretenimiento.,1068.39,55
ACC-3170,Webcam Logitech C920 HD Pro Lite,Dispositivo de almacenamiento rápido y confiable para respaldos de datos.,790.19,40
CAM-3171,Cámara Canon EOS M50 Lite,Cámara de acción resistente al agua con estabilización de imagen avanzada.,800.81,41
LAP-3172,Laptop Lenovo ThinkPad X1 Carbon Lite,"Equipo portátil para trabajo pesado, edición de video y multitarea.",1407.08,15
TEL-3173,Teléfono Xiaomi 13 Pro Lite,Smartphone de gama alta con pantalla AMOLED y cámara de alta resolución.,1448.81,23
AUD-3174,Audífonos Sennheiser Momentum 4 Lite,Auriculares in-ear con audio espacial y estuche de carga inalámbrica.,107.89,44
MON-3175,Monitor BenQ EW3270U Lite,Monitor curvo e inmersivo con panel IPS e iluminación de baja fatiga visual.,1500.27,90
REL-3176,Reloj Huawei Watch GT 3 Lite,Reloj inteligente elegante con control de notificaciones y seguimiento fit.,156.70,17
TECL-3177,Teclado Redragon Kumara K552 Lite,Teclado mecánico gamer con retroiluminación RGB configurable.,182.67,30
RAT-3178,Ratón Microsoft Bluetooth Ergonomic Lite,Ratón gamer ligero de alta precisión con sensor óptico de alta definición.,750.24,66
TAB-3179,Tableta Huawei MatePad 11 Lite,Dispositivo multimedia portátil con altavoces estéreo y gran autonomía.,1842.55,80
ACC-3180,Webcam Logitech C920 HD Pro Edition 2024,Componente de conectividad portátil para expandir los puertos de tus dispositivos.,1260.84,55
CAM-3181,Cámara Canon EOS M50 Edition 2024,Cámara mirrorless compacta con resolución 4K y sensor APS-C.,1085.97,23
LAP-3182,Laptop Lenovo ThinkPad X1 Carbon Edition 2024,Laptop gamer de última generación con tarjeta gráfica dedicada y pantalla 144Hz.,1564.20,23
TEL-3183,Teléfono Xiaomi 13 Pro Edition 2024,"Dispositivo con carga superrápida, batería de larga duración y pantalla de 120Hz.",1294.15,31
AUD-3184,Audífonos Sennheiser Momentum 4 Edition 2024,Diadema ergonómica con graves profundos y batería de más de 30 horas.,858.24,34
MON-3185,Monitor BenQ EW3270U Edition 2024,Monitor gaming con tasa de refresco rápida y tiempo de respuesta de 1ms.,1504.42,64
REL-3186,Reloj Huawei Watch GT 3 Edition 2024,Smartwatch deportivo resistente al agua con sensores de salud avanzados.,1500.32,57
TECL-3187,Teclado Redragon Kumara K552 Edition 2024,Teclado mecánico compacto hot-swappable ideal para programación y oficina.,1041.32,70
RAT-3188,Ratón Microsoft Bluetooth Ergonomic Edition 2024,Ratón óptico ultraligero con cable mallado suave y deslizamiento perfecto.,1603.16,93
TAB-3189,Tableta Huawei MatePad 11 Edition 2024,Tableta versátil con pantalla de alta resolución ideal para estudio y entretenimiento.,1769.72,95
ACC-3190,Webcam Logitech C920 HD Pro Special Edition,Dispositivo de almacenamiento rápido y confiable para respaldos de datos.,346.28,94
CAM-3191,Cámara Canon EOS M50 Special Edition,Cámara de acción resistente al agua con estabilización de imagen avanzada.,540.21,53
LAP-3192,Laptop Lenovo ThinkPad X1 Carbon Special Edition,"Equipo portátil para trabajo pesado, edición de video y multitarea.",441.04,81
TEL-3193,Teléfono Xiaomi 13 Pro Special Edition,Smartphone de gama alta con pantalla AMOLED y cámara de alta resolución.,321.44,71
AUD-3194,Audífonos Sennheiser Momentum 4 Special Edition,Auriculares in-ear con audio espacial y estuche de carga inalámbrica.,234.32,79
MON-3195,Monitor BenQ EW3270U Special Edition,Monitor curvo e inmersivo con panel IPS e iluminación de baja fatiga visual.,740.91,100
REL-3196,Reloj Huawei Watch GT 3 Special Edition,Reloj inteligente elegante con control de notificaciones y seguimiento fit.,1857.85,18
TECL-3197,Teclado Redragon Kumara K552 Special Edition,Teclado mecánico gamer con retroiluminación RGB configurable.,317.79,73
RAT-3198,Ratón Microsoft Bluetooth Ergonomic Special Edition,Ratón gamer ligero de alta precisión con sensor óptico de alta definición.,1165.53,4
TAB-3199,Tableta Huawei MatePad 11 Special Edition,Dispositivo multimedia portátil con altavoces estéreo y gran autonomía.,453.73,53
ACC-3200,Webcam Logitech C920 HD Pro Edición Negra,Componente de conectividad portátil para expandir los puertos de tus dispositivos.,1080.01,79
CAM-3201,Cámara Canon EOS M50 Edición Negra,Cámara mirrorless compacta con resolución 4K y sensor APS-C.,1179.91,33
LAP-3202,Laptop Lenovo ThinkPad X1 Carbon Edición Negra,Laptop gamer de última generación con tarjeta gráfica dedicada y pantalla 144Hz.,675.84,24
TEL-3203,Teléfono Xiaomi 13 Pro Edición Negra,"Dispositivo con carga superrápida, batería de larga duración y pantalla de 120Hz.",1619.49,67
AUD-3204,Audífonos Sennheiser Momentum 4 Edición Negra,Diadema ergonómica con graves profundos y batería de más de 30 horas.,250.01,55
MON-3205,Monitor BenQ EW3270U Edición Negra,Monitor gaming con tasa de refresco rápida y tiempo de respuesta de 1ms.,1546.61,35
REL-3206,Reloj Huawei Watch GT 3 Edición Negra,Smartwatch deportivo resistente al agua con sensores de salud avanzados.,1002.93,16
TECL-3207,Teclado Redragon Kumara K552 Edición Negra,Teclado mecánico compacto hot-swappable ideal para programación y oficina.,1795.24,28
RAT-3208,Ratón Microsoft Bluetooth Ergonomic Edición Negra,Ratón óptico ultraligero con cable mallado suave y deslizamiento perfecto.,1356.04,79
TAB-3209,Tableta Huawei MatePad 11 Edición Negra,Tableta versátil con pantalla de alta resolución ideal para estudio y entretenimiento.,304.67,42
ACC-3210,Webcam Logitech C920 HD Pro Edición Plata,Dispositivo de almacenamiento rápido y confiable para respaldos de datos.,1409.22,76
CAM-3211,Cámara Canon EOS M50 Edición Plata,Cámara de acción resistente al agua con estabilización de imagen avanzada.,66.53,12
LAP-3212,Laptop Lenovo ThinkPad X1 Carbon Edición Plata,"Equipo portátil para trabajo pesado, edición de video y multitarea.",1541.23,20
TEL-3213,Teléfono Xiaomi 13 Pro Edición Plata,Smartphone de gama alta con pantalla AMOLED y cámara de alta resolución.,1128.10,71
AUD-3214,Audífonos Sennheiser Momentum 4 Edición Plata,Auriculares in-ear con audio espacial y estuche de carga inalámbrica.,594.62,62
MON-3215,Monitor BenQ EW3270U Edición Plata,Monitor curvo e inmersivo con panel IPS e iluminación de baja fatiga visual.,1740.05,2
REL-3216,Reloj Huawei Watch GT 3 Edición Plata,Reloj inteligente elegante con control de notificaciones y seguimiento fit.,1753.94,78
TECL-3217,Teclado Redragon Kumara K552 Edición Plata,Teclado mecánico gamer con retroiluminación RGB configurable.,1057.02,10
RAT-3218,Ratón Microsoft Bluetooth Ergonomic Edición Plata,Ratón gamer ligero de alta precisión con sensor óptico de alta definición.,302.62,4
TAB-3219,Tableta Huawei MatePad 11 Edición Plata,Dispositivo multimedia portátil con altavoces estéreo y gran autonomía.,804.55,34
ACC-3220,Webcam Logitech C920 HD Pro S,Componente de conectividad portátil para expandir los puertos de tus dispositivos.,403.61,29
CAM-3221,Cámara Canon EOS M50 S,Cámara mirrorless compacta con resolución 4K y sensor APS-C.,1790.24,89
LAP-3222,Laptop Lenovo ThinkPad X1 Carbon S,Laptop gamer de última generación con tarjeta gráfica dedicada y pantalla 144Hz.,741.94,43
TEL-3223,Teléfono Xiaomi 13 Pro S,"Dispositivo con carga superrápida, batería de larga duración y pantalla de 120Hz.",1091.44,64
AUD-3224,Audífonos Sennheiser Momentum 4 S,Diadema ergonómica con graves profundos y batería de más de 30 horas.,1871.66,30
MON-3225,Monitor BenQ EW3270U S,Monitor gaming con tasa de refresco rápida y tiempo de respuesta de 1ms.,1298.46,82
REL-3226,Reloj Huawei Watch GT 3 S,Smartwatch deportivo resistente al agua con sensores de salud avanzados.,671.57,84
TECL-3227,Teclado Redragon Kumara K552 S,Teclado mecánico compacto hot-swappable ideal para programación y oficina.,1401.76,46
RAT-3228,Ratón Microsoft Bluetooth Ergonomic S,Ratón óptico ultraligero con cable mallado suave y deslizamiento perfecto.,442.04,78
TAB-3229,Tableta Huawei MatePad 11 S,Tableta versátil con pantalla de alta resolución ideal para estudio y entretenimiento.,1804.21,50
ACC-3230,Webcam Logitech C920 HD Pro SE,Dispositivo de almacenamiento rápido y confiable para respaldos de datos.,1547.44,65
CAM-3231,Cámara Canon EOS M50 SE,Cámara de acción resistente al agua con estabilización de imagen avanzada.,920.48,78
LAP-3232,Laptop Lenovo ThinkPad X1 Carbon SE,"Equipo portátil para trabajo pesado, edición de video y multitarea.",175.16,12
TEL-3233,Teléfono Xiaomi 13 Pro SE,Smartphone de gama alta con pantalla AMOLED y cámara de alta resolución.,1777.49,17
AUD-3234,Audífonos Sennheiser Momentum 4 SE,Auriculares in-ear con audio espacial y estuche de carga inalámbrica.,1104.02,26
MON-3235,Monitor BenQ EW3270U SE,Monitor curvo e inmersivo con panel IPS e iluminación de baja fatiga visual.,1402.37,92
REL-3236,Reloj Huawei Watch GT 3 SE,Reloj inteligente elegante con control de notificaciones y seguimiento fit.,1524.98,85
TECL-3237,Teclado Redragon Kumara K552 SE,Teclado mecánico gamer con retroiluminación RGB configurable.,1588.22,33
RAT-3238,Ratón Microsoft Bluetooth Ergonomic SE,Ratón gamer ligero de alta precisión con sensor óptico de alta definición.,838.54,20
TAB-3239,Tableta Huawei MatePad 11 SE,Dispositivo multimedia portátil con altavoces estéreo y gran autonomía.,1088.55,86
ACC-3240,Webcam Logitech C920 HD Pro Max,Componente de conectividad portátil para expandir los puertos de tus dispositivos.,846.15,32
CAM-3241,Cámara Canon EOS M50 Max,Cámara mirrorless compacta con resolución 4K y sensor APS-C.,604.99,88
LAP-3242,Laptop Lenovo ThinkPad X1 Carbon Max,Laptop gamer de última generación con tarjeta gráfica dedicada y pantalla 144Hz.,91.81,81
TEL-3243,Teléfono Xiaomi 13 Pro Max,"Dispositivo con carga superrápida, batería de larga duración y pantalla de 120Hz.",576.46,21
AUD-3244,Audífonos Sennheiser Momentum 4 Max,Diadema ergonómica con graves profundos y batería de más de 30 horas.,322.41,23
MON-3245,Monitor BenQ EW3270U Max,Monitor gaming con tasa de refresco rápida y tiempo de respuesta de 1ms.,847.57,14
REL-3246,Reloj Huawei Watch GT 3 Max,Smartwatch deportivo resistente al agua con sensores de salud avanzados.,1491.43,90
TECL-3247,Teclado Redragon Kumara K552 Max,Teclado mecánico compacto hot-swappable ideal para programación y oficina.,1441.01,11
RAT-3248,Ratón Microsoft Bluetooth Ergonomic Max,Ratón óptico ultraligero con cable mallado suave y deslizamiento perfecto.,812.13,13
TAB-3249,Tableta Huawei MatePad 11 Max,Tableta versátil con pantalla de alta resolución ideal para estudio y entretenimiento.,1751.04,73
ACC-3250,Webcam Logitech C920 HD Pro v1,Dispositivo de almacenamiento rápido y confiable para respaldos de datos.,1185.76,32
CAM-3251,Cámara Canon EOS M50 v1,Cámara de acción resistente al agua con estabilización de imagen avanzada.,1657.11,55
LAP-3252,Laptop Lenovo ThinkPad X1 Carbon v1,"Equipo portátil para trabajo pesado, edición de video y multitarea.",1179.95,57
TEL-3253,Teléfono Xiaomi 13 Pro v1,Smartphone de gama alta con pantalla AMOLED y cámara de alta resolución.,1700.62,79
AUD-3254,Audífonos Sennheiser Momentum 4 v1,Auriculares in-ear con audio espacial y estuche de carga inalámbrica.,753.01,33
MON-3255,Monitor BenQ EW3270U v1,Monitor curvo e inmersivo con panel IPS e iluminación de baja fatiga visual.,272.80,3
REL-3256,Reloj Huawei Watch GT 3 v1,Reloj inteligente elegante con control de notificaciones y seguimiento fit.,860.44,11
TECL-3257,Teclado Redragon Kumara K552 v1,Teclado mecánico gamer con retroiluminación RGB configurable.,1641.61,25
RAT-3258,Ratón Microsoft Bluetooth Ergonomic v1,Ratón gamer ligero de alta precisión con sensor óptico de alta definición.,354.13,97
TAB-3259,Tableta Huawei MatePad 11 v1,Dispositivo multimedia portátil con altavoces estéreo y gran autonomía.,1124.97,6
ACC-3260,Webcam Logitech C920 HD Pro v2,Componente de conectividad portátil para expandir los puertos de tus dispositivos.,932.83,29
CAM-3261,Cámara Canon EOS M50 v2,Cámara mirrorless compacta con resolución 4K y sensor APS-C.,865.41,66
LAP-3262,Laptop Lenovo ThinkPad X1 Carbon v2,Laptop gamer de última generación con tarjeta gráfica dedicada y pantalla 144Hz.,827.03,23
TEL-3263,Teléfono Xiaomi 13 Pro v2,"Dispositivo con carga superrápida, batería de larga duración y pantalla de 120Hz.",708.74,32
AUD-3264,Audífonos Sennheiser Momentum 4 v2,Diadema ergonómica con graves profundos y batería de más de 30 horas.,1204.50,24
MON-3265,Monitor BenQ EW3270U v2,Monitor gaming con tasa de refresco rápida y tiempo de respuesta de 1ms.,1348.13,14
REL-3266,Reloj Huawei Watch GT 3 v2,Smartwatch deportivo resistente al agua con sensores de salud avanzados.,728.87,32
TECL-3267,Teclado Redragon Kumara K552 v2,Teclado mecánico compacto hot-swappable ideal para programación y oficina.,1345.34,31
RAT-3268,Ratón Microsoft Bluetooth Ergonomic v2,Ratón óptico ultraligero con cable mallado suave y deslizamiento perfecto.,1621.84,33
TAB-3269,Tableta Huawei MatePad 11 v2,Tableta versátil con pantalla de alta resolución ideal para estudio y entretenimiento.,505.31,99
ACC-3270,Webcam Logitech C920 HD Pro Pro,Dispositivo de almacenamiento rápido y confiable para respaldos de datos.,657.86,74
CAM-3271,Cámara Canon EOS M50 Pro,Cámara de acción resistente al agua con estabilización de imagen avanzada.,926.07,83
LAP-3272,Laptop Lenovo ThinkPad X1 Carbon Pro,"Equipo portátil para trabajo pesado, edición de video y multitarea.",756.17,89
TEL-3273,Teléfono Xiaomi 13 Pro Pro,Smartphone de gama alta con pantalla AMOLED y cámara de alta resolución.,942.53,44
AUD-3274,Audífonos Sennheiser Momentum 4 Pro,Auriculares in-ear con audio espacial y estuche de carga inalámbrica.,511.49,96
MON-3275,Monitor BenQ EW3270U Pro,Monitor curvo e inmersivo con panel IPS e iluminación de baja fatiga visual.,68.94,66
REL-3276,Reloj Huawei Watch GT 3 Pro,Reloj inteligente elegante con control de notificaciones y seguimiento fit.,955.64,45
TECL-3277,Teclado Redragon Kumara K552 Pro,Teclado mecánico gamer con retroiluminación RGB configurable.,1244.37,18
RAT-3278,Ratón Microsoft Bluetooth Ergonomic Pro,Ratón gamer ligero de alta precisión con sensor óptico de alta definición.,466.09,21
TAB-3279,Tableta Huawei MatePad 11 Pro,Dispositivo multimedia portátil con altavoces estéreo y gran autonomía.,1887.45,9
ACC-3280,Webcam Logitech C920 HD Pro Plus,Componente de conectividad portátil para expandir los puertos de tus dispositivos.,44.89,5
CAM-3281,Cámara Canon EOS M50 Plus,Cámara mirrorless compacta con resolución 4K y sensor APS-C.,1591.70,94
LAP-3282,Laptop Lenovo ThinkPad X1 Carbon Plus,Laptop gamer de última generación con tarjeta gráfica dedicada y pantalla 144Hz.,1258.66,68
TEL-3283,Teléfono Xiaomi 13 Pro Plus,"Dispositivo con carga superrápida, batería de larga duración y pantalla de 120Hz.",1174.71,47
AUD-3284,Audífonos Sennheiser Momentum 4 Plus,Diadema ergonómica con graves profundos y batería de más de 30 horas.,50.68,95
MON-3285,Monitor BenQ EW3270U Plus,Monitor gaming con tasa de refresco rápida y tiempo de respuesta de 1ms.,1745.66,13
REL-3286,Reloj Huawei Watch GT 3 Plus,Smartwatch deportivo resistente al agua con sensores de salud avanzados.,1208.96,47
TECL-3287,Teclado Redragon Kumara K552 Plus,Teclado mecánico compacto hot-swappable ideal para programación y oficina.,1285.08,7
RAT-3288,Ratón Microsoft Bluetooth Ergonomic Plus,Ratón óptico ultraligero con cable mallado suave y deslizamiento perfecto.,1208.30,49
TAB-3289,Tableta Huawei MatePad 11 Plus,Tableta versátil con pantalla de alta resolución ideal para estudio y entretenimiento.,613.44,70
ACC-3290,Webcam Logitech C920 HD Pro Ultra,Dispositivo de almacenamiento rápido y confiable para respaldos de datos.,913.95,64
CAM-3291,Cámara Canon EOS M50 Ultra,Cámara de acción resistente al agua con estabilización de imagen avanzada.,1551.92,30
LAP-3292,Laptop Lenovo ThinkPad X1 Carbon Ultra,"Equipo portátil para trabajo pesado, edición de video y multitarea.",1573.90,8
TEL-3293,Teléfono Xiaomi 13 Pro Ultra,Smartphone de gama alta con pantalla AMOLED y cámara de alta resolución.,1315.39,2
AUD-3294,Audífonos Sennheiser Momentum 4 Ultra,Auriculares in-ear con audio espacial y estuche de carga inalámbrica.,154.07,45
MON-3295,Monitor BenQ EW3270U Ultra,Monitor curvo e inmersivo con panel IPS e iluminación de baja fatiga visual.,954.96,71
REL-3296,Reloj Huawei Watch GT 3 Ultra,Reloj inteligente elegante con control de notificaciones y seguimiento fit.,524.94,10
TECL-3297,Teclado Redragon Kumara K552 Ultra,Teclado mecánico gamer con retroiluminación RGB configurable.,761.65,74
RAT-3298,Ratón Microsoft Bluetooth Ergonomic Ultra,Ratón gamer ligero de alta precisión con sensor óptico de alta definición.,833.67,56
TAB-3299,Tableta Huawei MatePad 11 Ultra,Dispositivo multimedia portátil con altavoces estéreo y gran autonomía.,1136.79,3
ACC-3300,Webcam Logitech C920 HD Pro Lite,Componente de conectividad portátil para expandir los puertos de tus dispositivos.,907.75,94
CAM-3301,Cámara Canon EOS M50 Lite,Cámara mirrorless compacta con resolución 4K y sensor APS-C.,423.56,28
LAP-3302,Laptop Lenovo ThinkPad X1 Carbon Lite,Laptop gamer de última generación con tarjeta gráfica dedicada y pantalla 144Hz.,139.66,13
TEL-3303,Teléfono Xiaomi 13 Pro Lite,"Dispositivo con carga superrápida, batería de larga duración y pantalla de 120Hz.",417.16,21
AUD-3304,Audífonos Sennheiser Momentum 4 Lite,Diadema ergonómica con graves profundos y batería de más de 30 horas.,240.02,27
MON-3305,Monitor BenQ EW3270U Lite,Monitor gaming con tasa de refresco rápida y tiempo de respuesta de 1ms.,963.88,93
REL-3306,Reloj Huawei Watch GT 3 Lite,Smartwatch deportivo resistente al agua con sensores de salud avanzados.,1290.69,45
TECL-3307,Teclado Redragon Kumara K552 Lite,Teclado mecánico compacto hot-swappable ideal para programación y oficina.,825.20,60
RAT-3308,Ratón Microsoft Bluetooth Ergonomic Lite,Ratón óptico ultraligero con cable mallado suave y deslizamiento perfecto.,1107.78,13
TAB-3309,Tableta Huawei MatePad 11 Lite,Tableta versátil con pantalla de alta resolución ideal para estudio y entretenimiento.,800.06,15
ACC-3310,Webcam Logitech C920 HD Pro Edition 2024,Dispositivo de almacenamiento rápido y confiable para respaldos de datos.,683.33,18
CAM-3311,Cámara Canon EOS M50 Edition 2024,Cámara de acción resistente al agua con estabilización de imagen avanzada.,465.98,80
LAP-3312,Laptop Lenovo ThinkPad X1 Carbon Edition 2024,"Equipo portátil para trabajo pesado, edición de video y multitarea.",1605.57,47
TEL-3313,Teléfono Xiaomi 13 Pro Edition 2024,Smartphone de gama alta con pantalla AMOLED y cámara de alta resolución.,1016.48,18
AUD-3314,Audífonos Sennheiser Momentum 4 Edition 2024,Auriculares in-ear con audio espacial y estuche de carga inalámbrica.,1360.93,82
MON-3315,Monitor BenQ EW3270U Edition 2024,Monitor curvo e inmersivo con panel IPS e iluminación de baja fatiga visual.,450.86,48
REL-3316,Reloj Huawei Watch GT 3 Edition 2024,Reloj inteligente elegante con control de notificaciones y seguimiento fit.,1499.23,28
TECL-3317,Teclado Redragon Kumara K552 Edition 2024,Teclado mecánico gamer con retroiluminación RGB configurable.,1264.03,78
RAT-3318,Ratón Microsoft Bluetooth Ergonomic Edition 2024,Ratón gamer ligero de alta precisión con sensor óptico de alta definición.,655.06,33
TAB-3319,Tableta Huawei MatePad 11 Edition 2024,Dispositivo multimedia portátil con altavoces estéreo y gran autonomía.,1604.29,97
ACC-3320,Webcam Logitech C920 HD Pro Special Edition,Componente de conectividad portátil para expandir los puertos de tus dispositivos.,439.27,36
CAM-3321,Cámara Canon EOS M50 Special Edition,Cámara mirrorless compacta con resolución 4K y sensor APS-C.,1544.67,5
LAP-3322,Laptop Lenovo ThinkPad X1 Carbon Special Edition,Laptop gamer de última generación con tarjeta gráfica dedicada y pantalla 144Hz.,371.14,6
TEL-3323,Teléfono Xiaomi 13 Pro Special Edition,"Dispositivo con carga superrápida, batería de larga duración y pantalla de 120Hz.",1385.78,89
AUD-3324,Audífonos Sennheiser Momentum 4 Special Edition,Diadema ergonómica con graves profundos y batería de más de 30 horas.,1337.56,95
MON-3325,Monitor BenQ EW3270U Special Edition,Monitor gaming con tasa de refresco rápida y tiempo de respuesta de 1ms.,1420.27,17
REL-3326,Reloj Huawei Watch GT 3 Special Edition,Smartwatch deportivo resistente al agua con sensores de salud avanzados.,502.98,8
TECL-3327,Teclado Redragon Kumara K552 Special Edition,Teclado mecánico compacto hot-swappable ideal para programación y oficina.,465.69,46
RAT-3328,Ratón Microsoft Bluetooth Ergonomic Special Edition,Ratón óptico ultraligero con cable mallado suave y deslizamiento perfecto.,1419.46,30
TAB-3329,Tableta Huawei MatePad 11 Special Edition,Tableta versátil con pantalla de alta resolución ideal para estudio y entretenimiento.,616.46,89
ACC-3330,Webcam Logitech C920 HD Pro Edición Negra,Dispositivo de almacenamiento rápido y confiable para respaldos de datos.,98.69,1
CAM-3331,Cámara Canon EOS M50 Edición Negra,Cámara de acción resistente al agua con estabilización de imagen avanzada.,1607.31,93
LAP-3332,Laptop Lenovo ThinkPad X1 Carbon Edición Negra,"Equipo portátil para trabajo pesado, edición de video y multitarea.",213.82,57
TEL-3333,Teléfono Xiaomi 13 Pro Edición Negra,Smartphone de gama alta con pantalla AMOLED y cámara de alta resolución.,264.79,70
AUD-3334,Audífonos Sennheiser Momentum 4 Edición Negra,Auriculares in-ear con audio espacial y estuche de carga inalámbrica.,309.32,77
MON-3335,Monitor BenQ EW3270U Edición Negra,Monitor curvo e inmersivo con panel IPS e iluminación de baja fatiga visual.,1668.52,69
REL-3336,Reloj Huawei Watch GT 3 Edición Negra,Reloj inteligente elegante con control de notificaciones y seguimiento fit.,444.97,46
TECL-3337,Teclado Redragon Kumara K552 Edición Negra,Teclado mecánico gamer con retroiluminación RGB configurable.,362.14,88
RAT-3338,Ratón Microsoft Bluetooth Ergonomic Edición Negra,Ratón gamer ligero de alta precisión con sensor óptico de alta definición.,1463.15,68
TAB-3339,Tableta Huawei MatePad 11 Edición Negra,Dispositivo multimedia portátil con altavoces estéreo y gran autonomía.,851.24,20
ACC-3340,Webcam Logitech C920 HD Pro Edición Plata,Componente de conectividad portátil para expandir los puertos de tus dispositivos.,956.91,38
CAM-3341,Cámara Canon EOS M50 Edición Plata,Cámara mirrorless compacta con resolución 4K y sensor APS-C.,1409.03,22
LAP-3342,Laptop Lenovo ThinkPad X1 Carbon Edición Plata,Laptop gamer de última generación con tarjeta gráfica dedicada y pantalla 144Hz.,1216.42,2
TEL-3343,Teléfono Xiaomi 13 Pro Edición Plata,"Dispositivo con carga superrápida, batería de larga duración y pantalla de 120Hz.",230.64,32
AUD-3344,Audífonos Sennheiser Momentum 4 Edición Plata,Diadema ergonómica con graves profundos y batería de más de 30 horas.,1194.08,48
MON-3345,Monitor BenQ EW3270U Edición Plata,Monitor gaming con tasa de refresco rápida y tiempo de respuesta de 1ms.,1595.92,93
REL-3346,Reloj Huawei Watch GT 3 Edición Plata,Smartwatch deportivo resistente al agua con sensores de salud avanzados.,718.74,6
TECL-3347,Teclado Redragon Kumara K552 Edición Plata,Teclado mecánico compacto hot-swappable ideal para programación y oficina.,568.11,84
RAT-3348,Ratón Microsoft Bluetooth Ergonomic Edición Plata,Ratón óptico ultraligero con cable mallado suave y deslizamiento perfecto.,425.95,28
TAB-3349,Tableta Huawei MatePad 11 Edición Plata,Tableta versátil con pantalla de alta resolución ideal para estudio y entretenimiento.,1062.07,78
ACC-3350,Webcam Logitech C920 HD Pro S,Dispositivo de almacenamiento rápido y confiable para respaldos de datos.,867.67,100
CAM-3351,Cámara Canon EOS M50 S,Cámara de acción resistente al agua con estabilización de imagen avanzada.,849.57,59
LAP-3352,Laptop Lenovo ThinkPad X1 Carbon S,"Equipo portátil para trabajo pesado, edición de video y multitarea.",1137.71,60
TEL-3353,Teléfono Xiaomi 13 Pro S,Smartphone de gama alta con pantalla AMOLED y cámara de alta resolución.,274.92,27
AUD-3354,Audífonos Sennheiser Momentum 4 S,Auriculares in-ear con audio espacial y estuche de carga inalámbrica.,243.80,15
MON-3355,Monitor BenQ EW3270U S,Monitor curvo e inmersivo con panel IPS e iluminación de baja fatiga visual.,1013.06,41
REL-3356,Reloj Huawei Watch GT 3 S,Reloj inteligente elegante con control de notificaciones y seguimiento fit.,1191.26,46
TECL-3357,Teclado Redragon Kumara K552 S,Teclado mecánico gamer con retroiluminación RGB configurable.,1117.26,51
RAT-3358,Ratón Microsoft Bluetooth Ergonomic S,Ratón gamer ligero de alta precisión con sensor óptico de alta definición.,1073.36,49
TAB-3359,Tableta Huawei MatePad 11 S,Dispositivo multimedia portátil con altavoces estéreo y gran autonomía.,1396.57,96
ACC-3360,Webcam Logitech C920 HD Pro SE,Componente de conectividad portátil para expandir los puertos de tus dispositivos.,1862.52,55
CAM-3361,Cámara Canon EOS M50 SE,Cámara mirrorless compacta con resolución 4K y sensor APS-C.,540.29,9
LAP-3362,Laptop Lenovo ThinkPad X1 Carbon SE,Laptop gamer de última generación con tarjeta gráfica dedicada y pantalla 144Hz.,1827.07,56
TEL-3363,Teléfono Xiaomi 13 Pro SE,"Dispositivo con carga superrápida, batería de larga duración y pantalla de 120Hz.",1438.42,13
AUD-3364,Audífonos Sennheiser Momentum 4 SE,Diadema ergonómica con graves profundos y batería de más de 30 horas.,618.68,28
MON-3365,Monitor BenQ EW3270U SE,Monitor gaming con tasa de refresco rápida y tiempo de respuesta de 1ms.,641.64,77
REL-3366,Reloj Huawei Watch GT 3 SE,Smartwatch deportivo resistente al agua con sensores de salud avanzados.,1231.98,8
TECL-3367,Teclado Redragon Kumara K552 SE,Teclado mecánico compacto hot-swappable ideal para programación y oficina.,1241.37,34
RAT-3368,Ratón Microsoft Bluetooth Ergonomic SE,Ratón óptico ultraligero con cable mallado suave y deslizamiento perfecto.,1399.89,65
TAB-3369,Tableta Huawei MatePad 11 SE,Tableta versátil con pantalla de alta resolución ideal para estudio y entretenimiento.,1396.73,86
ACC-3370,Webcam Logitech C920 HD Pro Max,Dispositivo de almacenamiento rápido y confiable para respaldos de datos.,615.38,13
CAM-3371,Cámara Canon EOS M50 Max,Cámara de acción resistente al agua con estabilización de imagen avanzada.,1451.84,85
LAP-3372,Laptop Lenovo ThinkPad X1 Carbon Max,"Equipo portátil para trabajo pesado, edición de video y multitarea.",1033.41,4
TEL-3373,Teléfono Xiaomi 13 Pro Max,Smartphone de gama alta con pantalla AMOLED y cámara de alta resolución.,1167.49,40
AUD-3374,Audífonos Sennheiser Momentum 4 Max,Auriculares in-ear con audio espacial y estuche de carga inalámbrica.,476.85,97
MON-3375,Monitor BenQ EW3270U Max,Monitor curvo e inmersivo con panel IPS e iluminación de baja fatiga visual.,1870.01,41
REL-3376,Reloj Huawei Watch GT 3 Max,Reloj inteligente elegante con control de notificaciones y seguimiento fit.,1208.45,45
TECL-3377,Teclado Redragon Kumara K552 Max,Teclado mecánico gamer con retroiluminación RGB configurable.,1207.74,97
RAT-3378,Ratón Microsoft Bluetooth Ergonomic Max,Ratón gamer ligero de alta precisión con sensor óptico de alta definición.,1441.89,91
TAB-3379,Tableta Huawei MatePad 11 Max,Dispositivo multimedia portátil con altavoces estéreo y gran autonomía.,1518.76,66
ACC-3380,Webcam Logitech C920 HD Pro v1,Componente de conectividad portátil para expandir los puertos de tus dispositivos.,264.22,23
CAM-3381,Cámara Canon EOS M50 v1,Cámara mirrorless compacta con resolución 4K y sensor APS-C.,347.59,39
LAP-3382,Laptop Lenovo ThinkPad X1 Carbon v1,Laptop gamer de última generación con tarjeta gráfica dedicada y pantalla 144Hz.,1053.54,43
TEL-3383,Teléfono Xiaomi 13 Pro v1,"Dispositivo con carga superrápida, batería de larga duración y pantalla de 120Hz.",1709.62,78
AUD-3384,Audífonos Sennheiser Momentum 4 v1,Diadema ergonómica con graves profundos y batería de más de 30 horas.,186.53,21
MON-3385,Monitor BenQ EW3270U v1,Monitor gaming con tasa de refresco rápida y tiempo de respuesta de 1ms.,826.51,91
REL-3386,Reloj Huawei Watch GT 3 v1,Smartwatch deportivo resistente al agua con sensores de salud avanzados.,169.29,28
TECL-3387,Teclado Redragon Kumara K552 v1,Teclado mecánico compacto hot-swappable ideal para programación y oficina.,1317.12,22
RAT-3388,Ratón Microsoft Bluetooth Ergonomic v1,Ratón óptico ultraligero con cable mallado suave y deslizamiento perfecto.,422.69,86
TAB-3389,Tableta Huawei MatePad 11 v1,Tableta versátil con pantalla de alta resolución ideal para estudio y entretenimiento.,1259.11,77
ACC-3390,Webcam Logitech C920 HD Pro v2,Dispositivo de almacenamiento rápido y confiable para respaldos de datos.,516.95,50
CAM-3391,Cámara Canon EOS M50 v2,Cámara de acción resistente al agua con estabilización de imagen avanzada.,834.21,98
LAP-3392,Laptop Lenovo ThinkPad X1 Carbon v2,"Equipo portátil para trabajo pesado, edición de video y multitarea.",1788.80,57
TEL-3393,Teléfono Xiaomi 13 Pro v2,Smartphone de gama alta con pantalla AMOLED y cámara de alta resolución.,747.42,6
AUD-3394,Audífonos Sennheiser Momentum 4 v2,Auriculares in-ear con audio espacial y estuche de carga inalámbrica.,1684.04,45
MON-3395,Monitor BenQ EW3270U v2,Monitor curvo e inmersivo con panel IPS e iluminación de baja fatiga visual.,414.90,11
REL-3396,Reloj Huawei Watch GT 3 v2,Reloj inteligente elegante con control de notificaciones y seguimiento fit.,1140.55,59
TECL-3397,Teclado Redragon Kumara K552 v2,Teclado mecánico gamer con retroiluminación RGB configurable.,1710.61,88
RAT-3398,Ratón Microsoft Bluetooth Ergonomic v2,Ratón gamer ligero de alta precisión con sensor óptico de alta definición.,1447.89,36
TAB-3399,Tableta Huawei MatePad 11 v2,Dispositivo multimedia portátil con altavoces estéreo y gran autonomía.,389.16,85
ACC-3400,Webcam Logitech C920 HD Pro Pro,Componente de conectividad portátil para expandir los puertos de tus dispositivos.,1882.60,64
CAM-3401,Cámara Canon EOS M50 Pro,Cámara mirrorless compacta con resolución 4K y sensor APS-C.,1686.25,49
LAP-3402,Laptop Lenovo ThinkPad X1 Carbon Pro,Laptop gamer de última generación con tarjeta gráfica dedicada y pantalla 144Hz.,1470.42,48
TEL-3403,Teléfono Xiaomi 13 Pro Pro,"Dispositivo con carga superrápida, batería de larga duración y pantalla de 120Hz.",37.86,85
AUD-3404,Audífonos Sennheiser Momentum 4 Pro,Diadema ergonómica con graves profundos y batería de más de 30 horas.,1868.08,12
MON-3405,Monitor BenQ EW3270U Pro,Monitor gaming con tasa de refresco rápida y tiempo de respuesta de 1ms.,352.72,31
REL-3406,Reloj Huawei Watch GT 3 Pro,Smartwatch deportivo resistente al agua con sensores de salud avanzados.,535.37,14
TECL-3407,Teclado Redragon Kumara K552 Pro,Teclado mecánico compacto hot-swappable ideal para programación y oficina.,123.07,17
RAT-3408,Ratón Microsoft Bluetooth Ergonomic Pro,Ratón óptico ultraligero con cable mallado suave y deslizamiento perfecto.,1620.25,25
TAB-3409,Tableta Huawei MatePad 11 Pro,Tableta versátil con pantalla de alta resolución ideal para estudio y entretenimiento.,1537.49,90
ACC-3410,Webcam Logitech C920 HD Pro Plus,Dispositivo de almacenamiento rápido y confiable para respaldos de datos.,1733.51,8
CAM-3411,Cámara Canon EOS M50 Plus,Cámara de acción resistente al agua con estabilización de imagen avanzada.,118.89,10
LAP-3412,Laptop Lenovo ThinkPad X1 Carbon Plus,"Equipo portátil para trabajo pesado, edición de video y multitarea.",869.43,5
TEL-3413,Teléfono Xiaomi 13 Pro Plus,Smartphone de gama alta con pantalla AMOLED y cámara de alta resolución.,1616.42,34
AUD-3414,Audífonos Sennheiser Momentum 4 Plus,Auriculares in-ear con audio espacial y estuche de carga inalámbrica.,954.71,8
MON-3415,Monitor BenQ EW3270U Plus,Monitor curvo e inmersivo con panel IPS e iluminación de baja fatiga visual.,631.17,46
REL-3416,Reloj Huawei Watch GT 3 Plus,Reloj inteligente elegante con control de notificaciones y seguimiento fit.,1150.62,76
TECL-3417,Teclado Redragon Kumara K552 Plus,Teclado mecánico gamer con retroiluminación RGB configurable.,1827.93,51
RAT-3418,Ratón Microsoft Bluetooth Ergonomic Plus,Ratón gamer ligero de alta precisión con sensor óptico de alta definición.,304.05,11
TAB-3419,Tableta Huawei MatePad 11 Plus,Dispositivo multimedia portátil con altavoces estéreo y gran autonomía.,455.43,58
ACC-3420,Webcam Logitech C920 HD Pro Ultra,Componente de conectividad portátil para expandir los puertos de tus dispositivos.,764.38,80
CAM-3421,Cámara Canon EOS M50 Ultra,Cámara mirrorless compacta con resolución 4K y sensor APS-C.,870.47,43
LAP-3422,Laptop Lenovo ThinkPad X1 Carbon Ultra,Laptop gamer de última generación con tarjeta gráfica dedicada y pantalla 144Hz.,1588.96,30
TEL-3423,Teléfono Xiaomi 13 Pro Ultra,"Dispositivo con carga superrápida, batería de larga duración y pantalla de 120Hz.",1425.81,81
AUD-3424,Audífonos Sennheiser Momentum 4 Ultra,Diadema ergonómica con graves profundos y batería de más de 30 horas.,701.57,62
MON-3425,Monitor BenQ EW3270U Ultra,Monitor gaming con tasa de refresco rápida y tiempo de respuesta de 1ms.,299.44,41
REL-3426,Reloj Huawei Watch GT 3 Ultra,Smartwatch deportivo resistente al agua con sensores de salud avanzados.,512.60,22
TECL-3427,Teclado Redragon Kumara K552 Ultra,Teclado mecánico compacto hot-swappable ideal para programación y oficina.,1783.53,64
RAT-3428,Ratón Microsoft Bluetooth Ergonomic Ultra,Ratón óptico ultraligero con cable mallado suave y deslizamiento perfecto.,1792.27,40
TAB-3429,Tableta Huawei MatePad 11 Ultra,Tableta versátil con pantalla de alta resolución ideal para estudio y entretenimiento.,1329.28,6
ACC-3430,Webcam Logitech C920 HD Pro Lite,Dispositivo de almacenamiento rápido y confiable para respaldos de datos.,196.66,72
CAM-3431,Cámara Canon EOS M50 Lite,Cámara de acción resistente al agua con estabilización de imagen avanzada.,294.42,78
LAP-3432,Laptop Lenovo ThinkPad X1 Carbon Lite,"Equipo portátil para trabajo pesado, edición de video y multitarea.",45.77,35
TEL-3433,Teléfono Xiaomi 13 Pro Lite,Smartphone de gama alta con pantalla AMOLED y cámara de alta resolución.,571.10,43
AUD-3434,Audífonos Sennheiser Momentum 4 Lite,Auriculares in-ear con audio espacial y estuche de carga inalámbrica.,510.54,98
MON-3435,Monitor BenQ EW3270U Lite,Monitor curvo e inmersivo con panel IPS e iluminación de baja fatiga visual.,27.20,1
REL-3436,Reloj Huawei Watch GT 3 Lite,Reloj inteligente elegante con control de notificaciones y seguimiento fit.,1564.25,79
TECL-3437,Teclado Redragon Kumara K552 Lite,Teclado mecánico gamer con retroiluminación RGB configurable.,859.52,22
RAT-3438,Ratón Microsoft Bluetooth Ergonomic Lite,Ratón gamer ligero de alta precisión con sensor óptico de alta definición.,1785.73,89
TAB-3439,Tableta Huawei MatePad 11 Lite,Dispositivo multimedia portátil con altavoces estéreo y gran autonomía.,1349.23,71
ACC-3440,Webcam Logitech C920 HD Pro Edition 2024,Componente de conectividad portátil para expandir los puertos de tus dispositivos.,1454.12,19
CAM-3441,Cámara Canon EOS M50 Edition 2024,Cámara mirrorless compacta con resolución 4K y sensor APS-C.,874.16,15
LAP-3442,Laptop Lenovo ThinkPad X1 Carbon Edition 2024,Laptop gamer de última generación con tarjeta gráfica dedicada y pantalla 144Hz.,1643.11,22
TEL-3443,Teléfono Xiaomi 13 Pro Edition 2024,"Dispositivo con carga superrápida, batería de larga duración y pantalla de 120Hz.",1126.86,79
AUD-3444,Audífonos Sennheiser Momentum 4 Edition 2024,Diadema ergonómica con graves profundos y batería de más de 30 horas.,1869.31,50
MON-3445,Monitor BenQ EW3270U Edition 2024,Monitor gaming con tasa de refresco rápida y tiempo de respuesta de 1ms.,148.87,18
REL-3446,Reloj Huawei Watch GT 3 Edition 2024,Smartwatch deportivo resistente al agua con sensores de salud avanzados.,813.12,18
TECL-3447,Teclado Redragon Kumara K552 Edition 2024,Teclado mecánico compacto hot-swappable ideal para programación y oficina.,1083.81,11
RAT-3448,Ratón Microsoft Bluetooth Ergonomic Edition 2024,Ratón óptico ultraligero con cable mallado suave y deslizamiento perfecto.,556.34,38
TAB-3449,Tableta Huawei MatePad 11 Edition 2024,Tableta versátil con pantalla de alta resolución ideal para estudio y entretenimiento.,396.76,4
ACC-3450,Webcam Logitech C920 HD Pro Special Edition,Dispositivo de almacenamiento rápido y confiable para respaldos de datos.,139.66,22
CAM-3451,Cámara Canon EOS M50 Special Edition,Cámara de acción resistente al agua con estabilización de imagen avanzada.,30.85,52
LAP-3452,Laptop Lenovo ThinkPad X1 Carbon Special Edition,"Equipo portátil para trabajo pesado, edición de video y multitarea.",1601.74,34
TEL-3453,Teléfono Xiaomi 13 Pro Special Edition,Smartphone de gama alta con pantalla AMOLED y cámara de alta resolución.,425.86,85
AUD-3454,Audífonos Sennheiser Momentum 4 Special Edition,Auriculares in-ear con audio espacial y estuche de carga inalámbrica.,1132.34,62
MON-3455,Monitor BenQ EW3270U Special Edition,Monitor curvo e inmersivo con panel IPS e iluminación de baja fatiga visual.,1165.69,92
REL-3456,Reloj Huawei Watch GT 3 Special Edition,Reloj inteligente elegante con control de notificaciones y seguimiento fit.,1512.80,49
TECL-3457,Teclado Redragon Kumara K552 Special Edition,Teclado mecánico gamer con retroiluminación RGB configurable.,551.86,81
RAT-3458,Ratón Microsoft Bluetooth Ergonomic Special Edition,Ratón gamer ligero de alta precisión con sensor óptico de alta definición.,1140.88,56
TAB-3459,Tableta Huawei MatePad 11 Special Edition,Dispositivo multimedia portátil con altavoces estéreo y gran autonomía.,362.45,90
ACC-3460,Webcam Logitech C920 HD Pro Edición Negra,Componente de conectividad portátil para expandir los puertos de tus dispositivos.,65.22,60
CAM-3461,Cámara Canon EOS M50 Edición Negra,Cámara mirrorless compacta con resolución 4K y sensor APS-C.,1374.00,61
LAP-3462,Laptop Lenovo ThinkPad X1 Carbon Edición Negra,Laptop gamer de última generación con tarjeta gráfica dedicada y pantalla 144Hz.,1389.36,63
TEL-3463,Teléfono Xiaomi 13 Pro Edición Negra,"Dispositivo con carga superrápida, batería de larga duración y pantalla de 120Hz.",406.67,35
AUD-3464,Audífonos Sennheiser Momentum 4 Edición Negra,Diadema ergonómica con graves profundos y batería de más de 30 horas.,1316.42,44
MON-3465,Monitor BenQ EW3270U Edición Negra,Monitor gaming con tasa de refresco rápida y tiempo de respuesta de 1ms.,374.60,64
REL-3466,Reloj Huawei Watch GT 3 Edición Negra,Smartwatch deportivo resistente al agua con sensores de salud avanzados.,733.33,73
TECL-3467,Teclado Redragon Kumara K552 Edición Negra,Teclado mecánico compacto hot-swappable ideal para programación y oficina.,526.91,27
RAT-3468,Ratón Microsoft Bluetooth Ergonomic Edición Negra,Ratón óptico ultraligero con cable mallado suave y deslizamiento perfecto.,1259.42,22
TAB-3469,Tableta Huawei MatePad 11 Edición Negra,Tableta versátil con pantalla de alta resolución ideal para estudio y entretenimiento.,1527.58,73
ACC-3470,Webcam Logitech C920 HD Pro Edición Plata,Dispositivo de almacenamiento rápido y confiable para respaldos de datos.,1093.63,23
CAM-3471,Cámara Canon EOS M50 Edición Plata,Cámara de acción resistente al agua con estabilización de imagen avanzada.,653.15,12
LAP-3472,Laptop Lenovo ThinkPad X1 Carbon Edición Plata,"Equipo portátil para trabajo pesado, edición de video y multitarea.",385.80,84
TEL-3473,Teléfono Xiaomi 13 Pro Edición Plata,Smartphone de gama alta con pantalla AMOLED y cámara de alta resolución.,1628.03,46
AUD-3474,Audífonos Sennheiser Momentum 4 Edición Plata,Auriculares in-ear con audio espacial y estuche de carga inalámbrica.,1139.73,89
MON-3475,Monitor BenQ EW3270U Edición Plata,Monitor curvo e inmersivo con panel IPS e iluminación de baja fatiga visual.,1628.96,25
REL-3476,Reloj Huawei Watch GT 3 Edición Plata,Reloj inteligente elegante con control de notificaciones y seguimiento fit.,1610.60,64
TECL-3477,Teclado Redragon Kumara K552 Edición Plata,Teclado mecánico gamer con retroiluminación RGB configurable.,1090.02,82
RAT-3478,Ratón Microsoft Bluetooth Ergonomic Edición Plata,Ratón gamer ligero de alta precisión con sensor óptico de alta definición.,648.53,24
TAB-3479,Tableta Huawei MatePad 11 Edición Plata,Dispositivo multimedia portátil con altavoces estéreo y gran autonomía.,433.65,66
ACC-3480,Webcam Logitech C920 HD Pro S,Componente de conectividad portátil para expandir los puertos de tus dispositivos.,1096.15,19
CAM-3481,Cámara Canon EOS M50 S,Cámara mirrorless compacta con resolución 4K y sensor APS-C.,1082.47,47
LAP-3482,Laptop Lenovo ThinkPad X1 Carbon S,Laptop gamer de última generación con tarjeta gráfica dedicada y pantalla 144Hz.,613.82,90
TEL-3483,Teléfono Xiaomi 13 Pro S,"Dispositivo con carga superrápida, batería de larga duración y pantalla de 120Hz.",886.81,37
AUD-3484,Audífonos Sennheiser Momentum 4 S,Diadema ergonómica con graves profundos y batería de más de 30 horas.,1276.42,50
MON-3485,Monitor BenQ EW3270U S,Monitor gaming con tasa de refresco rápida y tiempo de respuesta de 1ms.,29.57,39
REL-3486,Reloj Huawei Watch GT 3 S,Smartwatch deportivo resistente al agua con sensores de salud avanzados.,384.81,94
TECL-3487,Teclado Redragon Kumara K552 S,Teclado mecánico compacto hot-swappable ideal para programación y oficina.,533.54,97
RAT-3488,Ratón Microsoft Bluetooth Ergonomic S,Ratón óptico ultraligero con cable mallado suave y deslizamiento perfecto.,1542.76,22
TAB-3489,Tableta Huawei MatePad 11 S,Tableta versátil con pantalla de alta resolución ideal para estudio y entretenimiento.,30.02,93
ACC-3490,Webcam Logitech C920 HD Pro SE,Dispositivo de almacenamiento rápido y confiable para respaldos de datos.,972.33,97
CAM-3491,Cámara Canon EOS M50 SE,Cámara de acción resistente al agua con estabilización de imagen avanzada.,196.86,77
LAP-3492,Laptop Lenovo ThinkPad X1 Carbon SE,"Equipo portátil para trabajo pesado, edición de video y multitarea.",1455.49,75
TEL-3493,Teléfono Xiaomi 13 Pro SE,Smartphone de gama alta con pantalla AMOLED y cámara de alta resolución.,45.54,52
AUD-3494,Audífonos Sennheiser Momentum 4 SE,Auriculares in-ear con audio espacial y estuche de carga inalámbrica.,982.13,33
MON-3495,Monitor BenQ EW3270U SE,Monitor curvo e inmersivo con panel IPS e iluminación de baja fatiga visual.,746.77,29
REL-3496,Reloj Huawei Watch GT 3 SE,Reloj inteligente elegante con control de notificaciones y seguimiento fit.,1091.14,60
TECL-3497,Teclado Redragon Kumara K552 SE,Teclado mecánico gamer con retroiluminación RGB configurable.,1262.42,83
RAT-3498,Ratón Microsoft Bluetooth Ergonomic SE,Ratón gamer ligero de alta precisión con sensor óptico de alta definición.,1666.49,17
TAB-3499,Tableta Huawei MatePad 11 SE,Dispositivo multimedia portátil con altavoces estéreo y gran autonomía.,155.31,25
ACC-3500,Webcam Logitech C920 HD Pro Max,Componente de conectividad portátil para expandir los puertos de tus dispositivos.,775.03,65
CAM-3501,Cámara Canon EOS M50 Max,Cámara mirrorless compacta con resolución 4K y sensor APS-C.,388.76,25
LAP-3502,Laptop Lenovo ThinkPad X1 Carbon Max,Laptop gamer de última generación con tarjeta gráfica dedicada y pantalla 144Hz.,552.94,40
TEL-3503,Teléfono Xiaomi 13 Pro Max,"Dispositivo con carga superrápida, batería de larga duración y pantalla de 120Hz.",1855.04,62
AUD-3504,Audífonos Sennheiser Momentum 4 Max,Diadema ergonómica con graves profundos y batería de más de 30 horas.,1882.96,13
MON-3505,Monitor BenQ EW3270U Max,Monitor gaming con tasa de refresco rápida y tiempo de respuesta de 1ms.,1090.53,49
REL-3506,Reloj Huawei Watch GT 3 Max,Smartwatch deportivo resistente al agua con sensores de salud avanzados.,949.98,11
TECL-3507,Teclado Redragon Kumara K552 Max,Teclado mecánico compacto hot-swappable ideal para programación y oficina.,312.36,19
RAT-3508,Ratón Microsoft Bluetooth Ergonomic Max,Ratón óptico ultraligero con cable mallado suave y deslizamiento perfecto.,1751.41,93
TAB-3509,Tableta Huawei MatePad 11 Max,Tableta versátil con pantalla de alta resolución ideal para estudio y entretenimiento.,1217.58,99
ACC-3510,Webcam Logitech C920 HD Pro v1,Dispositivo de almacenamiento rápido y confiable para respaldos de datos.,1293.71,61
CAM-3511,Cámara Canon EOS M50 v1,Cámara de acción resistente al agua con estabilización de imagen avanzada.,50.12,36
LAP-3512,Laptop Lenovo ThinkPad X1 Carbon v1,"Equipo portátil para trabajo pesado, edición de video y multitarea.",798.98,94
TEL-3513,Teléfono Xiaomi 13 Pro v1,Smartphone de gama alta con pantalla AMOLED y cámara de alta resolución.,1104.82,95
AUD-3514,Audífonos Sennheiser Momentum 4 v1,Auriculares in-ear con audio espacial y estuche de carga inalámbrica.,147.77,21
MON-3515,Monitor BenQ EW3270U v1,Monitor curvo e inmersivo con panel IPS e iluminación de baja fatiga visual.,938.47,87
REL-3516,Reloj Huawei Watch GT 3 v1,Reloj inteligente elegante con control de notificaciones y seguimiento fit.,844.17,33
TECL-3517,Teclado Redragon Kumara K552 v1,Teclado mecánico gamer con retroiluminación RGB configurable.,890.45,49
RAT-3518,Ratón Microsoft Bluetooth Ergonomic v1,Ratón gamer ligero de alta precisión con sensor óptico de alta definición.,229.17,39
TAB-3519,Tableta Huawei MatePad 11 v1,Dispositivo multimedia portátil con altavoces estéreo y gran autonomía.,1636.41,35
ACC-3520,Webcam Logitech C920 HD Pro v2,Componente de conectividad portátil para expandir los puertos de tus dispositivos.,296.18,79
CAM-3521,Cámara Canon EOS M50 v2,Cámara mirrorless compacta con resolución 4K y sensor APS-C.,894.78,87
LAP-3522,Laptop Lenovo ThinkPad X1 Carbon v2,Laptop gamer de última generación con tarjeta gráfica dedicada y pantalla 144Hz.,916.14,11
TEL-3523,Teléfono Xiaomi 13 Pro v2,"Dispositivo con carga superrápida, batería de larga duración y pantalla de 120Hz.",1091.53,90
AUD-3524,Audífonos Sennheiser Momentum 4 v2,Diadema ergonómica con graves profundos y batería de más de 30 horas.,1222.98,86
MON-3525,Monitor BenQ EW3270U v2,Monitor gaming con tasa de refresco rápida y tiempo de respuesta de 1ms.,1674.33,42
REL-3526,Reloj Huawei Watch GT 3 v2,Smartwatch deportivo resistente al agua con sensores de salud avanzados.,499.06,73
TECL-3527,Teclado Redragon Kumara K552 v2,Teclado mecánico compacto hot-swappable ideal para programación y oficina.,80.82,58
RAT-3528,Ratón Microsoft Bluetooth Ergonomic v2,Ratón óptico ultraligero con cable mallado suave y deslizamiento perfecto.,1013.63,38
TAB-3529,Tableta Huawei MatePad 11 v2,Tableta versátil con pantalla de alta resolución ideal para estudio y entretenimiento.,1606.58,36
ACC-3530,Webcam Logitech C920 HD Pro Pro,Dispositivo de almacenamiento rápido y confiable para respaldos de datos.,1847.76,65
CAM-3531,Cámara Canon EOS M50 Pro,Cámara de acción resistente al agua con estabilización de imagen avanzada.,80.21,58
LAP-3532,Laptop Lenovo ThinkPad X1 Carbon Pro,"Equipo portátil para trabajo pesado, edición de video y multitarea.",1811.34,44
TEL-3533,Teléfono Xiaomi 13 Pro Pro,Smartphone de gama alta con pantalla AMOLED y cámara de alta resolución.,361.98,20
AUD-3534,Audífonos Sennheiser Momentum 4 Pro,Auriculares in-ear con audio espacial y estuche de carga inalámbrica.,748.25,54
MON-3535,Monitor BenQ EW3270U Pro,Monitor curvo e inmersivo con panel IPS e iluminación de baja fatiga visual.,186.50,41
REL-3536,Reloj Huawei Watch GT 3 Pro,Reloj inteligente elegante con control de notificaciones y seguimiento fit.,660.88,9
TECL-3537,Teclado Redragon Kumara K552 Pro,Teclado mecánico gamer con retroiluminación RGB configurable.,1260.87,3
RAT-3538,Ratón Microsoft Bluetooth Ergonomic Pro,Ratón gamer ligero de alta precisión con sensor óptico de alta definición.,1261.08,81
TAB-3539,Tableta Huawei MatePad 11 Pro,Dispositivo multimedia portátil con altavoces estéreo y gran autonomía.,1163.72,67
ACC-3540,Webcam Logitech C920 HD Pro Plus,Componente de conectividad portátil para expandir los puertos de tus dispositivos.,1383.59,98
CAM-3541,Cámara Canon EOS M50 Plus,Cámara mirrorless compacta con resolución 4K y sensor APS-C.,1284.87,96
LAP-3542,Laptop Lenovo ThinkPad X1 Carbon Plus,Laptop gamer de última generación con tarjeta gráfica dedicada y pantalla 144Hz.,71.43,94
TEL-3543,Teléfono Xiaomi 13 Pro Plus,"Dispositivo con carga superrápida, batería de larga duración y pantalla de 120Hz.",1162.62,31
AUD-3544,Audífonos Sennheiser Momentum 4 Plus,Diadema ergonómica con graves profundos y batería de más de 30 horas.,1288.86,10
MON-3545,Monitor BenQ EW3270U Plus,Monitor gaming con tasa de refresco rápida y tiempo de respuesta de 1ms.,146.55,97
REL-3546,Reloj Huawei Watch GT 3 Plus,Smartwatch deportivo resistente al agua con sensores de salud avanzados.,750.61,35
TECL-3547,Teclado Redragon Kumara K552 Plus,Teclado mecánico compacto hot-swappable ideal para programación y oficina.,382.30,60
RAT-3548,Ratón Microsoft Bluetooth Ergonomic Plus,Ratón óptico ultraligero con cable mallado suave y deslizamiento perfecto.,1267.75,18
TAB-3549,Tableta Huawei MatePad 11 Plus,Tableta versátil con pantalla de alta resolución ideal para estudio y entretenimiento.,1177.44,83
ACC-3550,Webcam Logitech C920 HD Pro Ultra,Dispositivo de almacenamiento rápido y confiable para respaldos de datos.,1211.40,13
CAM-3551,Cámara Canon EOS M50 Ultra,Cámara de acción resistente al agua con estabilización de imagen avanzada.,1523.06,38
LAP-3552,Laptop Lenovo ThinkPad X1 Carbon Ultra,"Equipo portátil para trabajo pesado, edición de video y multitarea.",1302.30,43
TEL-3553,Teléfono Xiaomi 13 Pro Ultra,Smartphone de gama alta con pantalla AMOLED y cámara de alta resolución.,1718.49,50
AUD-3554,Audífonos Sennheiser Momentum 4 Ultra,Auriculares in-ear con audio espacial y estuche de carga inalámbrica.,1773.60,16
MON-3555,Monitor BenQ EW3270U Ultra,Monitor curvo e inmersivo con panel IPS e iluminación de baja fatiga visual.,1629.97,67
REL-3556,Reloj Huawei Watch GT 3 Ultra,Reloj inteligente elegante con control de notificaciones y seguimiento fit.,786.92,72
TECL-3557,Teclado Redragon Kumara K552 Ultra,Teclado mecánico gamer con retroiluminación RGB configurable.,1744.10,55
RAT-3558,Ratón Microsoft Bluetooth Ergonomic Ultra,Ratón gamer ligero de alta precisión con sensor óptico de alta definición.,761.07,96
TAB-3559,Tableta Huawei MatePad 11 Ultra,Dispositivo multimedia portátil con altavoces estéreo y gran autonomía.,381.95,56
ACC-3560,Webcam Logitech C920 HD Pro Lite,Componente de conectividad portátil para expandir los puertos de tus dispositivos.,844.87,65
CAM-3561,Cámara Canon EOS M50 Lite,Cámara mirrorless compacta con resolución 4K y sensor APS-C.,258.19,58
LAP-3562,Laptop Lenovo ThinkPad X1 Carbon Lite,Laptop gamer de última generación con tarjeta gráfica dedicada y pantalla 144Hz.,1180.02,12
TEL-3563,Teléfono Xiaomi 13 Pro Lite,"Dispositivo con carga superrápida, batería de larga duración y pantalla de 120Hz.",883.42,71
AUD-3564,Audífonos Sennheiser Momentum 4 Lite,Diadema ergonómica con graves profundos y batería de más de 30 horas.,1794.61,28
MON-3565,Monitor BenQ EW3270U Lite,Monitor gaming con tasa de refresco rápida y tiempo de respuesta de 1ms.,1138.54,83
REL-3566,Reloj Huawei Watch GT 3 Lite,Smartwatch deportivo resistente al agua con sensores de salud avanzados.,307.26,95
TECL-3567,Teclado Redragon Kumara K552 Lite,Teclado mecánico compacto hot-swappable ideal para programación y oficina.,1212.10,24
RAT-3568,Ratón Microsoft Bluetooth Ergonomic Lite,Ratón óptico ultraligero con cable mallado suave y deslizamiento perfecto.,166.31,40
TAB-3569,Tableta Huawei MatePad 11 Lite,Tableta versátil con pantalla de alta resolución ideal para estudio y entretenimiento.,826.77,68
ACC-3570,Webcam Logitech C920 HD Pro Edition 2024,Dispositivo de almacenamiento rápido y confiable para respaldos de datos.,55.86,88
CAM-3571,Cámara Canon EOS M50 Edition 2024,Cámara de acción resistente al agua con estabilización de imagen avanzada.,1533.89,28
LAP-3572,Laptop Lenovo ThinkPad X1 Carbon Edition 2024,"Equipo portátil para trabajo pesado, edición de video y multitarea.",1283.49,91
TEL-3573,Teléfono Xiaomi 13 Pro Edition 2024,Smartphone de gama alta con pantalla AMOLED y cámara de alta resolución.,877.88,70
AUD-3574,Audífonos Sennheiser Momentum 4 Edition 2024,Auriculares in-ear con audio espacial y estuche de carga inalámbrica.,1720.78,56
MON-3575,Monitor BenQ EW3270U Edition 2024,Monitor curvo e inmersivo con panel IPS e iluminación de baja fatiga visual.,1533.18,92
REL-3576,Reloj Huawei Watch GT 3 Edition 2024,Reloj inteligente elegante con control de notificaciones y seguimiento fit.,121.69,49
TECL-3577,Teclado Redragon Kumara K552 Edition 2024,Teclado mecánico gamer con retroiluminación RGB configurable.,366.54,34
RAT-3578,Ratón Microsoft Bluetooth Ergonomic Edition 2024,Ratón gamer ligero de alta precisión con sensor óptico de alta definición.,221.82,55
TAB-3579,Tableta Huawei MatePad 11 Edition 2024,Dispositivo multimedia portátil con altavoces estéreo y gran autonomía.,1489.17,48
ACC-3580,Webcam Logitech C920 HD Pro Special Edition,Componente de conectividad portátil para expandir los puertos de tus dispositivos.,901.45,48
CAM-3581,Cámara Canon EOS M50 Special Edition,Cámara mirrorless compacta con resolución 4K y sensor APS-C.,390.28,7
LAP-3582,Laptop Lenovo ThinkPad X1 Carbon Special Edition,Laptop gamer de última generación con tarjeta gráfica dedicada y pantalla 144Hz.,1547.53,81
TEL-3583,Teléfono Xiaomi 13 Pro Special Edition,"Dispositivo con carga superrápida, batería de larga duración y pantalla de 120Hz.",613.68,34
AUD-3584,Audífonos Sennheiser Momentum 4 Special Edition,Diadema ergonómica con graves profundos y batería de más de 30 horas.,1343.21,25
MON-3585,Monitor BenQ EW3270U Special Edition,Monitor gaming con tasa de refresco rápida y tiempo de respuesta de 1ms.,147.79,85
REL-3586,Reloj Huawei Watch GT 3 Special Edition,Smartwatch deportivo resistente al agua con sensores de salud avanzados.,1828.95,88
TECL-3587,Teclado Redragon Kumara K552 Special Edition,Teclado mecánico compacto hot-swappable ideal para programación y oficina.,60.40,6
RAT-3588,Ratón Microsoft Bluetooth Ergonomic Special Edition,Ratón óptico ultraligero con cable mallado suave y deslizamiento perfecto.,366.47,84
TAB-3589,Tableta Huawei MatePad 11 Special Edition,Tableta versátil con pantalla de alta resolución ideal para estudio y entretenimiento.,688.53,85
ACC-3590,Webcam Logitech C920 HD Pro Edición Negra,Dispositivo de almacenamiento rápido y confiable para respaldos de datos.,54.20,39
CAM-3591,Cámara Canon EOS M50 Edición Negra,Cámara de acción resistente al agua con estabilización de imagen avanzada.,1389.46,39
LAP-3592,Laptop Lenovo ThinkPad X1 Carbon Edición Negra,"Equipo portátil para trabajo pesado, edición de video y multitarea.",1281.91,48
TEL-3593,Teléfono Xiaomi 13 Pro Edición Negra,Smartphone de gama alta con pantalla AMOLED y cámara de alta resolución.,255.40,74
AUD-3594,Audífonos Sennheiser Momentum 4 Edición Negra,Auriculares in-ear con audio espacial y estuche de carga inalámbrica.,291.91,30
MON-3595,Monitor BenQ EW3270U Edición Negra,Monitor curvo e inmersivo con panel IPS e iluminación de baja fatiga visual.,681.23,48
REL-3596,Reloj Huawei Watch GT 3 Edición Negra,Reloj inteligente elegante con control de notificaciones y seguimiento fit.,810.20,51
TECL-3597,Teclado Redragon Kumara K552 Edición Negra,Teclado mecánico gamer con retroiluminación RGB configurable.,702.75,3
RAT-3598,Ratón Microsoft Bluetooth Ergonomic Edición Negra,Ratón gamer ligero de alta precisión con sensor óptico de alta definición.,830.46,46
TAB-3599,Tableta Huawei MatePad 11 Edición Negra,Dispositivo multimedia portátil con altavoces estéreo y gran autonomía.,1539.90,35
ACC-3600,Webcam Logitech C920 HD Pro Edición Plata,Componente de conectividad portátil para expandir los puertos de tus dispositivos.,478.05,68
CAM-3601,Cámara Canon EOS M50 Edición Plata,Cámara mirrorless compacta con resolución 4K y sensor APS-C.,215.04,87
LAP-3602,Laptop Lenovo ThinkPad X1 Carbon Edición Plata,Laptop gamer de última generación con tarjeta gráfica dedicada y pantalla 144Hz.,408.13,22
TEL-3603,Teléfono Xiaomi 13 Pro Edición Plata,"Dispositivo con carga superrápida, batería de larga duración y pantalla de 120Hz.",349.46,22
AUD-3604,Audífonos Sennheiser Momentum 4 Edición Plata,Diadema ergonómica con graves profundos y batería de más de 30 horas.,1754.69,49
MON-3605,Monitor BenQ EW3270U Edición Plata,Monitor gaming con tasa de refresco rápida y tiempo de respuesta de 1ms.,401.34,100
REL-3606,Reloj Huawei Watch GT 3 Edición Plata,Smartwatch deportivo resistente al agua con sensores de salud avanzados.,977.23,89
TECL-3607,Teclado Redragon Kumara K552 Edición Plata,Teclado mecánico compacto hot-swappable ideal para programación y oficina.,484.34,19
RAT-3608,Ratón Microsoft Bluetooth Ergonomic Edición Plata,Ratón óptico ultraligero con cable mallado suave y deslizamiento perfecto.,769.33,47
TAB-3609,Tableta Huawei MatePad 11 Edición Plata,Tableta versátil con pantalla de alta resolución ideal para estudio y entretenimiento.,1617.91,24
ACC-3610,Webcam Logitech C920 HD Pro S,Dispositivo de almacenamiento rápido y confiable para respaldos de datos.,405.02,92
CAM-3611,Cámara Canon EOS M50 S,Cámara de acción resistente al agua con estabilización de imagen avanzada.,249.02,49
LAP-3612,Laptop Lenovo ThinkPad X1 Carbon S,"Equipo portátil para trabajo pesado, edición de video y multitarea.",1594.04,86
TEL-3613,Teléfono Xiaomi 13 Pro S,Smartphone de gama alta con pantalla AMOLED y cámara de alta resolución.,306.98,35
AUD-3614,Audífonos Sennheiser Momentum 4 S,Auriculares in-ear con audio espacial y estuche de carga inalámbrica.,600.80,61
MON-3615,Monitor BenQ EW3270U S,Monitor curvo e inmersivo con panel IPS e iluminación de baja fatiga visual.,341.60,41
REL-3616,Reloj Huawei Watch GT 3 S,Reloj inteligente elegante con control de notificaciones y seguimiento fit.,1247.26,91
TECL-3617,Teclado Redragon Kumara K552 S,Teclado mecánico gamer con retroiluminación RGB configurable.,312.62,5
RAT-3618,Ratón Microsoft Bluetooth Ergonomic S,Ratón gamer ligero de alta precisión con sensor óptico de alta definición.,86.29,29
TAB-3619,Tableta Huawei MatePad 11 S,Dispositivo multimedia portátil con altavoces estéreo y gran autonomía.,384.55,83
ACC-3620,Webcam Logitech C920 HD Pro SE,Componente de conectividad portátil para expandir los puertos de tus dispositivos.,982.16,59
CAM-3621,Cámara Canon EOS M50 SE,Cámara mirrorless compacta con resolución 4K y sensor APS-C.,667.71,15
LAP-3622,Laptop Lenovo ThinkPad X1 Carbon SE,Laptop gamer de última generación con tarjeta gráfica dedicada y pantalla 144Hz.,1781.91,16
TEL-3623,Teléfono Xiaomi 13 Pro SE,"Dispositivo con carga superrápida, batería de larga duración y pantalla de 120Hz.",1705.34,10
AUD-3624,Audífonos Sennheiser Momentum 4 SE,Diadema ergonómica con graves profundos y batería de más de 30 horas.,621.69,88
MON-3625,Monitor BenQ EW3270U SE,Monitor gaming con tasa de refresco rápida y tiempo de respuesta de 1ms.,368.46,59
REL-3626,Reloj Huawei Watch GT 3 SE,Smartwatch deportivo resistente al agua con sensores de salud avanzados.,1124.33,23
TECL-3627,Teclado Redragon Kumara K552 SE,Teclado mecánico compacto hot-swappable ideal para programación y oficina.,1182.63,48
RAT-3628,Ratón Microsoft Bluetooth Ergonomic SE,Ratón óptico ultraligero con cable mallado suave y deslizamiento perfecto.,1348.40,16
TAB-3629,Tableta Huawei MatePad 11 SE,Tableta versátil con pantalla de alta resolución ideal para estudio y entretenimiento.,529.94,63
ACC-3630,Webcam Logitech C920 HD Pro Max,Dispositivo de almacenamiento rápido y confiable para respaldos de datos.,1253.18,88
CAM-3631,Cámara Canon EOS M50 Max,Cámara de acción resistente al agua con estabilización de imagen avanzada.,1604.26,10
LAP-3632,Laptop Lenovo ThinkPad X1 Carbon Max,"Equipo portátil para trabajo pesado, edición de video y multitarea.",550.86,37
TEL-3633,Teléfono Xiaomi 13 Pro Max,Smartphone de gama alta con pantalla AMOLED y cámara de alta resolución.,545.09,83
AUD-3634,Audífonos Sennheiser Momentum 4 Max,Auriculares in-ear con audio espacial y estuche de carga inalámbrica.,533.89,34
MON-3635,Monitor BenQ EW3270U Max,Monitor curvo e inmersivo con panel IPS e iluminación de baja fatiga visual.,706.40,38
REL-3636,Reloj Huawei Watch GT 3 Max,Reloj inteligente elegante con control de notificaciones y seguimiento fit.,331.39,50
TECL-3637,Teclado Redragon Kumara K552 Max,Teclado mecánico gamer con retroiluminación RGB configurable.,1300.06,15
RAT-3638,Ratón Microsoft Bluetooth Ergonomic Max,Ratón gamer ligero de alta precisión con sensor óptico de alta definición.,1294.35,78
TAB-3639,Tableta Huawei MatePad 11 Max,Dispositivo multimedia portátil con altavoces estéreo y gran autonomía.,28.52,36
ACC-3640,Webcam Logitech C920 HD Pro v1,Componente de conectividad portátil para expandir los puertos de tus dispositivos.,816.88,19
CAM-3641,Cámara Canon EOS M50 v1,Cámara mirrorless compacta con resolución 4K y sensor APS-C.,1396.23,8
LAP-3642,Laptop Lenovo ThinkPad X1 Carbon v1,Laptop gamer de última generación con tarjeta gráfica dedicada y pantalla 144Hz.,1323.34,95
TEL-3643,Teléfono Xiaomi 13 Pro v1,"Dispositivo con carga superrápida, batería de larga duración y pantalla de 120Hz.",1205.76,92
AUD-3644,Audífonos Sennheiser Momentum 4 v1,Diadema ergonómica con graves profundos y batería de más de 30 horas.,1221.36,22
MON-3645,Monitor BenQ EW3270U v1,Monitor gaming con tasa de refresco rápida y tiempo de respuesta de 1ms.,785.03,99
REL-3646,Reloj Huawei Watch GT 3 v1,Smartwatch deportivo resistente al agua con sensores de salud avanzados.,1365.54,29
TECL-3647,Teclado Redragon Kumara K552 v1,Teclado mecánico compacto hot-swappable ideal para programación y oficina.,855.78,51
RAT-3648,Ratón Microsoft Bluetooth Ergonomic v1,Ratón óptico ultraligero con cable mallado suave y deslizamiento perfecto.,680.72,57
TAB-3649,Tableta Huawei MatePad 11 v1,Tableta versátil con pantalla de alta resolución ideal para estudio y entretenimiento.,671.46,76
ACC-3650,Webcam Logitech C920 HD Pro v2,Dispositivo de almacenamiento rápido y confiable para respaldos de datos.,608.31,44
CAM-3651,Cámara Canon EOS M50 v2,Cámara de acción resistente al agua con estabilización de imagen avanzada.,1147.03,24
LAP-3652,Laptop Lenovo ThinkPad X1 Carbon v2,"Equipo portátil para trabajo pesado, edición de video y multitarea.",878.81,3
TEL-3653,Teléfono Xiaomi 13 Pro v2,Smartphone de gama alta con pantalla AMOLED y cámara de alta resolución.,75.96,15
AUD-3654,Audífonos Sennheiser Momentum 4 v2,Auriculares in-ear con audio espacial y estuche de carga inalámbrica.,1239.75,93
MON-3655,Monitor BenQ EW3270U v2,Monitor curvo e inmersivo con panel IPS e iluminación de baja fatiga visual.,1503.94,65
REL-3656,Reloj Huawei Watch GT 3 v2,Reloj inteligente elegante con control de notificaciones y seguimiento fit.,83.38,68
TECL-3657,Teclado Redragon Kumara K552 v2,Teclado mecánico gamer con retroiluminación RGB configurable.,1069.66,54
RAT-3658,Ratón Microsoft Bluetooth Ergonomic v2,Ratón gamer ligero de alta precisión con sensor óptico de alta definición.,237.45,4
TAB-3659,Tableta Huawei MatePad 11 v2,Dispositivo multimedia portátil con altavoces estéreo y gran autonomía.,1374.77,50
ACC-3660,Webcam Logitech C920 HD Pro Pro,Componente de conectividad portátil para expandir los puertos de tus dispositivos.,1597.44,38
CAM-3661,Cámara Canon EOS M50 Pro,Cámara mirrorless compacta con resolución 4K y sensor APS-C.,1022.12,95
LAP-3662,Laptop Lenovo ThinkPad X1 Carbon Pro,Laptop gamer de última generación con tarjeta gráfica dedicada y pantalla 144Hz.,1343.75,99
TEL-3663,Teléfono Xiaomi 13 Pro Pro,"Dispositivo con carga superrápida, batería de larga duración y pantalla de 120Hz.",1503.85,82
AUD-3664,Audífonos Sennheiser Momentum 4 Pro,Diadema ergonómica con graves profundos y batería de más de 30 horas.,1284.41,38
MON-3665,Monitor BenQ EW3270U Pro,Monitor gaming con tasa de refresco rápida y tiempo de respuesta de 1ms.,1295.53,40
REL-3666,Reloj Huawei Watch GT 3 Pro,Smartwatch deportivo resistente al agua con sensores de salud avanzados.,1624.31,45
TECL-3667,Teclado Redragon Kumara K552 Pro,Teclado mecánico compacto hot-swappable ideal para programación y oficina.,1524.95,60
RAT-3668,Ratón Microsoft Bluetooth Ergonomic Pro,Ratón óptico ultraligero con cable mallado suave y deslizamiento perfecto.,1231.76,62
TAB-3669,Tableta Huawei MatePad 11 Pro,Tableta versátil con pantalla de alta resolución ideal para estudio y entretenimiento.,427.43,53
ACC-3670,Webcam Logitech C920 HD Pro Plus,Dispositivo de almacenamiento rápido y confiable para respaldos de datos.,1194.94,45
CAM-3671,Cámara Canon EOS M50 Plus,Cámara de acción resistente al agua con estabilización de imagen avanzada.,476.22,75
LAP-3672,Laptop Lenovo ThinkPad X1 Carbon Plus,"Equipo portátil para trabajo pesado, edición de video y multitarea.",273.59,34
TEL-3673,Teléfono Xiaomi 13 Pro Plus,Smartphone de gama alta con pantalla AMOLED y cámara de alta resolución.,665.37,26
AUD-3674,Audífonos Sennheiser Momentum 4 Plus,Auriculares in-ear con audio espacial y estuche de carga inalámbrica.,1443.74,2
MON-3675,Monitor BenQ EW3270U Plus,Monitor curvo e inmersivo con panel IPS e iluminación de baja fatiga visual.,954.45,1
REL-3676,Reloj Huawei Watch GT 3 Plus,Reloj inteligente elegante con control de notificaciones y seguimiento fit.,479.70,37
TECL-3677,Teclado Redragon Kumara K552 Plus,Teclado mecánico gamer con retroiluminación RGB configurable.,910.40,7
RAT-3678,Ratón Microsoft Bluetooth Ergonomic Plus,Ratón gamer ligero de alta precisión con sensor óptico de alta definición.,1079.96,7
TAB-3679,Tableta Huawei MatePad 11 Plus,Dispositivo multimedia portátil con altavoces estéreo y gran autonomía.,539.85,46
ACC-3680,Webcam Logitech C920 HD Pro Ultra,Componente de conectividad portátil para expandir los puertos de tus dispositivos.,460.28,69
CAM-3681,Cámara Canon EOS M50 Ultra,Cámara mirrorless compacta con resolución 4K y sensor APS-C.,667.63,20
LAP-3682,Laptop Lenovo ThinkPad X1 Carbon Ultra,Laptop gamer de última generación con tarjeta gráfica dedicada y pantalla 144Hz.,1514.53,100
TEL-3683,Teléfono Xiaomi 13 Pro Ultra,"Dispositivo con carga superrápida, batería de larga duración y pantalla de 120Hz.",1619.07,3
AUD-3684,Audífonos Sennheiser Momentum 4 Ultra,Diadema ergonómica con graves profundos y batería de más de 30 horas.,1786.08,4
MON-3685,Monitor BenQ EW3270U Ultra,Monitor gaming con tasa de refresco rápida y tiempo de respuesta de 1ms.,1025.32,1
REL-3686,Reloj Huawei Watch GT 3 Ultra,Smartwatch deportivo resistente al agua con sensores de salud avanzados.,746.90,73
TECL-3687,Teclado Redragon Kumara K552 Ultra,Teclado mecánico compacto hot-swappable ideal para programación y oficina.,482.27,90
RAT-3688,Ratón Microsoft Bluetooth Ergonomic Ultra,Ratón óptico ultraligero con cable mallado suave y deslizamiento perfecto.,20.22,21
TAB-3689,Tableta Huawei MatePad 11 Ultra,Tableta versátil con pantalla de alta resolución ideal para estudio y entretenimiento.,964.44,89
ACC-3690,Webcam Logitech C920 HD Pro Lite,Dispositivo de almacenamiento rápido y confiable para respaldos de datos.,899.03,47
CAM-3691,Cámara Canon EOS M50 Lite,Cámara de acción resistente al agua con estabilización de imagen avanzada.,1236.68,48
LAP-3692,Laptop Lenovo ThinkPad X1 Carbon Lite,"Equipo portátil para trabajo pesado, edición de video y multitarea.",1774.10,4
TEL-3693,Teléfono Xiaomi 13 Pro Lite,Smartphone de gama alta con pantalla AMOLED y cámara de alta resolución.,1346.40,19
AUD-3694,Audífonos Sennheiser Momentum 4 Lite,Auriculares in-ear con audio espacial y estuche de carga inalámbrica.,1361.90,8
MON-3695,Monitor BenQ EW3270U Lite,Monitor curvo e inmersivo con panel IPS e iluminación de baja fatiga visual.,791.08,37
REL-3696,Reloj Huawei Watch GT 3 Lite,Reloj inteligente elegante con control de notificaciones y seguimiento fit.,1871.04,40
TECL-3697,Teclado Redragon Kumara K552 Lite,Teclado mecánico gamer con retroiluminación RGB configurable.,968.67,54
RAT-3698,Ratón Microsoft Bluetooth Ergonomic Lite,Ratón gamer ligero de alta precisión con sensor óptico de alta definición.,1281.78,29
TAB-3699,Tableta Huawei MatePad 11 Lite,Dispositivo multimedia portátil con altavoces estéreo y gran autonomía.,26.37,30
ACC-3700,Webcam Logitech C920 HD Pro Edition 2024,Componente de conectividad portátil para expandir los puertos de tus dispositivos.,1461.91,42
CAM-3701,Cámara Canon EOS M50 Edition 2024,Cámara mirrorless compacta con resolución 4K y sensor APS-C.,202.10,52
LAP-3702,Laptop Lenovo ThinkPad X1 Carbon Edition 2024,Laptop gamer de última generación con tarjeta gráfica dedicada y pantalla 144Hz.,1797.17,78
TEL-3703,Teléfono Xiaomi 13 Pro Edition 2024,"Dispositivo con carga superrápida, batería de larga duración y pantalla de 120Hz.",172.27,44
AUD-3704,Audífonos Sennheiser Momentum 4 Edition 2024,Diadema ergonómica con graves profundos y batería de más de 30 horas.,1460.97,28
MON-3705,Monitor BenQ EW3270U Edition 2024,Monitor gaming con tasa de refresco rápida y tiempo de respuesta de 1ms.,220.84,13
REL-3706,Reloj Huawei Watch GT 3 Edition 2024,Smartwatch deportivo resistente al agua con sensores de salud avanzados.,891.44,9
TECL-3707,Teclado Redragon Kumara K552 Edition 2024,Teclado mecánico compacto hot-swappable ideal para programación y oficina.,494.73,52
RAT-3708,Ratón Microsoft Bluetooth Ergonomic Edition 2024,Ratón óptico ultraligero con cable mallado suave y deslizamiento perfecto.,931.67,12
TAB-3709,Tableta Huawei MatePad 11 Edition 2024,Tableta versátil con pantalla de alta resolución ideal para estudio y entretenimiento.,1701.62,48
ACC-3710,Webcam Logitech C920 HD Pro Special Edition,Dispositivo de almacenamiento rápido y confiable para respaldos de datos.,48.77,4
CAM-3711,Cámara Canon EOS M50 Special Edition,Cámara de acción resistente al agua con estabilización de imagen avanzada.,71.98,70
LAP-3712,Laptop Lenovo ThinkPad X1 Carbon Special Edition,"Equipo portátil para trabajo pesado, edición de video y multitarea.",1700.93,53
TEL-3713,Teléfono Xiaomi 13 Pro Special Edition,Smartphone de gama alta con pantalla AMOLED y cámara de alta resolución.,926.08,5
AUD-3714,Audífonos Sennheiser Momentum 4 Special Edition,Auriculares in-ear con audio espacial y estuche de carga inalámbrica.,1448.81,74
MON-3715,Monitor BenQ EW3270U Special Edition,Monitor curvo e inmersivo con panel IPS e iluminación de baja fatiga visual.,1776.39,30
REL-3716,Reloj Huawei Watch GT 3 Special Edition,Reloj inteligente elegante con control de notificaciones y seguimiento fit.,783.52,55
TECL-3717,Teclado Redragon Kumara K552 Special Edition,Teclado mecánico gamer con retroiluminación RGB configurable.,767.05,7
RAT-3718,Ratón Microsoft Bluetooth Ergonomic Special Edition,Ratón gamer ligero de alta precisión con sensor óptico de alta definición.,238.38,16
TAB-3719,Tableta Huawei MatePad 11 Special Edition,Dispositivo multimedia portátil con altavoces estéreo y gran autonomía.,25.71,32
ACC-3720,Webcam Logitech C920 HD Pro Edición Negra,Componente de conectividad portátil para expandir los puertos de tus dispositivos.,983.31,56
CAM-3721,Cámara Canon EOS M50 Edición Negra,Cámara mirrorless compacta con resolución 4K y sensor APS-C.,1601.77,7
LAP-3722,Laptop Lenovo ThinkPad X1 Carbon Edición Negra,Laptop gamer de última generación con tarjeta gráfica dedicada y pantalla 144Hz.,1134.75,33
TEL-3723,Teléfono Xiaomi 13 Pro Edición Negra,"Dispositivo con carga superrápida, batería de larga duración y pantalla de 120Hz.",335.17,14
AUD-3724,Audífonos Sennheiser Momentum 4 Edición Negra,Diadema ergonómica con graves profundos y batería de más de 30 horas.,1334.80,65
MON-3725,Monitor BenQ EW3270U Edición Negra,Monitor gaming con tasa de refresco rápida y tiempo de respuesta de 1ms.,104.77,4
REL-3726,Reloj Huawei Watch GT 3 Edición Negra,Smartwatch deportivo resistente al agua con sensores de salud avanzados.,1387.67,19
TECL-3727,Teclado Redragon Kumara K552 Edición Negra,Teclado mecánico compacto hot-swappable ideal para programación y oficina.,501.72,5
RAT-3728,Ratón Microsoft Bluetooth Ergonomic Edición Negra,Ratón óptico ultraligero con cable mallado suave y deslizamiento perfecto.,1822.82,60
TAB-3729,Tableta Huawei MatePad 11 Edición Negra,Tableta versátil con pantalla de alta resolución ideal para estudio y entretenimiento.,1540.30,28
ACC-3730,Webcam Logitech C920 HD Pro Edición Plata,Dispositivo de almacenamiento rápido y confiable para respaldos de datos.,588.58,32
CAM-3731,Cámara Canon EOS M50 Edición Plata,Cámara de acción resistente al agua con estabilización de imagen avanzada.,1090.95,85
LAP-3732,Laptop Lenovo ThinkPad X1 Carbon Edición Plata,"Equipo portátil para trabajo pesado, edición de video y multitarea.",1369.80,92
TEL-3733,Teléfono Xiaomi 13 Pro Edición Plata,Smartphone de gama alta con pantalla AMOLED y cámara de alta resolución.,389.60,3
AUD-3734,Audífonos Sennheiser Momentum 4 Edición Plata,Auriculares in-ear con audio espacial y estuche de carga inalámbrica.,179.43,44
MON-3735,Monitor BenQ EW3270U Edición Plata,Monitor curvo e inmersivo con panel IPS e iluminación de baja fatiga visual.,1376.01,73
REL-3736,Reloj Huawei Watch GT 3 Edición Plata,Reloj inteligente elegante con control de notificaciones y seguimiento fit.,1161.39,35
TECL-3737,Teclado Redragon Kumara K552 Edición Plata,Teclado mecánico gamer con retroiluminación RGB configurable.,800.33,27
RAT-3738,Ratón Microsoft Bluetooth Ergonomic Edición Plata,Ratón gamer ligero de alta precisión con sensor óptico de alta definición.,575.20,21
TAB-3739,Tableta Huawei MatePad 11 Edición Plata,Dispositivo multimedia portátil con altavoces estéreo y gran autonomía.,1005.83,94
ACC-3740,Webcam Logitech C920 HD Pro S,Componente de conectividad portátil para expandir los puertos de tus dispositivos.,783.88,82
CAM-3741,Cámara Canon EOS M50 S,Cámara mirrorless compacta con resolución 4K y sensor APS-C.,1030.42,51
LAP-3742,Laptop Lenovo ThinkPad X1 Carbon S,Laptop gamer de última generación con tarjeta gráfica dedicada y pantalla 144Hz.,1098.41,88
TEL-3743,Teléfono Xiaomi 13 Pro S,"Dispositivo con carga superrápida, batería de larga duración y pantalla de 120Hz.",981.09,68
AUD-3744,Audífonos Sennheiser Momentum 4 S,Diadema ergonómica con graves profundos y batería de más de 30 horas.,1879.43,28
MON-3745,Monitor BenQ EW3270U S,Monitor gaming con tasa de refresco rápida y tiempo de respuesta de 1ms.,385.16,67
REL-3746,Reloj Huawei Watch GT 3 S,Smartwatch deportivo resistente al agua con sensores de salud avanzados.,1665.71,69
TECL-3747,Teclado Redragon Kumara K552 S,Teclado mecánico compacto hot-swappable ideal para programación y oficina.,1195.48,49
RAT-3748,Ratón Microsoft Bluetooth Ergonomic S,Ratón óptico ultraligero con cable mallado suave y deslizamiento perfecto.,888.43,5
TAB-3749,Tableta Huawei MatePad 11 S,Tableta versátil con pantalla de alta resolución ideal para estudio y entretenimiento.,626.57,56
ACC-3750,Webcam Logitech C920 HD Pro SE,Dispositivo de almacenamiento rápido y confiable para respaldos de datos.,1056.20,13
CAM-3751,Cámara Canon EOS M50 SE,Cámara de acción resistente al agua con estabilización de imagen avanzada.,1631.60,85
LAP-3752,Laptop Lenovo ThinkPad X1 Carbon SE,"Equipo portátil para trabajo pesado, edición de video y multitarea.",824.16,58
TEL-3753,Teléfono Xiaomi 13 Pro SE,Smartphone de gama alta con pantalla AMOLED y cámara de alta resolución.,1794.66,93
AUD-3754,Audífonos Sennheiser Momentum 4 SE,Auriculares in-ear con audio espacial y estuche de carga inalámbrica.,1795.63,69
MON-3755,Monitor BenQ EW3270U SE,Monitor curvo e inmersivo con panel IPS e iluminación de baja fatiga visual.,816.15,51
REL-3756,Reloj Huawei Watch GT 3 SE,Reloj inteligente elegante con control de notificaciones y seguimiento fit.,1481.97,63
TECL-3757,Teclado Redragon Kumara K552 SE,Teclado mecánico gamer con retroiluminación RGB configurable.,1669.46,49
RAT-3758,Ratón Microsoft Bluetooth Ergonomic SE,Ratón gamer ligero de alta precisión con sensor óptico de alta definición.,1853.32,91
TAB-3759,Tableta Huawei MatePad 11 SE,Dispositivo multimedia portátil con altavoces estéreo y gran autonomía.,1758.33,43
ACC-3760,Webcam Logitech C920 HD Pro Max,Componente de conectividad portátil para expandir los puertos de tus dispositivos.,187.87,69
CAM-3761,Cámara Canon EOS M50 Max,Cámara mirrorless compacta con resolución 4K y sensor APS-C.,1701.86,52
LAP-3762,Laptop Lenovo ThinkPad X1 Carbon Max,Laptop gamer de última generación con tarjeta gráfica dedicada y pantalla 144Hz.,466.40,87
TEL-3763,Teléfono Xiaomi 13 Pro Max,"Dispositivo con carga superrápida, batería de larga duración y pantalla de 120Hz.",199.59,72
AUD-3764,Audífonos Sennheiser Momentum 4 Max,Diadema ergonómica con graves profundos y batería de más de 30 horas.,1787.72,14
MON-3765,Monitor BenQ EW3270U Max,Monitor gaming con tasa de refresco rápida y tiempo de respuesta de 1ms.,1269.68,12
REL-3766,Reloj Huawei Watch GT 3 Max,Smartwatch deportivo resistente al agua con sensores de salud avanzados.,1302.51,29
TECL-3767,Teclado Redragon Kumara K552 Max,Teclado mecánico compacto hot-swappable ideal para programación y oficina.,705.84,83
RAT-3768,Ratón Microsoft Bluetooth Ergonomic Max,Ratón óptico ultraligero con cable mallado suave y deslizamiento perfecto.,1214.95,55
TAB-3769,Tableta Huawei MatePad 11 Max,Tableta versátil con pantalla de alta resolución ideal para estudio y entretenimiento.,531.34,51
ACC-3770,Webcam Logitech C920 HD Pro v1,Dispositivo de almacenamiento rápido y confiable para respaldos de datos.,386.78,92
CAM-3771,Cámara Canon EOS M50 v1,Cámara de acción resistente al agua con estabilización de imagen avanzada.,1293.15,35
LAP-3772,Laptop Lenovo ThinkPad X1 Carbon v1,"Equipo portátil para trabajo pesado, edición de video y multitarea.",511.39,68
TEL-3773,Teléfono Xiaomi 13 Pro v1,Smartphone de gama alta con pantalla AMOLED y cámara de alta resolución.,1093.33,47
AUD-3774,Audífonos Sennheiser Momentum 4 v1,Auriculares in-ear con audio espacial y estuche de carga inalámbrica.,727.91,23
MON-3775,Monitor BenQ EW3270U v1,Monitor curvo e inmersivo con panel IPS e iluminación de baja fatiga visual.,61.58,46
REL-3776,Reloj Huawei Watch GT 3 v1,Reloj inteligente elegante con control de notificaciones y seguimiento fit.,1106.42,54
TECL-3777,Teclado Redragon Kumara K552 v1,Teclado mecánico gamer con retroiluminación RGB configurable.,416.45,39
RAT-3778,Ratón Microsoft Bluetooth Ergonomic v1,Ratón gamer ligero de alta precisión con sensor óptico de alta definición.,816.04,20
TAB-3779,Tableta Huawei MatePad 11 v1,Dispositivo multimedia portátil con altavoces estéreo y gran autonomía.,443.93,82
ACC-3780,Webcam Logitech C920 HD Pro v2,Componente de conectividad portátil para expandir los puertos de tus dispositivos.,1661.66,55
CAM-3781,Cámara Canon EOS M50 v2,Cámara mirrorless compacta con resolución 4K y sensor APS-C.,671.98,17
LAP-3782,Laptop Lenovo ThinkPad X1 Carbon v2,Laptop gamer de última generación con tarjeta gráfica dedicada y pantalla 144Hz.,1339.37,48
TEL-3783,Teléfono Xiaomi 13 Pro v2,"Dispositivo con carga superrápida, batería de larga duración y pantalla de 120Hz.",1014.65,58
AUD-3784,Audífonos Sennheiser Momentum 4 v2,Diadema ergonómica con graves profundos y batería de más de 30 horas.,1702.08,5
MON-3785,Monitor BenQ EW3270U v2,Monitor gaming con tasa de refresco rápida y tiempo de respuesta de 1ms.,269.49,49
REL-3786,Reloj Huawei Watch GT 3 v2,Smartwatch deportivo resistente al agua con sensores de salud avanzados.,1721.65,75
TECL-3787,Teclado Redragon Kumara K552 v2,Teclado mecánico compacto hot-swappable ideal para programación y oficina.,1308.88,61
RAT-3788,Ratón Microsoft Bluetooth Ergonomic v2,Ratón óptico ultraligero con cable mallado suave y deslizamiento perfecto.,1343.52,80
TAB-3789,Tableta Huawei MatePad 11 v2,Tableta versátil con pantalla de alta resolución ideal para estudio y entretenimiento.,1653.13,9
ACC-3790,Webcam Logitech C920 HD Pro Pro,Dispositivo de almacenamiento rápido y confiable para respaldos de datos.,205.53,47
CAM-3791,Cámara Canon EOS M50 Pro,Cámara de acción resistente al agua con estabilización de imagen avanzada.,997.12,10
LAP-3792,Laptop Lenovo ThinkPad X1 Carbon Pro,"Equipo portátil para trabajo pesado, edición de video y multitarea.",924.47,56
TEL-3793,Teléfono Xiaomi 13 Pro Pro,Smartphone de gama alta con pantalla AMOLED y cámara de alta resolución.,1141.60,29
AUD-3794,Audífonos Sennheiser Momentum 4 Pro,Auriculares in-ear con audio espacial y estuche de carga inalámbrica.,209.60,80
MON-3795,Monitor BenQ EW3270U Pro,Monitor curvo e inmersivo con panel IPS e iluminación de baja fatiga visual.,1532.33,48
REL-3796,Reloj Huawei Watch GT 3 Pro,Reloj inteligente elegante con control de notificaciones y seguimiento fit.,519.63,7
TECL-3797,Teclado Redragon Kumara K552 Pro,Teclado mecánico gamer con retroiluminación RGB configurable.,1740.64,32
RAT-3798,Ratón Microsoft Bluetooth Ergonomic Pro,Ratón gamer ligero de alta precisión con sensor óptico de alta definición.,1620.24,28
TAB-3799,Tableta Huawei MatePad 11 Pro,Dispositivo multimedia portátil con altavoces estéreo y gran autonomía.,682.93,91
ACC-3800,Webcam Logitech C920 HD Pro Plus,Componente de conectividad portátil para expandir los puertos de tus dispositivos.,638.92,99
CAM-3801,Cámara Canon EOS M50 Plus,Cámara mirrorless compacta con resolución 4K y sensor APS-C.,466.14,55
LAP-3802,Laptop Lenovo ThinkPad X1 Carbon Plus,Laptop gamer de última generación con tarjeta gráfica dedicada y pantalla 144Hz.,1174.68,86
TEL-3803,Teléfono Xiaomi 13 Pro Plus,"Dispositivo con carga superrápida, batería de larga duración y pantalla de 120Hz.",1305.77,32
AUD-3804,Audífonos Sennheiser Momentum 4 Plus,Diadema ergonómica con graves profundos y batería de más de 30 horas.,1824.99,65
MON-3805,Monitor BenQ EW3270U Plus,Monitor gaming con tasa de refresco rápida y tiempo de respuesta de 1ms.,806.11,82
REL-3806,Reloj Huawei Watch GT 3 Plus,Smartwatch deportivo resistente al agua con sensores de salud avanzados.,591.00,54
TECL-3807,Teclado Redragon Kumara K552 Plus,Teclado mecánico compacto hot-swappable ideal para programación y oficina.,1741.82,18
RAT-3808,Ratón Microsoft Bluetooth Ergonomic Plus,Ratón óptico ultraligero con cable mallado suave y deslizamiento perfecto.,1528.00,84
TAB-3809,Tableta Huawei MatePad 11 Plus,Tableta versátil con pantalla de alta resolución ideal para estudio y entretenimiento.,83.84,14
ACC-3810,Webcam Logitech C920 HD Pro Ultra,Dispositivo de almacenamiento rápido y confiable para respaldos de datos.,47.82,69
CAM-3811,Cámara Canon EOS M50 Ultra,Cámara de acción resistente al agua con estabilización de imagen avanzada.,1282.63,13
LAP-3812,Laptop Lenovo ThinkPad X1 Carbon Ultra,"Equipo portátil para trabajo pesado, edición de video y multitarea.",1037.19,92
TEL-3813,Teléfono Xiaomi 13 Pro Ultra,Smartphone de gama alta con pantalla AMOLED y cámara de alta resolución.,131.21,36
AUD-3814,Audífonos Sennheiser Momentum 4 Ultra,Auriculares in-ear con audio espacial y estuche de carga inalámbrica.,1713.39,1
MON-3815,Monitor BenQ EW3270U Ultra,Monitor curvo e inmersivo con panel IPS e iluminación de baja fatiga visual.,1877.13,16
REL-3816,Reloj Huawei Watch GT 3 Ultra,Reloj inteligente elegante con control de notificaciones y seguimiento fit.,457.94,84
TECL-3817,Teclado Redragon Kumara K552 Ultra,Teclado mecánico gamer con retroiluminación RGB configurable.,923.71,37
RAT-3818,Ratón Microsoft Bluetooth Ergonomic Ultra,Ratón gamer ligero de alta precisión con sensor óptico de alta definición.,200.54,96
TAB-3819,Tableta Huawei MatePad 11 Ultra,Dispositivo multimedia portátil con altavoces estéreo y gran autonomía.,794.50,80
ACC-3820,Webcam Logitech C920 HD Pro Lite,Componente de conectividad portátil para expandir los puertos de tus dispositivos.,70.20,4
CAM-3821,Cámara Canon EOS M50 Lite,Cámara mirrorless compacta con resolución 4K y sensor APS-C.,1380.40,97
LAP-3822,Laptop Lenovo ThinkPad X1 Carbon Lite,Laptop gamer de última generación con tarjeta gráfica dedicada y pantalla 144Hz.,249.59,17
TEL-3823,Teléfono Xiaomi 13 Pro Lite,"Dispositivo con carga superrápida, batería de larga duración y pantalla de 120Hz.",16.61,55
AUD-3824,Audífonos Sennheiser Momentum 4 Lite,Diadema ergonómica con graves profundos y batería de más de 30 horas.,1073.75,34
MON-3825,Monitor BenQ EW3270U Lite,Monitor gaming con tasa de refresco rápida y tiempo de respuesta de 1ms.,1897.84,11
REL-3826,Reloj Huawei Watch GT 3 Lite,Smartwatch deportivo resistente al agua con sensores de salud avanzados.,102.73,71
TECL-3827,Teclado Redragon Kumara K552 Lite,Teclado mecánico compacto hot-swappable ideal para programación y oficina.,116.17,99
RAT-3828,Ratón Microsoft Bluetooth Ergonomic Lite,Ratón óptico ultraligero con cable mallado suave y deslizamiento perfecto.,1511.25,65
TAB-3829,Tableta Huawei MatePad 11 Lite,Tableta versátil con pantalla de alta resolución ideal para estudio y entretenimiento.,1735.79,96
ACC-3830,Webcam Logitech C920 HD Pro Edition 2024,Dispositivo de almacenamiento rápido y confiable para respaldos de datos.,972.19,72
CAM-3831,Cámara Canon EOS M50 Edition 2024,Cámara de acción resistente al agua con estabilización de imagen avanzada.,322.25,31
LAP-3832,Laptop Lenovo ThinkPad X1 Carbon Edition 2024,"Equipo portátil para trabajo pesado, edición de video y multitarea.",1076.78,15
TEL-3833,Teléfono Xiaomi 13 Pro Edition 2024,Smartphone de gama alta con pantalla AMOLED y cámara de alta resolución.,1470.85,81
AUD-3834,Audífonos Sennheiser Momentum 4 Edition 2024,Auriculares in-ear con audio espacial y estuche de carga inalámbrica.,145.68,15
MON-3835,Monitor BenQ EW3270U Edition 2024,Monitor curvo e inmersivo con panel IPS e iluminación de baja fatiga visual.,1343.54,17
REL-3836,Reloj Huawei Watch GT 3 Edition 2024,Reloj inteligente elegante con control de notificaciones y seguimiento fit.,1783.35,86
TECL-3837,Teclado Redragon Kumara K552 Edition 2024,Teclado mecánico gamer con retroiluminación RGB configurable.,362.58,77
RAT-3838,Ratón Microsoft Bluetooth Ergonomic Edition 2024,Ratón gamer ligero de alta precisión con sensor óptico de alta definición.,362.77,77
TAB-3839,Tableta Huawei MatePad 11 Edition 2024,Dispositivo multimedia portátil con altavoces estéreo y gran autonomía.,285.47,81
ACC-3840,Webcam Logitech C920 HD Pro Special Edition,Componente de conectividad portátil para expandir los puertos de tus dispositivos.,1398.30,93
CAM-3841,Cámara Canon EOS M50 Special Edition,Cámara mirrorless compacta con resolución 4K y sensor APS-C.,1458.87,10
LAP-3842,Laptop Lenovo ThinkPad X1 Carbon Special Edition,Laptop gamer de última generación con tarjeta gráfica dedicada y pantalla 144Hz.,317.28,78
TEL-3843,Teléfono Xiaomi 13 Pro Special Edition,"Dispositivo con carga superrápida, batería de larga duración y pantalla de 120Hz.",767.07,49
AUD-3844,Audífonos Sennheiser Momentum 4 Special Edition,Diadema ergonómica con graves profundos y batería de más de 30 horas.,1227.50,22
MON-3845,Monitor BenQ EW3270U Special Edition,Monitor gaming con tasa de refresco rápida y tiempo de respuesta de 1ms.,962.64,28
REL-3846,Reloj Huawei Watch GT 3 Special Edition,Smartwatch deportivo resistente al agua con sensores de salud avanzados.,1319.84,36
TECL-3847,Teclado Redragon Kumara K552 Special Edition,Teclado mecánico compacto hot-swappable ideal para programación y oficina.,791.68,43
RAT-3848,Ratón Microsoft Bluetooth Ergonomic Special Edition,Ratón óptico ultraligero con cable mallado suave y deslizamiento perfecto.,313.56,43
TAB-3849,Tableta Huawei MatePad 11 Special Edition,Tableta versátil con pantalla de alta resolución ideal para estudio y entretenimiento.,238.26,59
ACC-3850,Webcam Logitech C920 HD Pro Edición Negra,Dispositivo de almacenamiento rápido y confiable para respaldos de datos.,1199.69,22
CAM-3851,Cámara Canon EOS M50 Edición Negra,Cámara de acción resistente al agua con estabilización de imagen avanzada.,1545.61,86
LAP-3852,Laptop Lenovo ThinkPad X1 Carbon Edición Negra,"Equipo portátil para trabajo pesado, edición de video y multitarea.",1539.01,75
TEL-3853,Teléfono Xiaomi 13 Pro Edición Negra,Smartphone de gama alta con pantalla AMOLED y cámara de alta resolución.,538.15,16
AUD-3854,Audífonos Sennheiser Momentum 4 Edición Negra,Auriculares in-ear con audio espacial y estuche de carga inalámbrica.,368.91,55
MON-3855,Monitor BenQ EW3270U Edición Negra,Monitor curvo e inmersivo con panel IPS e iluminación de baja fatiga visual.,1589.67,34
REL-3856,Reloj Huawei Watch GT 3 Edición Negra,Reloj inteligente elegante con control de notificaciones y seguimiento fit.,1257.67,56
TECL-3857,Teclado Redragon Kumara K552 Edición Negra,Teclado mecánico gamer con retroiluminación RGB configurable.,970.73,65
RAT-3858,Ratón Microsoft Bluetooth Ergonomic Edición Negra,Ratón gamer ligero de alta precisión con sensor óptico de alta definición.,1321.40,10
TAB-3859,Tableta Huawei MatePad 11 Edición Negra,Dispositivo multimedia portátil con altavoces estéreo y gran autonomía.,669.11,11
ACC-3860,Webcam Logitech C920 HD Pro Edición Plata,Componente de conectividad portátil para expandir los puertos de tus dispositivos.,1824.73,16
CAM-3861,Cámara Canon EOS M50 Edición Plata,Cámara mirrorless compacta con resolución 4K y sensor APS-C.,341.09,23
LAP-3862,Laptop Lenovo ThinkPad X1 Carbon Edición Plata,Laptop gamer de última generación con tarjeta gráfica dedicada y pantalla 144Hz.,469.69,33
TEL-3863,Teléfono Xiaomi 13 Pro Edición Plata,"Dispositivo con carga superrápida, batería de larga duración y pantalla de 120Hz.",1136.73,74
AUD-3864,Audífonos Sennheiser Momentum 4 Edición Plata,Diadema ergonómica con graves profundos y batería de más de 30 horas.,401.71,93
MON-3865,Monitor BenQ EW3270U Edición Plata,Monitor gaming con tasa de refresco rápida y tiempo de respuesta de 1ms.,70.69,71
REL-3866,Reloj Huawei Watch GT 3 Edición Plata,Smartwatch deportivo resistente al agua con sensores de salud avanzados.,1832.00,97
TECL-3867,Teclado Redragon Kumara K552 Edición Plata,Teclado mecánico compacto hot-swappable ideal para programación y oficina.,804.90,58
RAT-3868,Ratón Microsoft Bluetooth Ergonomic Edición Plata,Ratón óptico ultraligero con cable mallado suave y deslizamiento perfecto.,301.06,83
TAB-3869,Tableta Huawei MatePad 11 Edición Plata,Tableta versátil con pantalla de alta resolución ideal para estudio y entretenimiento.,722.91,31
ACC-3870,Webcam Logitech C920 HD Pro S,Dispositivo de almacenamiento rápido y confiable para respaldos de datos.,291.30,2
CAM-3871,Cámara Canon EOS M50 S,Cámara de acción resistente al agua con estabilización de imagen avanzada.,65.86,40
LAP-3872,Laptop Lenovo ThinkPad X1 Carbon S,"Equipo portátil para trabajo pesado, edición de video y multitarea.",1713.02,60
TEL-3873,Teléfono Xiaomi 13 Pro S,Smartphone de gama alta con pantalla AMOLED y cámara de alta resolución.,807.41,77
AUD-3874,Audífonos Sennheiser Momentum 4 S,Auriculares in-ear con audio espacial y estuche de carga inalámbrica.,818.14,14
MON-3875,Monitor BenQ EW3270U S,Monitor curvo e inmersivo con panel IPS e iluminación de baja fatiga visual.,1348.40,81
REL-3876,Reloj Huawei Watch GT 3 S,Reloj inteligente elegante con control de notificaciones y seguimiento fit.,118.59,76
TECL-3877,Teclado Redragon Kumara K552 S,Teclado mecánico gamer con retroiluminación RGB configurable.,1639.33,60
RAT-3878,Ratón Microsoft Bluetooth Ergonomic S,Ratón gamer ligero de alta precisión con sensor óptico de alta definición.,405.93,37
TAB-3879,Tableta Huawei MatePad 11 S,Dispositivo multimedia portátil con altavoces estéreo y gran autonomía.,1512.10,70
ACC-3880,Webcam Logitech C920 HD Pro SE,Componente de conectividad portátil para expandir los puertos de tus dispositivos.,255.09,76
CAM-3881,Cámara Canon EOS M50 SE,Cámara mirrorless compacta con resolución 4K y sensor APS-C.,901.92,78
LAP-3882,Laptop Lenovo ThinkPad X1 Carbon SE,Laptop gamer de última generación con tarjeta gráfica dedicada y pantalla 144Hz.,211.31,68
TEL-3883,Teléfono Xiaomi 13 Pro SE,"Dispositivo con carga superrápida, batería de larga duración y pantalla de 120Hz.",952.37,10
AUD-3884,Audífonos Sennheiser Momentum 4 SE,Diadema ergonómica con graves profundos y batería de más de 30 horas.,1382.93,47
MON-3885,Monitor BenQ EW3270U SE,Monitor gaming con tasa de refresco rápida y tiempo de respuesta de 1ms.,325.16,48
REL-3886,Reloj Huawei Watch GT 3 SE,Smartwatch deportivo resistente al agua con sensores de salud avanzados.,533.16,10
TECL-3887,Teclado Redragon Kumara K552 SE,Teclado mecánico compacto hot-swappable ideal para programación y oficina.,487.89,63
RAT-3888,Ratón Microsoft Bluetooth Ergonomic SE,Ratón óptico ultraligero con cable mallado suave y deslizamiento perfecto.,1800.11,1
TAB-3889,Tableta Huawei MatePad 11 SE,Tableta versátil con pantalla de alta resolución ideal para estudio y entretenimiento.,291.11,40
ACC-3890,Webcam Logitech C920 HD Pro Max,Dispositivo de almacenamiento rápido y confiable para respaldos de datos.,948.61,85
CAM-3891,Cámara Canon EOS M50 Max,Cámara de acción resistente al agua con estabilización de imagen avanzada.,1252.27,70
LAP-3892,Laptop Lenovo ThinkPad X1 Carbon Max,"Equipo portátil para trabajo pesado, edición de video y multitarea.",368.48,5
TEL-3893,Teléfono Xiaomi 13 Pro Max,Smartphone de gama alta con pantalla AMOLED y cámara de alta resolución.,1852.56,69
AUD-3894,Audífonos Sennheiser Momentum 4 Max,Auriculares in-ear con audio espacial y estuche de carga inalámbrica.,605.14,77
MON-3895,Monitor BenQ EW3270U Max,Monitor curvo e inmersivo con panel IPS e iluminación de baja fatiga visual.,1341.12,20
REL-3896,Reloj Huawei Watch GT 3 Max,Reloj inteligente elegante con control de notificaciones y seguimiento fit.,1374.29,28
TECL-3897,Teclado Redragon Kumara K552 Max,Teclado mecánico gamer con retroiluminación RGB configurable.,1194.93,59
RAT-3898,Ratón Microsoft Bluetooth Ergonomic Max,Ratón gamer ligero de alta precisión con sensor óptico de alta definición.,996.57,31
TAB-3899,Tableta Huawei MatePad 11 Max,Dispositivo multimedia portátil con altavoces estéreo y gran autonomía.,1289.92,82
ACC-3900,Webcam Logitech C920 HD Pro v1,Componente de conectividad portátil para expandir los puertos de tus dispositivos.,135.88,17
CAM-3901,Cámara Canon EOS M50 v1,Cámara mirrorless compacta con resolución 4K y sensor APS-C.,1577.42,59
LAP-3902,Laptop Lenovo ThinkPad X1 Carbon v1,Laptop gamer de última generación con tarjeta gráfica dedicada y pantalla 144Hz.,927.39,57
TEL-3903,Teléfono Xiaomi 13 Pro v1,"Dispositivo con carga superrápida, batería de larga duración y pantalla de 120Hz.",1667.50,90
AUD-3904,Audífonos Sennheiser Momentum 4 v1,Diadema ergonómica con graves profundos y batería de más de 30 horas.,1054.60,62
MON-3905,Monitor BenQ EW3270U v1,Monitor gaming con tasa de refresco rápida y tiempo de respuesta de 1ms.,619.82,88
REL-3906,Reloj Huawei Watch GT 3 v1,Smartwatch deportivo resistente al agua con sensores de salud avanzados.,865.10,60
TECL-3907,Teclado Redragon Kumara K552 v1,Teclado mecánico compacto hot-swappable ideal para programación y oficina.,1345.48,72
RAT-3908,Ratón Microsoft Bluetooth Ergonomic v1,Ratón óptico ultraligero con cable mallado suave y deslizamiento perfecto.,1341.43,11
TAB-3909,Tableta Huawei MatePad 11 v1,Tableta versátil con pantalla de alta resolución ideal para estudio y entretenimiento.,29.75,23
ACC-3910,Webcam Logitech C920 HD Pro v2,Dispositivo de almacenamiento rápido y confiable para respaldos de datos.,1819.42,48
CAM-3911,Cámara Canon EOS M50 v2,Cámara de acción resistente al agua con estabilización de imagen avanzada.,295.25,34
LAP-3912,Laptop Lenovo ThinkPad X1 Carbon v2,"Equipo portátil para trabajo pesado, edición de video y multitarea.",888.12,6
TEL-3913,Teléfono Xiaomi 13 Pro v2,Smartphone de gama alta con pantalla AMOLED y cámara de alta resolución.,514.22,66
AUD-3914,Audífonos Sennheiser Momentum 4 v2,Auriculares in-ear con audio espacial y estuche de carga inalámbrica.,1065.07,80
MON-3915,Monitor BenQ EW3270U v2,Monitor curvo e inmersivo con panel IPS e iluminación de baja fatiga visual.,519.86,93
REL-3916,Reloj Huawei Watch GT 3 v2,Reloj inteligente elegante con control de notificaciones y seguimiento fit.,398.48,75
TECL-3917,Teclado Redragon Kumara K552 v2,Teclado mecánico gamer con retroiluminación RGB configurable.,1713.30,90
RAT-3918,Ratón Microsoft Bluetooth Ergonomic v2,Ratón gamer ligero de alta precisión con sensor óptico de alta definición.,822.35,87
TAB-3919,Tableta Huawei MatePad 11 v2,Dispositivo multimedia portátil con altavoces estéreo y gran autonomía.,970.14,62
ACC-3920,Webcam Logitech C920 HD Pro Pro,Componente de conectividad portátil para expandir los puertos de tus dispositivos.,1584.07,69
CAM-3921,Cámara Canon EOS M50 Pro,Cámara mirrorless compacta con resolución 4K y sensor APS-C.,87.85,66
LAP-3922,Laptop Lenovo ThinkPad X1 Carbon Pro,Laptop gamer de última generación con tarjeta gráfica dedicada y pantalla 144Hz.,381.95,45
TEL-3923,Teléfono Xiaomi 13 Pro Pro,"Dispositivo con carga superrápida, batería de larga duración y pantalla de 120Hz.",429.00,66
AUD-3924,Audífonos Sennheiser Momentum 4 Pro,Diadema ergonómica con graves profundos y batería de más de 30 horas.,424.79,19
MON-3925,Monitor BenQ EW3270U Pro,Monitor gaming con tasa de refresco rápida y tiempo de respuesta de 1ms.,863.55,31
REL-3926,Reloj Huawei Watch GT 3 Pro,Smartwatch deportivo resistente al agua con sensores de salud avanzados.,618.49,74
TECL-3927,Teclado Redragon Kumara K552 Pro,Teclado mecánico compacto hot-swappable ideal para programación y oficina.,1163.57,1
RAT-3928,Ratón Microsoft Bluetooth Ergonomic Pro,Ratón óptico ultraligero con cable mallado suave y deslizamiento perfecto.,790.62,24
TAB-3929,Tableta Huawei MatePad 11 Pro,Tableta versátil con pantalla de alta resolución ideal para estudio y entretenimiento.,1678.06,78
ACC-3930,Webcam Logitech C920 HD Pro Plus,Dispositivo de almacenamiento rápido y confiable para respaldos de datos.,35.93,44
CAM-3931,Cámara Canon EOS M50 Plus,Cámara de acción resistente al agua con estabilización de imagen avanzada.,1410.64,9
LAP-3932,Laptop Lenovo ThinkPad X1 Carbon Plus,"Equipo portátil para trabajo pesado, edición de video y multitarea.",462.48,97
TEL-3933,Teléfono Xiaomi 13 Pro Plus,Smartphone de gama alta con pantalla AMOLED y cámara de alta resolución.,1210.02,35
AUD-3934,Audífonos Sennheiser Momentum 4 Plus,Auriculares in-ear con audio espacial y estuche de carga inalámbrica.,1826.73,6
MON-3935,Monitor BenQ EW3270U Plus,Monitor curvo e inmersivo con panel IPS e iluminación de baja fatiga visual.,1776.07,62
REL-3936,Reloj Huawei Watch GT 3 Plus,Reloj inteligente elegante con control de notificaciones y seguimiento fit.,1570.48,65
TECL-3937,Teclado Redragon Kumara K552 Plus,Teclado mecánico gamer con retroiluminación RGB configurable.,1032.87,90
RAT-3938,Ratón Microsoft Bluetooth Ergonomic Plus,Ratón gamer ligero de alta precisión con sensor óptico de alta definición.,995.11,79
TAB-3939,Tableta Huawei MatePad 11 Plus,Dispositivo multimedia portátil con altavoces estéreo y gran autonomía.,640.34,50
ACC-3940,Webcam Logitech C920 HD Pro Ultra,Componente de conectividad portátil para expandir los puertos de tus dispositivos.,1029.13,73
CAM-3941,Cámara Canon EOS M50 Ultra,Cámara mirrorless compacta con resolución 4K y sensor APS-C.,551.06,87
LAP-3942,Laptop Lenovo ThinkPad X1 Carbon Ultra,Laptop gamer de última generación con tarjeta gráfica dedicada y pantalla 144Hz.,1350.28,63
TEL-3943,Teléfono Xiaomi 13 Pro Ultra,"Dispositivo con carga superrápida, batería de larga duración y pantalla de 120Hz.",1313.83,4
AUD-3944,Audífonos Sennheiser Momentum 4 Ultra,Diadema ergonómica con graves profundos y batería de más de 30 horas.,110.15,8
MON-3945,Monitor BenQ EW3270U Ultra,Monitor gaming con tasa de refresco rápida y tiempo de respuesta de 1ms.,1314.26,11
REL-3946,Reloj Huawei Watch GT 3 Ultra,Smartwatch deportivo resistente al agua con sensores de salud avanzados.,1408.64,84
TECL-3947,Teclado Redragon Kumara K552 Ultra,Teclado mecánico compacto hot-swappable ideal para programación y oficina.,696.48,35
RAT-3948,Ratón Microsoft Bluetooth Ergonomic Ultra,Ratón óptico ultraligero con cable mallado suave y deslizamiento perfecto.,1433.55,29
TAB-3949,Tableta Huawei MatePad 11 Ultra,Tableta versátil con pantalla de alta resolución ideal para estudio y entretenimiento.,1819.98,25
ACC-3950,Webcam Logitech C920 HD Pro Lite,Dispositivo de almacenamiento rápido y confiable para respaldos de datos.,507.34,63
CAM-3951,Cámara Canon EOS M50 Lite,Cámara de acción resistente al agua con estabilización de imagen avanzada.,1378.12,57
LAP-3952,Laptop Lenovo ThinkPad X1 Carbon Lite,"Equipo portátil para trabajo pesado, edición de video y multitarea.",408.75,9
TEL-3953,Teléfono Xiaomi 13 Pro Lite,Smartphone de gama alta con pantalla AMOLED y cámara de alta resolución.,785.78,16
AUD-3954,Audífonos Sennheiser Momentum 4 Lite,Auriculares in-ear con audio espacial y estuche de carga inalámbrica.,386.78,22
MON-3955,Monitor BenQ EW3270U Lite,Monitor curvo e inmersivo con panel IPS e iluminación de baja fatiga visual.,421.33,44
REL-3956,Reloj Huawei Watch GT 3 Lite,Reloj inteligente elegante con control de notificaciones y seguimiento fit.,1621.67,66
TECL-3957,Teclado Redragon Kumara K552 Lite,Teclado mecánico gamer con retroiluminación RGB configurable.,1310.99,43
RAT-3958,Ratón Microsoft Bluetooth Ergonomic Lite,Ratón gamer ligero de alta precisión con sensor óptico de alta definición.,1051.17,17
TAB-3959,Tableta Huawei MatePad 11 Lite,Dispositivo multimedia portátil con altavoces estéreo y gran autonomía.,1413.12,83
ACC-3960,Webcam Logitech C920 HD Pro Edition 2024,Componente de conectividad portátil para expandir los puertos de tus dispositivos.,708.22,77
CAM-3961,Cámara Canon EOS M50 Edition 2024,Cámara mirrorless compacta con resolución 4K y sensor APS-C.,697.54,48
LAP-3962,Laptop Lenovo ThinkPad X1 Carbon Edition 2024,Laptop gamer de última generación con tarjeta gráfica dedicada y pantalla 144Hz.,370.66,91
TEL-3963,Teléfono Xiaomi 13 Pro Edition 2024,"Dispositivo con carga superrápida, batería de larga duración y pantalla de 120Hz.",952.60,66
AUD-3964,Audífonos Sennheiser Momentum 4 Edition 2024,Diadema ergonómica con graves profundos y batería de más de 30 horas.,1502.53,35
MON-3965,Monitor BenQ EW3270U Edition 2024,Monitor gaming con tasa de refresco rápida y tiempo de respuesta de 1ms.,299.38,9
REL-3966,Reloj Huawei Watch GT 3 Edition 2024,Smartwatch deportivo resistente al agua con sensores de salud avanzados.,1852.36,75
TECL-3967,Teclado Redragon Kumara K552 Edition 2024,Teclado mecánico compacto hot-swappable ideal para programación y oficina.,1225.26,46
RAT-3968,Ratón Microsoft Bluetooth Ergonomic Edition 2024,Ratón óptico ultraligero con cable mallado suave y deslizamiento perfecto.,757.16,32
TAB-3969,Tableta Huawei MatePad 11 Edition 2024,Tableta versátil con pantalla de alta resolución ideal para estudio y entretenimiento.,831.56,31
ACC-3970,Webcam Logitech C920 HD Pro Special Edition,Dispositivo de almacenamiento rápido y confiable para respaldos de datos.,208.54,55
CAM-3971,Cámara Canon EOS M50 Special Edition,Cámara de acción resistente al agua con estabilización de imagen avanzada.,659.13,39
LAP-3972,Laptop Lenovo ThinkPad X1 Carbon Special Edition,"Equipo portátil para trabajo pesado, edición de video y multitarea.",1607.38,34
TEL-3973,Teléfono Xiaomi 13 Pro Special Edition,Smartphone de gama alta con pantalla AMOLED y cámara de alta resolución.,650.82,97
AUD-3974,Audífonos Sennheiser Momentum 4 Special Edition,Auriculares in-ear con audio espacial y estuche de carga inalámbrica.,797.99,51
MON-3975,Monitor BenQ EW3270U Special Edition,Monitor curvo e inmersivo con panel IPS e iluminación de baja fatiga visual.,75.81,43
REL-3976,Reloj Huawei Watch GT 3 Special Edition,Reloj inteligente elegante con control de notificaciones y seguimiento fit.,1353.55,45
TECL-3977,Teclado Redragon Kumara K552 Special Edition,Teclado mecánico gamer con retroiluminación RGB configurable.,437.87,50
RAT-3978,Ratón Microsoft Bluetooth Ergonomic Special Edition,Ratón gamer ligero de alta precisión con sensor óptico de alta definición.,279.08,82
TAB-3979,Tableta Huawei MatePad 11 Special Edition,Dispositivo multimedia portátil con altavoces estéreo y gran autonomía.,791.36,84
ACC-3980,Webcam Logitech C920 HD Pro Edición Negra,Componente de conectividad portátil para expandir los puertos de tus dispositivos.,279.32,24
CAM-3981,Cámara Canon EOS M50 Edición Negra,Cámara mirrorless compacta con resolución 4K y sensor APS-C.,1739.77,18
LAP-3982,Laptop Lenovo ThinkPad X1 Carbon Edición Negra,Laptop gamer de última generación con tarjeta gráfica dedicada y pantalla 144Hz.,1690.43,10
TEL-3983,Teléfono Xiaomi 13 Pro Edición Negra,"Dispositivo con carga superrápida, batería de larga duración y pantalla de 120Hz.",1771.54,10
AUD-3984,Audífonos Sennheiser Momentum 4 Edición Negra,Diadema ergonómica con graves profundos y batería de más de 30 horas.,354.35,15
MON-3985,Monitor BenQ EW3270U Edición Negra,Monitor gaming con tasa de refresco rápida y tiempo de respuesta de 1ms.,207.73,42
REL-3986,Reloj Huawei Watch GT 3 Edición Negra,Smartwatch deportivo resistente al agua con sensores de salud avanzados.,451.61,26
TECL-3987,Teclado Redragon Kumara K552 Edición Negra,Teclado mecánico compacto hot-swappable ideal para programación y oficina.,1603.37,31
RAT-3988,Ratón Microsoft Bluetooth Ergonomic Edición Negra,Ratón óptico ultraligero con cable mallado suave y deslizamiento perfecto.,712.36,24
TAB-3989,Tableta Huawei MatePad 11 Edición Negra,Tableta versátil con pantalla de alta resolución ideal para estudio y entretenimiento.,703.41,13
ACC-3990,Webcam Logitech C920 HD Pro Edición Plata,Dispositivo de almacenamiento rápido y confiable para respaldos de datos.,356.73,13
CAM-3991,Cámara Canon EOS M50 Edición Plata,Cámara de acción resistente al agua con estabilización de imagen avanzada.,1755.31,15
LAP-3992,Laptop Lenovo ThinkPad X1 Carbon Edición Plata,"Equipo portátil para trabajo pesado, edición de video y multitarea.",324.17,10
TEL-3993,Teléfono Xiaomi 13 Pro Edición Plata,Smartphone de gama alta con pantalla AMOLED y cámara de alta resolución.,1767.74,76
AUD-3994,Audífonos Sennheiser Momentum 4 Edición Plata,Auriculares in-ear con audio espacial y estuche de carga inalámbrica.,499.85,17
MON-3995,Monitor BenQ EW3270U Edición Plata,Monitor curvo e inmersivo con panel IPS e iluminación de baja fatiga visual.,145.28,85
REL-3996,Reloj Huawei Watch GT 3 Edición Plata,Reloj inteligente elegante con control de notificaciones y seguimiento fit.,860.98,32
TECL-3997,Teclado Redragon Kumara K552 Edición Plata,Teclado mecánico gamer con retroiluminación RGB configurable.,1298.80,85
RAT-3998,Ratón Microsoft Bluetooth Ergonomic Edición Plata,Ratón gamer ligero de alta precisión con sensor óptico de alta definición.,1806.99,45
TAB-3999,Tableta Huawei MatePad 11 Edición Plata,Dispositivo multimedia portátil con altavoces estéreo y gran autonomía.,887.01,29
ACC-4000,Webcam Logitech C920 HD Pro S,Componente de conectividad portátil para expandir los puertos de tus dispositivos.,788.45,54
CAM-4001,Cámara Canon EOS M50 S,Cámara mirrorless compacta con resolución 4K y sensor APS-C.,798.57,18
LAP-4002,Laptop Lenovo ThinkPad X1 Carbon S,Laptop gamer de última generación con tarjeta gráfica dedicada y pantalla 144Hz.,1730.87,89
TEL-4003,Teléfono Xiaomi 13 Pro S,"Dispositivo con carga superrápida, batería de larga duración y pantalla de 120Hz.",1853.69,31
AUD-4004,Audífonos Sennheiser Momentum 4 S,Diadema ergonómica con graves profundos y batería de más de 30 horas.,912.09,46
MON-4005,Monitor BenQ EW3270U S,Monitor gaming con tasa de refresco rápida y tiempo de respuesta de 1ms.,1759.08,96
REL-4006,Reloj Huawei Watch GT 3 S,Smartwatch deportivo resistente al agua con sensores de salud avanzados.,960.99,88
TECL-4007,Teclado Redragon Kumara K552 S,Teclado mecánico compacto hot-swappable ideal para programación y oficina.,368.69,17
RAT-4008,Ratón Microsoft Bluetooth Ergonomic S,Ratón óptico ultraligero con cable mallado suave y deslizamiento perfecto.,1000.62,92
TAB-4009,Tableta Huawei MatePad 11 S,Tableta versátil con pantalla de alta resolución ideal para estudio y entretenimiento.,846.17,1
ACC-4010,Webcam Logitech C920 HD Pro SE,Dispositivo de almacenamiento rápido y confiable para respaldos de datos.,1412.70,34
CAM-4011,Cámara Canon EOS M50 SE,Cámara de acción resistente al agua con estabilización de imagen avanzada.,105.03,82
LAP-4012,Laptop Lenovo ThinkPad X1 Carbon SE,"Equipo portátil para trabajo pesado, edición de video y multitarea.",1443.72,75
TEL-4013,Teléfono Xiaomi 13 Pro SE,Smartphone de gama alta con pantalla AMOLED y cámara de alta resolución.,1433.21,88
AUD-4014,Audífonos Sennheiser Momentum 4 SE,Auriculares in-ear con audio espacial y estuche de carga inalámbrica.,1621.91,51
MON-4015,Monitor BenQ EW3270U SE,Monitor curvo e inmersivo con panel IPS e iluminación de baja fatiga visual.,1146.66,59
REL-4016,Reloj Huawei Watch GT 3 SE,Reloj inteligente elegante con control de notificaciones y seguimiento fit.,438.50,21
TECL-4017,Teclado Redragon Kumara K552 SE,Teclado mecánico gamer con retroiluminación RGB configurable.,1651.82,98
RAT-4018,Ratón Microsoft Bluetooth Ergonomic SE,Ratón gamer ligero de alta precisión con sensor óptico de alta definición.,737.89,70
TAB-4019,Tableta Huawei MatePad 11 SE,Dispositivo multimedia portátil con altavoces estéreo y gran autonomía.,517.21,81
ACC-4020,Webcam Logitech C920 HD Pro Max,Componente de conectividad portátil para expandir los puertos de tus dispositivos.,401.83,27
CAM-4021,Cámara Canon EOS M50 Max,Cámara mirrorless compacta con resolución 4K y sensor APS-C.,1832.93,93
LAP-4022,Laptop Lenovo ThinkPad X1 Carbon Max,Laptop gamer de última generación con tarjeta gráfica dedicada y pantalla 144Hz.,697.65,36
TEL-4023,Teléfono Xiaomi 13 Pro Max,"Dispositivo con carga superrápida, batería de larga duración y pantalla de 120Hz.",862.58,58
AUD-4024,Audífonos Sennheiser Momentum 4 Max,Diadema ergonómica con graves profundos y batería de más de 30 horas.,669.19,5
MON-4025,Monitor BenQ EW3270U Max,Monitor gaming con tasa de refresco rápida y tiempo de respuesta de 1ms.,256.37,80
REL-4026,Reloj Huawei Watch GT 3 Max,Smartwatch deportivo resistente al agua con sensores de salud avanzados.,1833.35,90
TECL-4027,Teclado Redragon Kumara K552 Max,Teclado mecánico compacto hot-swappable ideal para programación y oficina.,59.90,72
RAT-4028,Ratón Microsoft Bluetooth Ergonomic Max,Ratón óptico ultraligero con cable mallado suave y deslizamiento perfecto.,1362.10,61
TAB-4029,Tableta Huawei MatePad 11 Max,Tableta versátil con pantalla de alta resolución ideal para estudio y entretenimiento.,1596.53,66
ACC-4030,Webcam Logitech C920 HD Pro v1,Dispositivo de almacenamiento rápido y confiable para respaldos de datos.,1726.44,63
CAM-4031,Cámara Canon EOS M50 v1,Cámara de acción resistente al agua con estabilización de imagen avanzada.,1669.07,59
LAP-4032,Laptop Lenovo ThinkPad X1 Carbon v1,"Equipo portátil para trabajo pesado, edición de video y multitarea.",1846.73,80
TEL-4033,Teléfono Xiaomi 13 Pro v1,Smartphone de gama alta con pantalla AMOLED y cámara de alta resolución.,1181.44,45
AUD-4034,Audífonos Sennheiser Momentum 4 v1,Auriculares in-ear con audio espacial y estuche de carga inalámbrica.,1606.80,6
MON-4035,Monitor BenQ EW3270U v1,Monitor curvo e inmersivo con panel IPS e iluminación de baja fatiga visual.,592.06,19
REL-4036,Reloj Huawei Watch GT 3 v1,Reloj inteligente elegante con control de notificaciones y seguimiento fit.,117.32,76
TECL-4037,Teclado Redragon Kumara K552 v1,Teclado mecánico gamer con retroiluminación RGB configurable.,1105.13,58
RAT-4038,Ratón Microsoft Bluetooth Ergonomic v1,Ratón gamer ligero de alta precisión con sensor óptico de alta definición.,487.74,45
TAB-4039,Tableta Huawei MatePad 11 v1,Dispositivo multimedia portátil con altavoces estéreo y gran autonomía.,389.49,53
ACC-4040,Webcam Logitech C920 HD Pro v2,Componente de conectividad portátil para expandir los puertos de tus dispositivos.,140.52,81
CAM-4041,Cámara Canon EOS M50 v2,Cámara mirrorless compacta con resolución 4K y sensor APS-C.,1241.01,69
LAP-4042,Laptop Lenovo ThinkPad X1 Carbon v2,Laptop gamer de última generación con tarjeta gráfica dedicada y pantalla 144Hz.,1082.75,65
TEL-4043,Teléfono Xiaomi 13 Pro v2,"Dispositivo con carga superrápida, batería de larga duración y pantalla de 120Hz.",812.19,81
AUD-4044,Audífonos Sennheiser Momentum 4 v2,Diadema ergonómica con graves profundos y batería de más de 30 horas.,1270.65,85
MON-4045,Monitor BenQ EW3270U v2,Monitor gaming con tasa de refresco rápida y tiempo de respuesta de 1ms.,1059.08,37
REL-4046,Reloj Huawei Watch GT 3 v2,Smartwatch deportivo resistente al agua con sensores de salud avanzados.,1091.21,24
TECL-4047,Teclado Redragon Kumara K552 v2,Teclado mecánico compacto hot-swappable ideal para programación y oficina.,877.80,89
RAT-4048,Ratón Microsoft Bluetooth Ergonomic v2,Ratón óptico ultraligero con cable mallado suave y deslizamiento perfecto.,1096.57,79
TAB-4049,Tableta Huawei MatePad 11 v2,Tableta versátil con pantalla de alta resolución ideal para estudio y entretenimiento.,1725.93,86
ACC-4050,Webcam Logitech C920 HD Pro Pro,Dispositivo de almacenamiento rápido y confiable para respaldos de datos.,890.80,47
CAM-4051,Cámara Canon EOS M50 Pro,Cámara de acción resistente al agua con estabilización de imagen avanzada.,1005.39,44
LAP-4052,Laptop Lenovo ThinkPad X1 Carbon Pro,"Equipo portátil para trabajo pesado, edición de video y multitarea.",1079.21,78
TEL-4053,Teléfono Xiaomi 13 Pro Pro,Smartphone de gama alta con pantalla AMOLED y cámara de alta resolución.,88.97,56
AUD-4054,Audífonos Sennheiser Momentum 4 Pro,Auriculares in-ear con audio espacial y estuche de carga inalámbrica.,1742.54,19
MON-4055,Monitor BenQ EW3270U Pro,Monitor curvo e inmersivo con panel IPS e iluminación de baja fatiga visual.,1511.67,70
REL-4056,Reloj Huawei Watch GT 3 Pro,Reloj inteligente elegante con control de notificaciones y seguimiento fit.,1032.66,30
TECL-4057,Teclado Redragon Kumara K552 Pro,Teclado mecánico gamer con retroiluminación RGB configurable.,29.25,55
RAT-4058,Ratón Microsoft Bluetooth Ergonomic Pro,Ratón gamer ligero de alta precisión con sensor óptico de alta definición.,1685.30,65
TAB-4059,Tableta Huawei MatePad 11 Pro,Dispositivo multimedia portátil con altavoces estéreo y gran autonomía.,1759.93,13
ACC-4060,Webcam Logitech C920 HD Pro Plus,Componente de conectividad portátil para expandir los puertos de tus dispositivos.,1300.43,22
CAM-4061,Cámara Canon EOS M50 Plus,Cámara mirrorless compacta con resolución 4K y sensor APS-C.,1571.42,18
LAP-4062,Laptop Lenovo ThinkPad X1 Carbon Plus,Laptop gamer de última generación con tarjeta gráfica dedicada y pantalla 144Hz.,1074.69,68
TEL-4063,Teléfono Xiaomi 13 Pro Plus,"Dispositivo con carga superrápida, batería de larga duración y pantalla de 120Hz.",1816.59,54
AUD-4064,Audífonos Sennheiser Momentum 4 Plus,Diadema ergonómica con graves profundos y batería de más de 30 horas.,1474.84,85
MON-4065,Monitor BenQ EW3270U Plus,Monitor gaming con tasa de refresco rápida y tiempo de respuesta de 1ms.,985.88,55
REL-4066,Reloj Huawei Watch GT 3 Plus,Smartwatch deportivo resistente al agua con sensores de salud avanzados.,1318.00,95
TECL-4067,Teclado Redragon Kumara K552 Plus,Teclado mecánico compacto hot-swappable ideal para programación y oficina.,1626.95,20
RAT-4068,Ratón Microsoft Bluetooth Ergonomic Plus,Ratón óptico ultraligero con cable mallado suave y deslizamiento perfecto.,420.23,59
TAB-4069,Tableta Huawei MatePad 11 Plus,Tableta versátil con pantalla de alta resolución ideal para estudio y entretenimiento.,186.92,27
ACC-4070,Webcam Logitech C920 HD Pro Ultra,Dispositivo de almacenamiento rápido y confiable para respaldos de datos.,1703.11,16
CAM-4071,Cámara Canon EOS M50 Ultra,Cámara de acción resistente al agua con estabilización de imagen avanzada.,1383.71,9
LAP-4072,Laptop Lenovo ThinkPad X1 Carbon Ultra,"Equipo portátil para trabajo pesado, edición de video y multitarea.",777.75,26
TEL-4073,Teléfono Xiaomi 13 Pro Ultra,Smartphone de gama alta con pantalla AMOLED y cámara de alta resolución.,1868.37,47
AUD-4074,Audífonos Sennheiser Momentum 4 Ultra,Auriculares in-ear con audio espacial y estuche de carga inalámbrica.,186.19,34
MON-4075,Monitor BenQ EW3270U Ultra,Monitor curvo e inmersivo con panel IPS e iluminación de baja fatiga visual.,96.37,64
REL-4076,Reloj Huawei Watch GT 3 Ultra,Reloj inteligente elegante con control de notificaciones y seguimiento fit.,345.17,29
TECL-4077,Teclado Redragon Kumara K552 Ultra,Teclado mecánico gamer con retroiluminación RGB configurable.,693.95,21
RAT-4078,Ratón Microsoft Bluetooth Ergonomic Ultra,Ratón gamer ligero de alta precisión con sensor óptico de alta definición.,1793.56,72
TAB-4079,Tableta Huawei MatePad 11 Ultra,Dispositivo multimedia portátil con altavoces estéreo y gran autonomía.,467.15,90
ACC-4080,Webcam Logitech C920 HD Pro Lite,Componente de conectividad portátil para expandir los puertos de tus dispositivos.,1618.32,51
CAM-4081,Cámara Canon EOS M50 Lite,Cámara mirrorless compacta con resolución 4K y sensor APS-C.,581.79,41
LAP-4082,Laptop Lenovo ThinkPad X1 Carbon Lite,Laptop gamer de última generación con tarjeta gráfica dedicada y pantalla 144Hz.,1598.72,21
TEL-4083,Teléfono Xiaomi 13 Pro Lite,"Dispositivo con carga superrápida, batería de larga duración y pantalla de 120Hz.",958.63,82
AUD-4084,Audífonos Sennheiser Momentum 4 Lite,Diadema ergonómica con graves profundos y batería de más de 30 horas.,1333.90,32
MON-4085,Monitor BenQ EW3270U Lite,Monitor gaming con tasa de refresco rápida y tiempo de respuesta de 1ms.,826.03,19
REL-4086,Reloj Huawei Watch GT 3 Lite,Smartwatch deportivo resistente al agua con sensores de salud avanzados.,203.00,75
TECL-4087,Teclado Redragon Kumara K552 Lite,Teclado mecánico compacto hot-swappable ideal para programación y oficina.,487.63,61
RAT-4088,Ratón Microsoft Bluetooth Ergonomic Lite,Ratón óptico ultraligero con cable mallado suave y deslizamiento perfecto.,48.17,35
TAB-4089,Tableta Huawei MatePad 11 Lite,Tableta versátil con pantalla de alta resolución ideal para estudio y entretenimiento.,1595.36,89
ACC-4090,Webcam Logitech C920 HD Pro Edition 2024,Dispositivo de almacenamiento rápido y confiable para respaldos de datos.,1008.61,8
CAM-4091,Cámara Canon EOS M50 Edition 2024,Cámara de acción resistente al agua con estabilización de imagen avanzada.,943.43,58
LAP-4092,Laptop Lenovo ThinkPad X1 Carbon Edition 2024,"Equipo portátil para trabajo pesado, edición de video y multitarea.",1709.56,28
TEL-4093,Teléfono Xiaomi 13 Pro Edition 2024,Smartphone de gama alta con pantalla AMOLED y cámara de alta resolución.,1804.28,49
AUD-4094,Audífonos Sennheiser Momentum 4 Edition 2024,Auriculares in-ear con audio espacial y estuche de carga inalámbrica.,593.26,38
MON-4095,Monitor BenQ EW3270U Edition 2024,Monitor curvo e inmersivo con panel IPS e iluminación de baja fatiga visual.,856.99,76
REL-4096,Reloj Huawei Watch GT 3 Edition 2024,Reloj inteligente elegante con control de notificaciones y seguimiento fit.,1271.23,97
TECL-4097,Teclado Redragon Kumara K552 Edition 2024,Teclado mecánico gamer con retroiluminación RGB configurable.,404.53,25
RAT-4098,Ratón Microsoft Bluetooth Ergonomic Edition 2024,Ratón gamer ligero de alta precisión con sensor óptico de alta definición.,865.91,8
TAB-4099,Tableta Huawei MatePad 11 Edition 2024,Dispositivo multimedia portátil con altavoces estéreo y gran autonomía.,725.48,4
ACC-4100,Webcam Logitech C920 HD Pro Special Edition,Componente de conectividad portátil para expandir los puertos de tus dispositivos.,1173.65,33
CAM-4101,Cámara Canon EOS M50 Special Edition,Cámara mirrorless compacta con resolución 4K y sensor APS-C.,1542.41,100
LAP-4102,Laptop Lenovo ThinkPad X1 Carbon Special Edition,Laptop gamer de última generación con tarjeta gráfica dedicada y pantalla 144Hz.,1256.60,66
TEL-4103,Teléfono Xiaomi 13 Pro Special Edition,"Dispositivo con carga superrápida, batería de larga duración y pantalla de 120Hz.",892.02,92
AUD-4104,Audífonos Sennheiser Momentum 4 Special Edition,Diadema ergonómica con graves profundos y batería de más de 30 horas.,1339.06,10
MON-4105,Monitor BenQ EW3270U Special Edition,Monitor gaming con tasa de refresco rápida y tiempo de respuesta de 1ms.,1003.56,18
REL-4106,Reloj Huawei Watch GT 3 Special Edition,Smartwatch deportivo resistente al agua con sensores de salud avanzados.,679.31,93
TECL-4107,Teclado Redragon Kumara K552 Special Edition,Teclado mecánico compacto hot-swappable ideal para programación y oficina.,679.42,5
RAT-4108,Ratón Microsoft Bluetooth Ergonomic Special Edition,Ratón óptico ultraligero con cable mallado suave y deslizamiento perfecto.,1270.71,3
TAB-4109,Tableta Huawei MatePad 11 Special Edition,Tableta versátil con pantalla de alta resolución ideal para estudio y entretenimiento.,578.99,22
ACC-4110,Webcam Logitech C920 HD Pro Edición Negra,Dispositivo de almacenamiento rápido y confiable para respaldos de datos.,770.73,27
CAM-4111,Cámara Canon EOS M50 Edición Negra,Cámara de acción resistente al agua con estabilización de imagen avanzada.,1335.82,88
LAP-4112,Laptop Lenovo ThinkPad X1 Carbon Edición Negra,"Equipo portátil para trabajo pesado, edición de video y multitarea.",1124.28,45
TEL-4113,Teléfono Xiaomi 13 Pro Edición Negra,Smartphone de gama alta con pantalla AMOLED y cámara de alta resolución.,75.32,49
AUD-4114,Audífonos Sennheiser Momentum 4 Edición Negra,Auriculares in-ear con audio espacial y estuche de carga inalámbrica.,52.31,92
MON-4115,Monitor BenQ EW3270U Edición Negra,Monitor curvo e inmersivo con panel IPS e iluminación de baja fatiga visual.,346.31,11
REL-4116,Reloj Huawei Watch GT 3 Edición Negra,Reloj inteligente elegante con control de notificaciones y seguimiento fit.,449.83,8
TECL-4117,Teclado Redragon Kumara K552 Edición Negra,Teclado mecánico gamer con retroiluminación RGB configurable.,1629.89,29
RAT-4118,Ratón Microsoft Bluetooth Ergonomic Edición Negra,Ratón gamer ligero de alta precisión con sensor óptico de alta definición.,1255.34,43
TAB-4119,Tableta Huawei MatePad 11 Edición Negra,Dispositivo multimedia portátil con altavoces estéreo y gran autonomía.,209.84,40
ACC-4120,Webcam Logitech C920 HD Pro Edición Plata,Componente de conectividad portátil para expandir los puertos de tus dispositivos.,303.55,73
CAM-4121,Cámara Canon EOS M50 Edición Plata,Cámara mirrorless compacta con resolución 4K y sensor APS-C.,1286.74,14
LAP-4122,Laptop Lenovo ThinkPad X1 Carbon Edición Plata,Laptop gamer de última generación con tarjeta gráfica dedicada y pantalla 144Hz.,202.46,92
TEL-4123,Teléfono Xiaomi 13 Pro Edición Plata,"Dispositivo con carga superrápida, batería de larga duración y pantalla de 120Hz.",1725.79,13
AUD-4124,Audífonos Sennheiser Momentum 4 Edición Plata,Diadema ergonómica con graves profundos y batería de más de 30 horas.,1124.91,92
MON-4125,Monitor BenQ EW3270U Edición Plata,Monitor gaming con tasa de refresco rápida y tiempo de respuesta de 1ms.,1618.97,73
REL-4126,Reloj Huawei Watch GT 3 Edición Plata,Smartwatch deportivo resistente al agua con sensores de salud avanzados.,1316.19,47
TECL-4127,Teclado Redragon Kumara K552 Edición Plata,Teclado mecánico compacto hot-swappable ideal para programación y oficina.,1439.49,60
RAT-4128,Ratón Microsoft Bluetooth Ergonomic Edición Plata,Ratón óptico ultraligero con cable mallado suave y deslizamiento perfecto.,1104.88,68
TAB-4129,Tableta Huawei MatePad 11 Edición Plata,Tableta versátil con pantalla de alta resolución ideal para estudio y entretenimiento.,648.03,50
ACC-4130,Webcam Logitech C920 HD Pro S,Dispositivo de almacenamiento rápido y confiable para respaldos de datos.,1412.01,26
CAM-4131,Cámara Canon EOS M50 S,Cámara de acción resistente al agua con estabilización de imagen avanzada.,65.79,14
LAP-4132,Laptop Lenovo ThinkPad X1 Carbon S,"Equipo portátil para trabajo pesado, edición de video y multitarea.",584.34,27
TEL-4133,Teléfono Xiaomi 13 Pro S,Smartphone de gama alta con pantalla AMOLED y cámara de alta resolución.,523.77,64
AUD-4134,Audífonos Sennheiser Momentum 4 S,Auriculares in-ear con audio espacial y estuche de carga inalámbrica.,592.50,44
MON-4135,Monitor BenQ EW3270U S,Monitor curvo e inmersivo con panel IPS e iluminación de baja fatiga visual.,530.92,91
REL-4136,Reloj Huawei Watch GT 3 S,Reloj inteligente elegante con control de notificaciones y seguimiento fit.,1266.04,2
TECL-4137,Teclado Redragon Kumara K552 S,Teclado mecánico gamer con retroiluminación RGB configurable.,1603.24,41
RAT-4138,Ratón Microsoft Bluetooth Ergonomic S,Ratón gamer ligero de alta precisión con sensor óptico de alta definición.,1024.04,14
TAB-4139,Tableta Huawei MatePad 11 S,Dispositivo multimedia portátil con altavoces estéreo y gran autonomía.,123.34,33
ACC-4140,Webcam Logitech C920 HD Pro SE,Componente de conectividad portátil para expandir los puertos de tus dispositivos.,176.99,58
CAM-4141,Cámara Canon EOS M50 SE,Cámara mirrorless compacta con resolución 4K y sensor APS-C.,326.31,46
LAP-4142,Laptop Lenovo ThinkPad X1 Carbon SE,Laptop gamer de última generación con tarjeta gráfica dedicada y pantalla 144Hz.,137.80,89
TEL-4143,Teléfono Xiaomi 13 Pro SE,"Dispositivo con carga superrápida, batería de larga duración y pantalla de 120Hz.",1015.35,62
AUD-4144,Audífonos Sennheiser Momentum 4 SE,Diadema ergonómica con graves profundos y batería de más de 30 horas.,1836.27,66
MON-4145,Monitor BenQ EW3270U SE,Monitor gaming con tasa de refresco rápida y tiempo de respuesta de 1ms.,1854.33,8
REL-4146,Reloj Huawei Watch GT 3 SE,Smartwatch deportivo resistente al agua con sensores de salud avanzados.,1425.46,36
TECL-4147,Teclado Redragon Kumara K552 SE,Teclado mecánico compacto hot-swappable ideal para programación y oficina.,1866.82,6
RAT-4148,Ratón Microsoft Bluetooth Ergonomic SE,Ratón óptico ultraligero con cable mallado suave y deslizamiento perfecto.,401.05,17
TAB-4149,Tableta Huawei MatePad 11 SE,Tableta versátil con pantalla de alta resolución ideal para estudio y entretenimiento.,538.27,71
ACC-4150,Webcam Logitech C920 HD Pro Max,Dispositivo de almacenamiento rápido y confiable para respaldos de datos.,51.79,10
CAM-4151,Cámara Canon EOS M50 Max,Cámara de acción resistente al agua con estabilización de imagen avanzada.,1345.14,45
LAP-4152,Laptop Lenovo ThinkPad X1 Carbon Max,"Equipo portátil para trabajo pesado, edición de video y multitarea.",1754.07,65
TEL-4153,Teléfono Xiaomi 13 Pro Max,Smartphone de gama alta con pantalla AMOLED y cámara de alta resolución.,806.86,42
AUD-4154,Audífonos Sennheiser Momentum 4 Max,Auriculares in-ear con audio espacial y estuche de carga inalámbrica.,331.92,39
MON-4155,Monitor BenQ EW3270U Max,Monitor curvo e inmersivo con panel IPS e iluminación de baja fatiga visual.,1684.34,97
REL-4156,Reloj Huawei Watch GT 3 Max,Reloj inteligente elegante con control de notificaciones y seguimiento fit.,1280.15,82
TECL-4157,Teclado Redragon Kumara K552 Max,Teclado mecánico gamer con retroiluminación RGB configurable.,1540.69,2
RAT-4158,Ratón Microsoft Bluetooth Ergonomic Max,Ratón gamer ligero de alta precisión con sensor óptico de alta definición.,225.22,77
TAB-4159,Tableta Huawei MatePad 11 Max,Dispositivo multimedia portátil con altavoces estéreo y gran autonomía.,862.98,40
ACC-4160,Webcam Logitech C920 HD Pro v1,Componente de conectividad portátil para expandir los puertos de tus dispositivos.,765.22,64
CAM-4161,Cámara Canon EOS M50 v1,Cámara mirrorless compacta con resolución 4K y sensor APS-C.,1456.55,18
LAP-4162,Laptop Lenovo ThinkPad X1 Carbon v1,Laptop gamer de última generación con tarjeta gráfica dedicada y pantalla 144Hz.,102.55,78
TEL-4163,Teléfono Xiaomi 13 Pro v1,"Dispositivo con carga superrápida, batería de larga duración y pantalla de 120Hz.",991.28,21
AUD-4164,Audífonos Sennheiser Momentum 4 v1,Diadema ergonómica con graves profundos y batería de más de 30 horas.,893.47,50
MON-4165,Monitor BenQ EW3270U v1,Monitor gaming con tasa de refresco rápida y tiempo de respuesta de 1ms.,1674.07,94
REL-4166,Reloj Huawei Watch GT 3 v1,Smartwatch deportivo resistente al agua con sensores de salud avanzados.,1646.94,40
TECL-4167,Teclado Redragon Kumara K552 v1,Teclado mecánico compacto hot-swappable ideal para programación y oficina.,651.11,73
RAT-4168,Ratón Microsoft Bluetooth Ergonomic v1,Ratón óptico ultraligero con cable mallado suave y deslizamiento perfecto.,217.77,9
TAB-4169,Tableta Huawei MatePad 11 v1,Tableta versátil con pantalla de alta resolución ideal para estudio y entretenimiento.,668.95,29
ACC-4170,Webcam Logitech C920 HD Pro v2,Dispositivo de almacenamiento rápido y confiable para respaldos de datos.,642.75,83
CAM-4171,Cámara Canon EOS M50 v2,Cámara de acción resistente al agua con estabilización de imagen avanzada.,1587.56,95
LAP-4172,Laptop Lenovo ThinkPad X1 Carbon v2,"Equipo portátil para trabajo pesado, edición de video y multitarea.",685.36,52
TEL-4173,Teléfono Xiaomi 13 Pro v2,Smartphone de gama alta con pantalla AMOLED y cámara de alta resolución.,726.29,10
AUD-4174,Audífonos Sennheiser Momentum 4 v2,Auriculares in-ear con audio espacial y estuche de carga inalámbrica.,1755.24,78
MON-4175,Monitor BenQ EW3270U v2,Monitor curvo e inmersivo con panel IPS e iluminación de baja fatiga visual.,1479.14,67
REL-4176,Reloj Huawei Watch GT 3 v2,Reloj inteligente elegante con control de notificaciones y seguimiento fit.,855.79,18
TECL-4177,Teclado Redragon Kumara K552 v2,Teclado mecánico gamer con retroiluminación RGB configurable.,700.92,10
RAT-4178,Ratón Microsoft Bluetooth Ergonomic v2,Ratón gamer ligero de alta precisión con sensor óptico de alta definición.,105.46,42
TAB-4179,Tableta Huawei MatePad 11 v2,Dispositivo multimedia portátil con altavoces estéreo y gran autonomía.,1707.98,73
ACC-4180,Webcam Logitech C920 HD Pro Pro,Componente de conectividad portátil para expandir los puertos de tus dispositivos.,1725.92,45
CAM-4181,Cámara Canon EOS M50 Pro,Cámara mirrorless compacta con resolución 4K y sensor APS-C.,1828.01,2
LAP-4182,Laptop Lenovo ThinkPad X1 Carbon Pro,Laptop gamer de última generación con tarjeta gráfica dedicada y pantalla 144Hz.,905.17,68
TEL-4183,Teléfono Xiaomi 13 Pro Pro,"Dispositivo con carga superrápida, batería de larga duración y pantalla de 120Hz.",1456.36,34
AUD-4184,Audífonos Sennheiser Momentum 4 Pro,Diadema ergonómica con graves profundos y batería de más de 30 horas.,1210.38,10
MON-4185,Monitor BenQ EW3270U Pro,Monitor gaming con tasa de refresco rápida y tiempo de respuesta de 1ms.,1174.21,47
REL-4186,Reloj Huawei Watch GT 3 Pro,Smartwatch deportivo resistente al agua con sensores de salud avanzados.,1411.35,58
TECL-4187,Teclado Redragon Kumara K552 Pro,Teclado mecánico compacto hot-swappable ideal para programación y oficina.,161.59,99
RAT-4188,Ratón Microsoft Bluetooth Ergonomic Pro,Ratón óptico ultraligero con cable mallado suave y deslizamiento perfecto.,1198.90,78
TAB-4189,Tableta Huawei MatePad 11 Pro,Tableta versátil con pantalla de alta resolución ideal para estudio y entretenimiento.,1216.70,73
ACC-4190,Webcam Logitech C920 HD Pro Plus,Dispositivo de almacenamiento rápido y confiable para respaldos de datos.,1477.26,54
CAM-4191,Cámara Canon EOS M50 Plus,Cámara de acción resistente al agua con estabilización de imagen avanzada.,65.59,6
LAP-4192,Laptop Lenovo ThinkPad X1 Carbon Plus,"Equipo portátil para trabajo pesado, edición de video y multitarea.",1239.38,42
TEL-4193,Teléfono Xiaomi 13 Pro Plus,Smartphone de gama alta con pantalla AMOLED y cámara de alta resolución.,402.37,40
AUD-4194,Audífonos Sennheiser Momentum 4 Plus,Auriculares in-ear con audio espacial y estuche de carga inalámbrica.,276.02,70
MON-4195,Monitor BenQ EW3270U Plus,Monitor curvo e inmersivo con panel IPS e iluminación de baja fatiga visual.,309.06,24
REL-4196,Reloj Huawei Watch GT 3 Plus,Reloj inteligente elegante con control de notificaciones y seguimiento fit.,71.68,14
TECL-4197,Teclado Redragon Kumara K552 Plus,Teclado mecánico gamer con retroiluminación RGB configurable.,549.41,84
RAT-4198,Ratón Microsoft Bluetooth Ergonomic Plus,Ratón gamer ligero de alta precisión con sensor óptico de alta definición.,925.01,40
TAB-4199,Tableta Huawei MatePad 11 Plus,Dispositivo multimedia portátil con altavoces estéreo y gran autonomía.,1064.29,24
ACC-4200,Webcam Logitech C920 HD Pro Ultra,Componente de conectividad portátil para expandir los puertos de tus dispositivos.,1685.48,26
CAM-4201,Cámara Canon EOS M50 Ultra,Cámara mirrorless compacta con resolución 4K y sensor APS-C.,937.32,92
LAP-4202,Laptop Lenovo ThinkPad X1 Carbon Ultra,Laptop gamer de última generación con tarjeta gráfica dedicada y pantalla 144Hz.,1271.44,20
TEL-4203,Teléfono Xiaomi 13 Pro Ultra,"Dispositivo con carga superrápida, batería de larga duración y pantalla de 120Hz.",1640.66,27
AUD-4204,Audífonos Sennheiser Momentum 4 Ultra,Diadema ergonómica con graves profundos y batería de más de 30 horas.,1103.31,55
MON-4205,Monitor BenQ EW3270U Ultra,Monitor gaming con tasa de refresco rápida y tiempo de respuesta de 1ms.,1435.92,24
REL-4206,Reloj Huawei Watch GT 3 Ultra,Smartwatch deportivo resistente al agua con sensores de salud avanzados.,368.77,37
TECL-4207,Teclado Redragon Kumara K552 Ultra,Teclado mecánico compacto hot-swappable ideal para programación y oficina.,322.82,17
RAT-4208,Ratón Microsoft Bluetooth Ergonomic Ultra,Ratón óptico ultraligero con cable mallado suave y deslizamiento perfecto.,816.88,59
TAB-4209,Tableta Huawei MatePad 11 Ultra,Tableta versátil con pantalla de alta resolución ideal para estudio y entretenimiento.,632.50,4
ACC-4210,Webcam Logitech C920 HD Pro Lite,Dispositivo de almacenamiento rápido y confiable para respaldos de datos.,343.05,40
CAM-4211,Cámara Canon EOS M50 Lite,Cámara de acción resistente al agua con estabilización de imagen avanzada.,869.80,63
LAP-4212,Laptop Lenovo ThinkPad X1 Carbon Lite,"Equipo portátil para trabajo pesado, edición de video y multitarea.",1897.82,77
TEL-4213,Teléfono Xiaomi 13 Pro Lite,Smartphone de gama alta con pantalla AMOLED y cámara de alta resolución.,1162.01,12
AUD-4214,Audífonos Sennheiser Momentum 4 Lite,Auriculares in-ear con audio espacial y estuche de carga inalámbrica.,1398.96,2
MON-4215,Monitor BenQ EW3270U Lite,Monitor curvo e inmersivo con panel IPS e iluminación de baja fatiga visual.,1103.55,28
REL-4216,Reloj Huawei Watch GT 3 Lite,Reloj inteligente elegante con control de notificaciones y seguimiento fit.,1067.28,29
TECL-4217,Teclado Redragon Kumara K552 Lite,Teclado mecánico gamer con retroiluminación RGB configurable.,660.51,85
RAT-4218,Ratón Microsoft Bluetooth Ergonomic Lite,Ratón gamer ligero de alta precisión con sensor óptico de alta definición.,1171.90,84
TAB-4219,Tableta Huawei MatePad 11 Lite,Dispositivo multimedia portátil con altavoces estéreo y gran autonomía.,86.42,12
ACC-4220,Webcam Logitech C920 HD Pro Edition 2024,Componente de conectividad portátil para expandir los puertos de tus dispositivos.,1297.22,23
CAM-4221,Cámara Canon EOS M50 Edition 2024,Cámara mirrorless compacta con resolución 4K y sensor APS-C.,1232.69,11
LAP-4222,Laptop Lenovo ThinkPad X1 Carbon Edition 2024,Laptop gamer de última generación con tarjeta gráfica dedicada y pantalla 144Hz.,1757.23,26
TEL-4223,Teléfono Xiaomi 13 Pro Edition 2024,"Dispositivo con carga superrápida, batería de larga duración y pantalla de 120Hz.",1119.84,74
AUD-4224,Audífonos Sennheiser Momentum 4 Edition 2024,Diadema ergonómica con graves profundos y batería de más de 30 horas.,587.88,41
MON-4225,Monitor BenQ EW3270U Edition 2024,Monitor gaming con tasa de refresco rápida y tiempo de respuesta de 1ms.,1387.40,66
REL-4226,Reloj Huawei Watch GT 3 Edition 2024,Smartwatch deportivo resistente al agua con sensores de salud avanzados.,263.60,95
TECL-4227,Teclado Redragon Kumara K552 Edition 2024,Teclado mecánico compacto hot-swappable ideal para programación y oficina.,1612.08,47
RAT-4228,Ratón Microsoft Bluetooth Ergonomic Edition 2024,Ratón óptico ultraligero con cable mallado suave y deslizamiento perfecto.,628.28,91
TAB-4229,Tableta Huawei MatePad 11 Edition 2024,Tableta versátil con pantalla de alta resolución ideal para estudio y entretenimiento.,1414.58,64
ACC-4230,Webcam Logitech C920 HD Pro Special Edition,Dispositivo de almacenamiento rápido y confiable para respaldos de datos.,926.60,80
CAM-4231,Cámara Canon EOS M50 Special Edition,Cámara de acción resistente al agua con estabilización de imagen avanzada.,382.28,83
LAP-4232,Laptop Lenovo ThinkPad X1 Carbon Special Edition,"Equipo portátil para trabajo pesado, edición de video y multitarea.",859.59,47
TEL-4233,Teléfono Xiaomi 13 Pro Special Edition,Smartphone de gama alta con pantalla AMOLED y cámara de alta resolución.,226.87,41
AUD-4234,Audífonos Sennheiser Momentum 4 Special Edition,Auriculares in-ear con audio espacial y estuche de carga inalámbrica.,339.36,77
MON-4235,Monitor BenQ EW3270U Special Edition,Monitor curvo e inmersivo con panel IPS e iluminación de baja fatiga visual.,373.32,86
REL-4236,Reloj Huawei Watch GT 3 Special Edition,Reloj inteligente elegante con control de notificaciones y seguimiento fit.,1209.34,57
TECL-4237,Teclado Redragon Kumara K552 Special Edition,Teclado mecánico gamer con retroiluminación RGB configurable.,84.77,66
RAT-4238,Ratón Microsoft Bluetooth Ergonomic Special Edition,Ratón gamer ligero de alta precisión con sensor óptico de alta definición.,512.66,86
TAB-4239,Tableta Huawei MatePad 11 Special Edition,Dispositivo multimedia portátil con altavoces estéreo y gran autonomía.,467.54,30
ACC-4240,Webcam Logitech C920 HD Pro Edición Negra,Componente de conectividad portátil para expandir los puertos de tus dispositivos.,1420.80,79
CAM-4241,Cámara Canon EOS M50 Edición Negra,Cámara mirrorless compacta con resolución 4K y sensor APS-C.,327.60,81
LAP-4242,Laptop Lenovo ThinkPad X1 Carbon Edición Negra,Laptop gamer de última generación con tarjeta gráfica dedicada y pantalla 144Hz.,1640.85,54
TEL-4243,Teléfono Xiaomi 13 Pro Edición Negra,"Dispositivo con carga superrápida, batería de larga duración y pantalla de 120Hz.",1001.30,2
AUD-4244,Audífonos Sennheiser Momentum 4 Edición Negra,Diadema ergonómica con graves profundos y batería de más de 30 horas.,435.61,36
MON-4245,Monitor BenQ EW3270U Edición Negra,Monitor gaming con tasa de refresco rápida y tiempo de respuesta de 1ms.,758.53,14
REL-4246,Reloj Huawei Watch GT 3 Edición Negra,Smartwatch deportivo resistente al agua con sensores de salud avanzados.,686.72,21
TECL-4247,Teclado Redragon Kumara K552 Edición Negra,Teclado mecánico compacto hot-swappable ideal para programación y oficina.,1612.70,47
RAT-4248,Ratón Microsoft Bluetooth Ergonomic Edición Negra,Ratón óptico ultraligero con cable mallado suave y deslizamiento perfecto.,1602.04,44
TAB-4249,Tableta Huawei MatePad 11 Edición Negra,Tableta versátil con pantalla de alta resolución ideal para estudio y entretenimiento.,353.15,42
ACC-4250,Webcam Logitech C920 HD Pro Edición Plata,Dispositivo de almacenamiento rápido y confiable para respaldos de datos.,1286.38,64
CAM-4251,Cámara Canon EOS M50 Edición Plata,Cámara de acción resistente al agua con estabilización de imagen avanzada.,1156.23,65
LAP-4252,Laptop Lenovo ThinkPad X1 Carbon Edición Plata,"Equipo portátil para trabajo pesado, edición de video y multitarea.",1760.21,97
TEL-4253,Teléfono Xiaomi 13 Pro Edición Plata,Smartphone de gama alta con pantalla AMOLED y cámara de alta resolución.,1278.50,85
AUD-4254,Audífonos Sennheiser Momentum 4 Edición Plata,Auriculares in-ear con audio espacial y estuche de carga inalámbrica.,1222.53,96
MON-4255,Monitor BenQ EW3270U Edición Plata,Monitor curvo e inmersivo con panel IPS e iluminación de baja fatiga visual.,431.48,4
REL-4256,Reloj Huawei Watch GT 3 Edición Plata,Reloj inteligente elegante con control de notificaciones y seguimiento fit.,1192.85,66
TECL-4257,Teclado Redragon Kumara K552 Edición Plata,Teclado mecánico gamer con retroiluminación RGB configurable.,528.84,93
RAT-4258,Ratón Microsoft Bluetooth Ergonomic Edición Plata,Ratón gamer ligero de alta precisión con sensor óptico de alta definición.,1055.76,46
TAB-4259,Tableta Huawei MatePad 11 Edición Plata,Dispositivo multimedia portátil con altavoces estéreo y gran autonomía.,1209.67,38
ACC-4260,Webcam Logitech C920 HD Pro S,Componente de conectividad portátil para expandir los puertos de tus dispositivos.,997.10,17
CAM-4261,Cámara Canon EOS M50 S,Cámara mirrorless compacta con resolución 4K y sensor APS-C.,1844.54,29
LAP-4262,Laptop Lenovo ThinkPad X1 Carbon S,Laptop gamer de última generación con tarjeta gráfica dedicada y pantalla 144Hz.,139.24,17
TEL-4263,Teléfono Xiaomi 13 Pro S,"Dispositivo con carga superrápida, batería de larga duración y pantalla de 120Hz.",37.05,11
AUD-4264,Audífonos Sennheiser Momentum 4 S,Diadema ergonómica con graves profundos y batería de más de 30 horas.,1458.28,78
MON-4265,Monitor BenQ EW3270U S,Monitor gaming con tasa de refresco rápida y tiempo de respuesta de 1ms.,1149.63,66
REL-4266,Reloj Huawei Watch GT 3 S,Smartwatch deportivo resistente al agua con sensores de salud avanzados.,882.14,66
TECL-4267,Teclado Redragon Kumara K552 S,Teclado mecánico compacto hot-swappable ideal para programación y oficina.,631.67,62
RAT-4268,Ratón Microsoft Bluetooth Ergonomic S,Ratón óptico ultraligero con cable mallado suave y deslizamiento perfecto.,1203.97,10
TAB-4269,Tableta Huawei MatePad 11 S,Tableta versátil con pantalla de alta resolución ideal para estudio y entretenimiento.,546.32,70
ACC-4270,Webcam Logitech C920 HD Pro SE,Dispositivo de almacenamiento rápido y confiable para respaldos de datos.,944.97,86
CAM-4271,Cámara Canon EOS M50 SE,Cámara de acción resistente al agua con estabilización de imagen avanzada.,285.09,3
LAP-4272,Laptop Lenovo ThinkPad X1 Carbon SE,"Equipo portátil para trabajo pesado, edición de video y multitarea.",65.88,23
TEL-4273,Teléfono Xiaomi 13 Pro SE,Smartphone de gama alta con pantalla AMOLED y cámara de alta resolución.,946.86,29
AUD-4274,Audífonos Sennheiser Momentum 4 SE,Auriculares in-ear con audio espacial y estuche de carga inalámbrica.,332.60,58
MON-4275,Monitor BenQ EW3270U SE,Monitor curvo e inmersivo con panel IPS e iluminación de baja fatiga visual.,402.56,18
REL-4276,Reloj Huawei Watch GT 3 SE,Reloj inteligente elegante con control de notificaciones y seguimiento fit.,1326.02,40
TECL-4277,Teclado Redragon Kumara K552 SE,Teclado mecánico gamer con retroiluminación RGB configurable.,552.91,46
RAT-4278,Ratón Microsoft Bluetooth Ergonomic SE,Ratón gamer ligero de alta precisión con sensor óptico de alta definición.,17.43,1
TAB-4279,Tableta Huawei MatePad 11 SE,Dispositivo multimedia portátil con altavoces estéreo y gran autonomía.,120.68,12
ACC-4280,Webcam Logitech C920 HD Pro Max,Componente de conectividad portátil para expandir los puertos de tus dispositivos.,1393.78,47
CAM-4281,Cámara Canon EOS M50 Max,Cámara mirrorless compacta con resolución 4K y sensor APS-C.,1366.95,5
LAP-4282,Laptop Lenovo ThinkPad X1 Carbon Max,Laptop gamer de última generación con tarjeta gráfica dedicada y pantalla 144Hz.,1883.46,7
TEL-4283,Teléfono Xiaomi 13 Pro Max,"Dispositivo con carga superrápida, batería de larga duración y pantalla de 120Hz.",548.37,96
AUD-4284,Audífonos Sennheiser Momentum 4 Max,Diadema ergonómica con graves profundos y batería de más de 30 horas.,795.29,34
MON-4285,Monitor BenQ EW3270U Max,Monitor gaming con tasa de refresco rápida y tiempo de respuesta de 1ms.,266.96,28
REL-4286,Reloj Huawei Watch GT 3 Max,Smartwatch deportivo resistente al agua con sensores de salud avanzados.,1747.43,75
TECL-4287,Teclado Redragon Kumara K552 Max,Teclado mecánico compacto hot-swappable ideal para programación y oficina.,884.85,82
RAT-4288,Ratón Microsoft Bluetooth Ergonomic Max,Ratón óptico ultraligero con cable mallado suave y deslizamiento perfecto.,346.60,75
TAB-4289,Tableta Huawei MatePad 11 Max,Tableta versátil con pantalla de alta resolución ideal para estudio y entretenimiento.,1254.06,78
ACC-4290,Webcam Logitech C920 HD Pro v1,Dispositivo de almacenamiento rápido y confiable para respaldos de datos.,1109.90,8
CAM-4291,Cámara Canon EOS M50 v1,Cámara de acción resistente al agua con estabilización de imagen avanzada.,954.59,2
LAP-4292,Laptop Lenovo ThinkPad X1 Carbon v1,"Equipo portátil para trabajo pesado, edición de video y multitarea.",1567.46,40
TEL-4293,Teléfono Xiaomi 13 Pro v1,Smartphone de gama alta con pantalla AMOLED y cámara de alta resolución.,1131.57,69
AUD-4294,Audífonos Sennheiser Momentum 4 v1,Auriculares in-ear con audio espacial y estuche de carga inalámbrica.,51.20,88
MON-4295,Monitor BenQ EW3270U v1,Monitor curvo e inmersivo con panel IPS e iluminación de baja fatiga visual.,835.31,96
REL-4296,Reloj Huawei Watch GT 3 v1,Reloj inteligente elegante con control de notificaciones y seguimiento fit.,1392.48,95
TECL-4297,Teclado Redragon Kumara K552 v1,Teclado mecánico gamer con retroiluminación RGB configurable.,1749.71,40
RAT-4298,Ratón Microsoft Bluetooth Ergonomic v1,Ratón gamer ligero de alta precisión con sensor óptico de alta definición.,891.41,30
TAB-4299,Tableta Huawei MatePad 11 v1,Dispositivo multimedia portátil con altavoces estéreo y gran autonomía.,305.13,96
ACC-4300,Webcam Logitech C920 HD Pro v2,Componente de conectividad portátil para expandir los puertos de tus dispositivos.,958.45,7
CAM-4301,Cámara Canon EOS M50 v2,Cámara mirrorless compacta con resolución 4K y sensor APS-C.,1305.88,6
LAP-4302,Laptop Lenovo ThinkPad X1 Carbon v2,Laptop gamer de última generación con tarjeta gráfica dedicada y pantalla 144Hz.,1334.93,5
TEL-4303,Teléfono Xiaomi 13 Pro v2,"Dispositivo con carga superrápida, batería de larga duración y pantalla de 120Hz.",1501.05,37
AUD-4304,Audífonos Sennheiser Momentum 4 v2,Diadema ergonómica con graves profundos y batería de más de 30 horas.,644.76,72
MON-4305,Monitor BenQ EW3270U v2,Monitor gaming con tasa de refresco rápida y tiempo de respuesta de 1ms.,1677.72,19
REL-4306,Reloj Huawei Watch GT 3 v2,Smartwatch deportivo resistente al agua con sensores de salud avanzados.,893.14,83
TECL-4307,Teclado Redragon Kumara K552 v2,Teclado mecánico compacto hot-swappable ideal para programación y oficina.,1259.64,56
RAT-4308,Ratón Microsoft Bluetooth Ergonomic v2,Ratón óptico ultraligero con cable mallado suave y deslizamiento perfecto.,1078.58,50
TAB-4309,Tableta Huawei MatePad 11 v2,Tableta versátil con pantalla de alta resolución ideal para estudio y entretenimiento.,793.16,15
ACC-4310,Webcam Logitech C920 HD Pro Pro,Dispositivo de almacenamiento rápido y confiable para respaldos de datos.,583.97,42
CAM-4311,Cámara Canon EOS M50 Pro,Cámara de acción resistente al agua con estabilización de imagen avanzada.,693.93,72
LAP-4312,Laptop Lenovo ThinkPad X1 Carbon Pro,"Equipo portátil para trabajo pesado, edición de video y multitarea.",1556.73,99
TEL-4313,Teléfono Xiaomi 13 Pro Pro,Smartphone de gama alta con pantalla AMOLED y cámara de alta resolución.,430.03,29
AUD-4314,Audífonos Sennheiser Momentum 4 Pro,Auriculares in-ear con audio espacial y estuche de carga inalámbrica.,180.36,45
MON-4315,Monitor BenQ EW3270U Pro,Monitor curvo e inmersivo con panel IPS e iluminación de baja fatiga visual.,1741.33,25
REL-4316,Reloj Huawei Watch GT 3 Pro,Reloj inteligente elegante con control de notificaciones y seguimiento fit.,991.21,19
TECL-4317,Teclado Redragon Kumara K552 Pro,Teclado mecánico gamer con retroiluminación RGB configurable.,274.44,87
RAT-4318,Ratón Microsoft Bluetooth Ergonomic Pro,Ratón gamer ligero de alta precisión con sensor óptico de alta definición.,644.69,36
TAB-4319,Tableta Huawei MatePad 11 Pro,Dispositivo multimedia portátil con altavoces estéreo y gran autonomía.,1629.74,65
ACC-4320,Webcam Logitech C920 HD Pro Plus,Componente de conectividad portátil para expandir los puertos de tus dispositivos.,1078.18,54
CAM-4321,Cámara Canon EOS M50 Plus,Cámara mirrorless compacta con resolución 4K y sensor APS-C.,495.06,53
LAP-4322,Laptop Lenovo ThinkPad X1 Carbon Plus,Laptop gamer de última generación con tarjeta gráfica dedicada y pantalla 144Hz.,1131.37,28
TEL-4323,Teléfono Xiaomi 13 Pro Plus,"Dispositivo con carga superrápida, batería de larga duración y pantalla de 120Hz.",1032.37,8
AUD-4324,Audífonos Sennheiser Momentum 4 Plus,Diadema ergonómica con graves profundos y batería de más de 30 horas.,1731.62,28
MON-4325,Monitor BenQ EW3270U Plus,Monitor gaming con tasa de refresco rápida y tiempo de respuesta de 1ms.,199.27,7
REL-4326,Reloj Huawei Watch GT 3 Plus,Smartwatch deportivo resistente al agua con sensores de salud avanzados.,1864.71,76
TECL-4327,Teclado Redragon Kumara K552 Plus,Teclado mecánico compacto hot-swappable ideal para programación y oficina.,30.21,67
RAT-4328,Ratón Microsoft Bluetooth Ergonomic Plus,Ratón óptico ultraligero con cable mallado suave y deslizamiento perfecto.,855.08,3
TAB-4329,Tableta Huawei MatePad 11 Plus,Tableta versátil con pantalla de alta resolución ideal para estudio y entretenimiento.,314.24,50
ACC-4330,Webcam Logitech C920 HD Pro Ultra,Dispositivo de almacenamiento rápido y confiable para respaldos de datos.,1828.31,63
CAM-4331,Cámara Canon EOS M50 Ultra,Cámara de acción resistente al agua con estabilización de imagen avanzada.,1777.44,92
LAP-4332,Laptop Lenovo ThinkPad X1 Carbon Ultra,"Equipo portátil para trabajo pesado, edición de video y multitarea.",1033.23,55
TEL-4333,Teléfono Xiaomi 13 Pro Ultra,Smartphone de gama alta con pantalla AMOLED y cámara de alta resolución.,1649.28,15
AUD-4334,Audífonos Sennheiser Momentum 4 Ultra,Auriculares in-ear con audio espacial y estuche de carga inalámbrica.,53.65,58
MON-4335,Monitor BenQ EW3270U Ultra,Monitor curvo e inmersivo con panel IPS e iluminación de baja fatiga visual.,1204.92,60
REL-4336,Reloj Huawei Watch GT 3 Ultra,Reloj inteligente elegante con control de notificaciones y seguimiento fit.,1135.54,31
TECL-4337,Teclado Redragon Kumara K552 Ultra,Teclado mecánico gamer con retroiluminación RGB configurable.,133.76,81
RAT-4338,Ratón Microsoft Bluetooth Ergonomic Ultra,Ratón gamer ligero de alta precisión con sensor óptico de alta definición.,769.49,25
TAB-4339,Tableta Huawei MatePad 11 Ultra,Dispositivo multimedia portátil con altavoces estéreo y gran autonomía.,733.44,56
ACC-4340,Webcam Logitech C920 HD Pro Lite,Componente de conectividad portátil para expandir los puertos de tus dispositivos.,849.57,79
CAM-4341,Cámara Canon EOS M50 Lite,Cámara mirrorless compacta con resolución 4K y sensor APS-C.,909.55,79
LAP-4342,Laptop Lenovo ThinkPad X1 Carbon Lite,Laptop gamer de última generación con tarjeta gráfica dedicada y pantalla 144Hz.,317.31,77
TEL-4343,Teléfono Xiaomi 13 Pro Lite,"Dispositivo con carga superrápida, batería de larga duración y pantalla de 120Hz.",523.82,93
AUD-4344,Audífonos Sennheiser Momentum 4 Lite,Diadema ergonómica con graves profundos y batería de más de 30 horas.,1224.25,43
MON-4345,Monitor BenQ EW3270U Lite,Monitor gaming con tasa de refresco rápida y tiempo de respuesta de 1ms.,519.60,5
REL-4346,Reloj Huawei Watch GT 3 Lite,Smartwatch deportivo resistente al agua con sensores de salud avanzados.,1725.56,5
TECL-4347,Teclado Redragon Kumara K552 Lite,Teclado mecánico compacto hot-swappable ideal para programación y oficina.,1023.16,72
RAT-4348,Ratón Microsoft Bluetooth Ergonomic Lite,Ratón óptico ultraligero con cable mallado suave y deslizamiento perfecto.,859.93,4
TAB-4349,Tableta Huawei MatePad 11 Lite,Tableta versátil con pantalla de alta resolución ideal para estudio y entretenimiento.,1020.97,39
ACC-4350,Webcam Logitech C920 HD Pro Edition 2024,Dispositivo de almacenamiento rápido y confiable para respaldos de datos.,1389.22,78
CAM-4351,Cámara Canon EOS M50 Edition 2024,Cámara de acción resistente al agua con estabilización de imagen avanzada.,1772.43,47
LAP-4352,Laptop Lenovo ThinkPad X1 Carbon Edition 2024,"Equipo portátil para trabajo pesado, edición de video y multitarea.",1402.30,56
TEL-4353,Teléfono Xiaomi 13 Pro Edition 2024,Smartphone de gama alta con pantalla AMOLED y cámara de alta resolución.,471.43,35
AUD-4354,Audífonos Sennheiser Momentum 4 Edition 2024,Auriculares in-ear con audio espacial y estuche de carga inalámbrica.,1558.67,6
MON-4355,Monitor BenQ EW3270U Edition 2024,Monitor curvo e inmersivo con panel IPS e iluminación de baja fatiga visual.,1631.35,9
REL-4356,Reloj Huawei Watch GT 3 Edition 2024,Reloj inteligente elegante con control de notificaciones y seguimiento fit.,1569.86,93
TECL-4357,Teclado Redragon Kumara K552 Edition 2024,Teclado mecánico gamer con retroiluminación RGB configurable.,1525.08,60
RAT-4358,Ratón Microsoft Bluetooth Ergonomic Edition 2024,Ratón gamer ligero de alta precisión con sensor óptico de alta definición.,1518.72,65
TAB-4359,Tableta Huawei MatePad 11 Edition 2024,Dispositivo multimedia portátil con altavoces estéreo y gran autonomía.,780.20,44
ACC-4360,Webcam Logitech C920 HD Pro Special Edition,Componente de conectividad portátil para expandir los puertos de tus dispositivos.,127.01,14
CAM-4361,Cámara Canon EOS M50 Special Edition,Cámara mirrorless compacta con resolución 4K y sensor APS-C.,623.63,79
LAP-4362,Laptop Lenovo ThinkPad X1 Carbon Special Edition,Laptop gamer de última generación con tarjeta gráfica dedicada y pantalla 144Hz.,1772.77,58
TEL-4363,Teléfono Xiaomi 13 Pro Special Edition,"Dispositivo con carga superrápida, batería de larga duración y pantalla de 120Hz.",146.86,79
AUD-4364,Audífonos Sennheiser Momentum 4 Special Edition,Diadema ergonómica con graves profundos y batería de más de 30 horas.,1576.82,21
MON-4365,Monitor BenQ EW3270U Special Edition,Monitor gaming con tasa de refresco rápida y tiempo de respuesta de 1ms.,515.47,15
REL-4366,Reloj Huawei Watch GT 3 Special Edition,Smartwatch deportivo resistente al agua con sensores de salud avanzados.,1739.12,40
TECL-4367,Teclado Redragon Kumara K552 Special Edition,Teclado mecánico compacto hot-swappable ideal para programación y oficina.,1204.65,27
RAT-4368,Ratón Microsoft Bluetooth Ergonomic Special Edition,Ratón óptico ultraligero con cable mallado suave y deslizamiento perfecto.,541.81,11
TAB-4369,Tableta Huawei MatePad 11 Special Edition,Tableta versátil con pantalla de alta resolución ideal para estudio y entretenimiento.,1879.84,64
ACC-4370,Webcam Logitech C920 HD Pro Edición Negra,Dispositivo de almacenamiento rápido y confiable para respaldos de datos.,1000.29,96
CAM-4371,Cámara Canon EOS M50 Edición Negra,Cámara de acción resistente al agua con estabilización de imagen avanzada.,1326.97,41
LAP-4372,Laptop Lenovo ThinkPad X1 Carbon Edición Negra,"Equipo portátil para trabajo pesado, edición de video y multitarea.",882.37,10
TEL-4373,Teléfono Xiaomi 13 Pro Edición Negra,Smartphone de gama alta con pantalla AMOLED y cámara de alta resolución.,500.69,28
AUD-4374,Audífonos Sennheiser Momentum 4 Edición Negra,Auriculares in-ear con audio espacial y estuche de carga inalámbrica.,349.93,39
MON-4375,Monitor BenQ EW3270U Edición Negra,Monitor curvo e inmersivo con panel IPS e iluminación de baja fatiga visual.,1443.73,44
REL-4376,Reloj Huawei Watch GT 3 Edición Negra,Reloj inteligente elegante con control de notificaciones y seguimiento fit.,1262.37,81
TECL-4377,Teclado Redragon Kumara K552 Edición Negra,Teclado mecánico gamer con retroiluminación RGB configurable.,1145.49,9
RAT-4378,Ratón Microsoft Bluetooth Ergonomic Edición Negra,Ratón gamer ligero de alta precisión con sensor óptico de alta definición.,505.46,87
TAB-4379,Tableta Huawei MatePad 11 Edición Negra,Dispositivo multimedia portátil con altavoces estéreo y gran autonomía.,1061.31,57
ACC-4380,Webcam Logitech C920 HD Pro Edición Plata,Componente de conectividad portátil para expandir los puertos de tus dispositivos.,1888.37,67
CAM-4381,Cámara Canon EOS M50 Edición Plata,Cámara mirrorless compacta con resolución 4K y sensor APS-C.,837.89,21
LAP-4382,Laptop Lenovo ThinkPad X1 Carbon Edición Plata,Laptop gamer de última generación con tarjeta gráfica dedicada y pantalla 144Hz.,1123.57,83
TEL-4383,Teléfono Xiaomi 13 Pro Edición Plata,"Dispositivo con carga superrápida, batería de larga duración y pantalla de 120Hz.",1553.50,31
AUD-4384,Audífonos Sennheiser Momentum 4 Edición Plata,Diadema ergonómica con graves profundos y batería de más de 30 horas.,1893.26,15
MON-4385,Monitor BenQ EW3270U Edición Plata,Monitor gaming con tasa de refresco rápida y tiempo de respuesta de 1ms.,1736.76,50
REL-4386,Reloj Huawei Watch GT 3 Edición Plata,Smartwatch deportivo resistente al agua con sensores de salud avanzados.,846.75,57
TECL-4387,Teclado Redragon Kumara K552 Edición Plata,Teclado mecánico compacto hot-swappable ideal para programación y oficina.,1133.48,72
RAT-4388,Ratón Microsoft Bluetooth Ergonomic Edición Plata,Ratón óptico ultraligero con cable mallado suave y deslizamiento perfecto.,212.76,59
TAB-4389,Tableta Huawei MatePad 11 Edición Plata,Tableta versátil con pantalla de alta resolución ideal para estudio y entretenimiento.,762.59,7
ACC-4390,Webcam Logitech C920 HD Pro S,Dispositivo de almacenamiento rápido y confiable para respaldos de datos.,297.98,23
CAM-4391,Cámara Canon EOS M50 S,Cámara de acción resistente al agua con estabilización de imagen avanzada.,1589.27,89
LAP-4392,Laptop Lenovo ThinkPad X1 Carbon S,"Equipo portátil para trabajo pesado, edición de video y multitarea.",409.29,29
TEL-4393,Teléfono Xiaomi 13 Pro S,Smartphone de gama alta con pantalla AMOLED y cámara de alta resolución.,1445.06,25
AUD-4394,Audífonos Sennheiser Momentum 4 S,Auriculares in-ear con audio espacial y estuche de carga inalámbrica.,1530.70,14
MON-4395,Monitor BenQ EW3270U S,Monitor curvo e inmersivo con panel IPS e iluminación de baja fatiga visual.,58.31,77
REL-4396,Reloj Huawei Watch GT 3 S,Reloj inteligente elegante con control de notificaciones y seguimiento fit.,635.17,41
TECL-4397,Teclado Redragon Kumara K552 S,Teclado mecánico gamer con retroiluminación RGB configurable.,1046.44,56
RAT-4398,Ratón Microsoft Bluetooth Ergonomic S,Ratón gamer ligero de alta precisión con sensor óptico de alta definición.,1296.16,63
TAB-4399,Tableta Huawei MatePad 11 S,Dispositivo multimedia portátil con altavoces estéreo y gran autonomía.,994.27,30
ACC-4400,Webcam Logitech C920 HD Pro SE,Componente de conectividad portátil para expandir los puertos de tus dispositivos.,53.42,76
CAM-4401,Cámara Canon EOS M50 SE,Cámara mirrorless compacta con resolución 4K y sensor APS-C.,917.73,19
LAP-4402,Laptop Lenovo ThinkPad X1 Carbon SE,Laptop gamer de última generación con tarjeta gráfica dedicada y pantalla 144Hz.,324.68,82
TEL-4403,Teléfono Xiaomi 13 Pro SE,"Dispositivo con carga superrápida, batería de larga duración y pantalla de 120Hz.",1205.27,42
AUD-4404,Audífonos Sennheiser Momentum 4 SE,Diadema ergonómica con graves profundos y batería de más de 30 horas.,911.02,56
MON-4405,Monitor BenQ EW3270U SE,Monitor gaming con tasa de refresco rápida y tiempo de respuesta de 1ms.,42.36,68
REL-4406,Reloj Huawei Watch GT 3 SE,Smartwatch deportivo resistente al agua con sensores de salud avanzados.,1304.36,16
TECL-4407,Teclado Redragon Kumara K552 SE,Teclado mecánico compacto hot-swappable ideal para programación y oficina.,1736.48,66
RAT-4408,Ratón Microsoft Bluetooth Ergonomic SE,Ratón óptico ultraligero con cable mallado suave y deslizamiento perfecto.,1422.00,8
TAB-4409,Tableta Huawei MatePad 11 SE,Tableta versátil con pantalla de alta resolución ideal para estudio y entretenimiento.,258.56,99
ACC-4410,Webcam Logitech C920 HD Pro Max,Dispositivo de almacenamiento rápido y confiable para respaldos de datos.,335.39,46
CAM-4411,Cámara Canon EOS M50 Max,Cámara de acción resistente al agua con estabilización de imagen avanzada.,262.69,84
LAP-4412,Laptop Lenovo ThinkPad X1 Carbon Max,"Equipo portátil para trabajo pesado, edición de video y multitarea.",604.05,83
TEL-4413,Teléfono Xiaomi 13 Pro Max,Smartphone de gama alta con pantalla AMOLED y cámara de alta resolución.,622.19,24
AUD-4414,Audífonos Sennheiser Momentum 4 Max,Auriculares in-ear con audio espacial y estuche de carga inalámbrica.,325.17,74
MON-4415,Monitor BenQ EW3270U Max,Monitor curvo e inmersivo con panel IPS e iluminación de baja fatiga visual.,766.33,14
REL-4416,Reloj Huawei Watch GT 3 Max,Reloj inteligente elegante con control de notificaciones y seguimiento fit.,929.55,97
TECL-4417,Teclado Redragon Kumara K552 Max,Teclado mecánico gamer con retroiluminación RGB configurable.,1783.33,89
RAT-4418,Ratón Microsoft Bluetooth Ergonomic Max,Ratón gamer ligero de alta precisión con sensor óptico de alta definición.,1314.77,8
TAB-4419,Tableta Huawei MatePad 11 Max,Dispositivo multimedia portátil con altavoces estéreo y gran autonomía.,968.17,87
ACC-4420,Webcam Logitech C920 HD Pro v1,Componente de conectividad portátil para expandir los puertos de tus dispositivos.,502.64,42
CAM-4421,Cámara Canon EOS M50 v1,Cámara mirrorless compacta con resolución 4K y sensor APS-C.,872.80,18
LAP-4422,Laptop Lenovo ThinkPad X1 Carbon v1,Laptop gamer de última generación con tarjeta gráfica dedicada y pantalla 144Hz.,1518.68,17
TEL-4423,Teléfono Xiaomi 13 Pro v1,"Dispositivo con carga superrápida, batería de larga duración y pantalla de 120Hz.",155.74,53
AUD-4424,Audífonos Sennheiser Momentum 4 v1,Diadema ergonómica con graves profundos y batería de más de 30 horas.,346.86,12
MON-4425,Monitor BenQ EW3270U v1,Monitor gaming con tasa de refresco rápida y tiempo de respuesta de 1ms.,480.64,11
REL-4426,Reloj Huawei Watch GT 3 v1,Smartwatch deportivo resistente al agua con sensores de salud avanzados.,82.70,62
TECL-4427,Teclado Redragon Kumara K552 v1,Teclado mecánico compacto hot-swappable ideal para programación y oficina.,698.04,77
RAT-4428,Ratón Microsoft Bluetooth Ergonomic v1,Ratón óptico ultraligero con cable mallado suave y deslizamiento perfecto.,1216.42,83
TAB-4429,Tableta Huawei MatePad 11 v1,Tableta versátil con pantalla de alta resolución ideal para estudio y entretenimiento.,1710.38,17
ACC-4430,Webcam Logitech C920 HD Pro v2,Dispositivo de almacenamiento rápido y confiable para respaldos de datos.,317.34,96
CAM-4431,Cámara Canon EOS M50 v2,Cámara de acción resistente al agua con estabilización de imagen avanzada.,445.51,43
LAP-4432,Laptop Lenovo ThinkPad X1 Carbon v2,"Equipo portátil para trabajo pesado, edición de video y multitarea.",1039.89,76
TEL-4433,Teléfono Xiaomi 13 Pro v2,Smartphone de gama alta con pantalla AMOLED y cámara de alta resolución.,1703.51,34
AUD-4434,Audífonos Sennheiser Momentum 4 v2,Auriculares in-ear con audio espacial y estuche de carga inalámbrica.,1649.02,55
MON-4435,Monitor BenQ EW3270U v2,Monitor curvo e inmersivo con panel IPS e iluminación de baja fatiga visual.,1577.06,63
REL-4436,Reloj Huawei Watch GT 3 v2,Reloj inteligente elegante con control de notificaciones y seguimiento fit.,1631.45,79
TECL-4437,Teclado Redragon Kumara K552 v2,Teclado mecánico gamer con retroiluminación RGB configurable.,1085.39,84
RAT-4438,Ratón Microsoft Bluetooth Ergonomic v2,Ratón gamer ligero de alta precisión con sensor óptico de alta definición.,1806.18,43
TAB-4439,Tableta Huawei MatePad 11 v2,Dispositivo multimedia portátil con altavoces estéreo y gran autonomía.,121.55,40
ACC-4440,Webcam Logitech C920 HD Pro Pro,Componente de conectividad portátil para expandir los puertos de tus dispositivos.,1375.72,74
CAM-4441,Cámara Canon EOS M50 Pro,Cámara mirrorless compacta con resolución 4K y sensor APS-C.,902.23,71
LAP-4442,Laptop Lenovo ThinkPad X1 Carbon Pro,Laptop gamer de última generación con tarjeta gráfica dedicada y pantalla 144Hz.,60.16,66
TEL-4443,Teléfono Xiaomi 13 Pro Pro,"Dispositivo con carga superrápida, batería de larga duración y pantalla de 120Hz.",1837.97,47
AUD-4444,Audífonos Sennheiser Momentum 4 Pro,Diadema ergonómica con graves profundos y batería de más de 30 horas.,999.04,53
MON-4445,Monitor BenQ EW3270U Pro,Monitor gaming con tasa de refresco rápida y tiempo de respuesta de 1ms.,146.40,76
REL-4446,Reloj Huawei Watch GT 3 Pro,Smartwatch deportivo resistente al agua con sensores de salud avanzados.,1401.43,39
TECL-4447,Teclado Redragon Kumara K552 Pro,Teclado mecánico compacto hot-swappable ideal para programación y oficina.,909.86,25
RAT-4448,Ratón Microsoft Bluetooth Ergonomic Pro,Ratón óptico ultraligero con cable mallado suave y deslizamiento perfecto.,199.35,33
TAB-4449,Tableta Huawei MatePad 11 Pro,Tableta versátil con pantalla de alta resolución ideal para estudio y entretenimiento.,1095.65,70
ACC-4450,Webcam Logitech C920 HD Pro Plus,Dispositivo de almacenamiento rápido y confiable para respaldos de datos.,1149.60,97
CAM-4451,Cámara Canon EOS M50 Plus,Cámara de acción resistente al agua con estabilización de imagen avanzada.,1597.32,58
LAP-4452,Laptop Lenovo ThinkPad X1 Carbon Plus,"Equipo portátil para trabajo pesado, edición de video y multitarea.",241.83,9
TEL-4453,Teléfono Xiaomi 13 Pro Plus,Smartphone de gama alta con pantalla AMOLED y cámara de alta resolución.,1708.05,100
AUD-4454,Audífonos Sennheiser Momentum 4 Plus,Auriculares in-ear con audio espacial y estuche de carga inalámbrica.,1419.05,2
MON-4455,Monitor BenQ EW3270U Plus,Monitor curvo e inmersivo con panel IPS e iluminación de baja fatiga visual.,292.83,69
REL-4456,Reloj Huawei Watch GT 3 Plus,Reloj inteligente elegante con control de notificaciones y seguimiento fit.,1070.20,82
TECL-4457,Teclado Redragon Kumara K552 Plus,Teclado mecánico gamer con retroiluminación RGB configurable.,253.52,18
RAT-4458,Ratón Microsoft Bluetooth Ergonomic Plus,Ratón gamer ligero de alta precisión con sensor óptico de alta definición.,221.91,46
TAB-4459,Tableta Huawei MatePad 11 Plus,Dispositivo multimedia portátil con altavoces estéreo y gran autonomía.,990.15,2
ACC-4460,Webcam Logitech C920 HD Pro Ultra,Componente de conectividad portátil para expandir los puertos de tus dispositivos.,1718.61,87
CAM-4461,Cámara Canon EOS M50 Ultra,Cámara mirrorless compacta con resolución 4K y sensor APS-C.,1677.84,28
LAP-4462,Laptop Lenovo ThinkPad X1 Carbon Ultra,Laptop gamer de última generación con tarjeta gráfica dedicada y pantalla 144Hz.,1838.03,91
TEL-4463,Teléfono Xiaomi 13 Pro Ultra,"Dispositivo con carga superrápida, batería de larga duración y pantalla de 120Hz.",788.96,81
AUD-4464,Audífonos Sennheiser Momentum 4 Ultra,Diadema ergonómica con graves profundos y batería de más de 30 horas.,287.49,58
MON-4465,Monitor BenQ EW3270U Ultra,Monitor gaming con tasa de refresco rápida y tiempo de respuesta de 1ms.,885.80,70
REL-4466,Reloj Huawei Watch GT 3 Ultra,Smartwatch deportivo resistente al agua con sensores de salud avanzados.,845.57,34
TECL-4467,Teclado Redragon Kumara K552 Ultra,Teclado mecánico compacto hot-swappable ideal para programación y oficina.,1718.41,46
RAT-4468,Ratón Microsoft Bluetooth Ergonomic Ultra,Ratón óptico ultraligero con cable mallado suave y deslizamiento perfecto.,174.26,64
TAB-4469,Tableta Huawei MatePad 11 Ultra,Tableta versátil con pantalla de alta resolución ideal para estudio y entretenimiento.,1287.79,98
ACC-4470,Webcam Logitech C920 HD Pro Lite,Dispositivo de almacenamiento rápido y confiable para respaldos de datos.,503.00,97
CAM-4471,Cámara Canon EOS M50 Lite,Cámara de acción resistente al agua con estabilización de imagen avanzada.,1741.80,84
LAP-4472,Laptop Lenovo ThinkPad X1 Carbon Lite,"Equipo portátil para trabajo pesado, edición de video y multitarea.",982.35,41
TEL-4473,Teléfono Xiaomi 13 Pro Lite,Smartphone de gama alta con pantalla AMOLED y cámara de alta resolución.,498.45,4
AUD-4474,Audífonos Sennheiser Momentum 4 Lite,Auriculares in-ear con audio espacial y estuche de carga inalámbrica.,249.64,84
MON-4475,Monitor BenQ EW3270U Lite,Monitor curvo e inmersivo con panel IPS e iluminación de baja fatiga visual.,527.52,29
REL-4476,Reloj Huawei Watch GT 3 Lite,Reloj inteligente elegante con control de notificaciones y seguimiento fit.,466.80,51
TECL-4477,Teclado Redragon Kumara K552 Lite,Teclado mecánico gamer con retroiluminación RGB configurable.,129.89,37
RAT-4478,Ratón Microsoft Bluetooth Ergonomic Lite,Ratón gamer ligero de alta precisión con sensor óptico de alta definición.,310.65,84
TAB-4479,Tableta Huawei MatePad 11 Lite,Dispositivo multimedia portátil con altavoces estéreo y gran autonomía.,1215.41,42
ACC-4480,Webcam Logitech C920 HD Pro Edition 2024,Componente de conectividad portátil para expandir los puertos de tus dispositivos.,774.71,79
CAM-4481,Cámara Canon EOS M50 Edition 2024,Cámara mirrorless compacta con resolución 4K y sensor APS-C.,1624.92,60
LAP-4482,Laptop Lenovo ThinkPad X1 Carbon Edition 2024,Laptop gamer de última generación con tarjeta gráfica dedicada y pantalla 144Hz.,625.30,98
TEL-4483,Teléfono Xiaomi 13 Pro Edition 2024,"Dispositivo con carga superrápida, batería de larga duración y pantalla de 120Hz.",1271.16,3
AUD-4484,Audífonos Sennheiser Momentum 4 Edition 2024,Diadema ergonómica con graves profundos y batería de más de 30 horas.,1362.37,10
MON-4485,Monitor BenQ EW3270U Edition 2024,Monitor gaming con tasa de refresco rápida y tiempo de respuesta de 1ms.,1236.71,41
REL-4486,Reloj Huawei Watch GT 3 Edition 2024,Smartwatch deportivo resistente al agua con sensores de salud avanzados.,666.71,64
TECL-4487,Teclado Redragon Kumara K552 Edition 2024,Teclado mecánico compacto hot-swappable ideal para programación y oficina.,1084.16,34
RAT-4488,Ratón Microsoft Bluetooth Ergonomic Edition 2024,Ratón óptico ultraligero con cable mallado suave y deslizamiento perfecto.,377.68,14
TAB-4489,Tableta Huawei MatePad 11 Edition 2024,Tableta versátil con pantalla de alta resolución ideal para estudio y entretenimiento.,990.21,45
ACC-4490,Webcam Logitech C920 HD Pro Special Edition,Dispositivo de almacenamiento rápido y confiable para respaldos de datos.,433.37,82
CAM-4491,Cámara Canon EOS M50 Special Edition,Cámara de acción resistente al agua con estabilización de imagen avanzada.,528.74,76
LAP-4492,Laptop Lenovo ThinkPad X1 Carbon Special Edition,"Equipo portátil para trabajo pesado, edición de video y multitarea.",571.48,36
TEL-4493,Teléfono Xiaomi 13 Pro Special Edition,Smartphone de gama alta con pantalla AMOLED y cámara de alta resolución.,1823.51,49
AUD-4494,Audífonos Sennheiser Momentum 4 Special Edition,Auriculares in-ear con audio espacial y estuche de carga inalámbrica.,962.59,11
MON-4495,Monitor BenQ EW3270U Special Edition,Monitor curvo e inmersivo con panel IPS e iluminación de baja fatiga visual.,1406.87,5
REL-4496,Reloj Huawei Watch GT 3 Special Edition,Reloj inteligente elegante con control de notificaciones y seguimiento fit.,1034.77,97
TECL-4497,Teclado Redragon Kumara K552 Special Edition,Teclado mecánico gamer con retroiluminación RGB configurable.,217.85,92
RAT-4498,Ratón Microsoft Bluetooth Ergonomic Special Edition,Ratón gamer ligero de alta precisión con sensor óptico de alta definición.,154.22,83
TAB-4499,Tableta Huawei MatePad 11 Special Edition,Dispositivo multimedia portátil con altavoces estéreo y gran autonomía.,1712.32,24
ACC-4500,Webcam Logitech C920 HD Pro Edición Negra,Componente de conectividad portátil para expandir los puertos de tus dispositivos.,995.52,44
CAM-4501,Cámara Canon EOS M50 Edición Negra,Cámara mirrorless compacta con resolución 4K y sensor APS-C.,1596.68,19
LAP-4502,Laptop Lenovo ThinkPad X1 Carbon Edición Negra,Laptop gamer de última generación con tarjeta gráfica dedicada y pantalla 144Hz.,1009.06,71
TEL-4503,Teléfono Xiaomi 13 Pro Edición Negra,"Dispositivo con carga superrápida, batería de larga duración y pantalla de 120Hz.",34.29,7
AUD-4504,Audífonos Sennheiser Momentum 4 Edición Negra,Diadema ergonómica con graves profundos y batería de más de 30 horas.,1549.29,95
MON-4505,Monitor BenQ EW3270U Edición Negra,Monitor gaming con tasa de refresco rápida y tiempo de respuesta de 1ms.,336.10,95
REL-4506,Reloj Huawei Watch GT 3 Edición Negra,Smartwatch deportivo resistente al agua con sensores de salud avanzados.,649.16,89
TECL-4507,Teclado Redragon Kumara K552 Edición Negra,Teclado mecánico compacto hot-swappable ideal para programación y oficina.,1091.04,51
RAT-4508,Ratón Microsoft Bluetooth Ergonomic Edición Negra,Ratón óptico ultraligero con cable mallado suave y deslizamiento perfecto.,572.55,83
TAB-4509,Tableta Huawei MatePad 11 Edición Negra,Tableta versátil con pantalla de alta resolución ideal para estudio y entretenimiento.,1889.21,24
ACC-4510,Webcam Logitech C920 HD Pro Edición Plata,Dispositivo de almacenamiento rápido y confiable para respaldos de datos.,614.90,24
CAM-4511,Cámara Canon EOS M50 Edición Plata,Cámara de acción resistente al agua con estabilización de imagen avanzada.,311.10,26
LAP-4512,Laptop Lenovo ThinkPad X1 Carbon Edición Plata,"Equipo portátil para trabajo pesado, edición de video y multitarea.",1506.09,37
TEL-4513,Teléfono Xiaomi 13 Pro Edición Plata,Smartphone de gama alta con pantalla AMOLED y cámara de alta resolución.,1526.68,37
AUD-4514,Audífonos Sennheiser Momentum 4 Edición Plata,Auriculares in-ear con audio espacial y estuche de carga inalámbrica.,963.85,97
MON-4515,Monitor BenQ EW3270U Edición Plata,Monitor curvo e inmersivo con panel IPS e iluminación de baja fatiga visual.,1782.05,87
REL-4516,Reloj Huawei Watch GT 3 Edición Plata,Reloj inteligente elegante con control de notificaciones y seguimiento fit.,1788.12,17
TECL-4517,Teclado Redragon Kumara K552 Edición Plata,Teclado mecánico gamer con retroiluminación RGB configurable.,667.38,38
RAT-4518,Ratón Microsoft Bluetooth Ergonomic Edición Plata,Ratón gamer ligero de alta precisión con sensor óptico de alta definición.,1769.68,22
TAB-4519,Tableta Huawei MatePad 11 Edición Plata,Dispositivo multimedia portátil con altavoces estéreo y gran autonomía.,892.89,14
ACC-4520,Webcam Logitech C920 HD Pro S,Componente de conectividad portátil para expandir los puertos de tus dispositivos.,83.87,82
CAM-4521,Cámara Canon EOS M50 S,Cámara mirrorless compacta con resolución 4K y sensor APS-C.,667.11,62
LAP-4522,Laptop Lenovo ThinkPad X1 Carbon S,Laptop gamer de última generación con tarjeta gráfica dedicada y pantalla 144Hz.,1127.87,56
TEL-4523,Teléfono Xiaomi 13 Pro S,"Dispositivo con carga superrápida, batería de larga duración y pantalla de 120Hz.",242.87,65
AUD-4524,Audífonos Sennheiser Momentum 4 S,Diadema ergonómica con graves profundos y batería de más de 30 horas.,552.82,86
MON-4525,Monitor BenQ EW3270U S,Monitor gaming con tasa de refresco rápida y tiempo de respuesta de 1ms.,27.87,3
REL-4526,Reloj Huawei Watch GT 3 S,Smartwatch deportivo resistente al agua con sensores de salud avanzados.,416.32,65
TECL-4527,Teclado Redragon Kumara K552 S,Teclado mecánico compacto hot-swappable ideal para programación y oficina.,1810.54,28
RAT-4528,Ratón Microsoft Bluetooth Ergonomic S,Ratón óptico ultraligero con cable mallado suave y deslizamiento perfecto.,1087.14,37
TAB-4529,Tableta Huawei MatePad 11 S,Tableta versátil con pantalla de alta resolución ideal para estudio y entretenimiento.,610.08,22
ACC-4530,Webcam Logitech C920 HD Pro SE,Dispositivo de almacenamiento rápido y confiable para respaldos de datos.,1893.40,87
CAM-4531,Cámara Canon EOS M50 SE,Cámara de acción resistente al agua con estabilización de imagen avanzada.,1055.97,83
LAP-4532,Laptop Lenovo ThinkPad X1 Carbon SE,"Equipo portátil para trabajo pesado, edición de video y multitarea.",1292.27,9
TEL-4533,Teléfono Xiaomi 13 Pro SE,Smartphone de gama alta con pantalla AMOLED y cámara de alta resolución.,1220.61,5
AUD-4534,Audífonos Sennheiser Momentum 4 SE,Auriculares in-ear con audio espacial y estuche de carga inalámbrica.,1195.50,65
MON-4535,Monitor BenQ EW3270U SE,Monitor curvo e inmersivo con panel IPS e iluminación de baja fatiga visual.,1423.29,18
REL-4536,Reloj Huawei Watch GT 3 SE,Reloj inteligente elegante con control de notificaciones y seguimiento fit.,47.12,1
TECL-4537,Teclado Redragon Kumara K552 SE,Teclado mecánico gamer con retroiluminación RGB configurable.,219.39,38
RAT-4538,Ratón Microsoft Bluetooth Ergonomic SE,Ratón gamer ligero de alta precisión con sensor óptico de alta definición.,25.48,66
TAB-4539,Tableta Huawei MatePad 11 SE,Dispositivo multimedia portátil con altavoces estéreo y gran autonomía.,1238.61,63
ACC-4540,Webcam Logitech C920 HD Pro Max,Componente de conectividad portátil para expandir los puertos de tus dispositivos.,517.95,36
CAM-4541,Cámara Canon EOS M50 Max,Cámara mirrorless compacta con resolución 4K y sensor APS-C.,518.01,17
LAP-4542,Laptop Lenovo ThinkPad X1 Carbon Max,Laptop gamer de última generación con tarjeta gráfica dedicada y pantalla 144Hz.,1437.48,87
TEL-4543,Teléfono Xiaomi 13 Pro Max,"Dispositivo con carga superrápida, batería de larga duración y pantalla de 120Hz.",444.08,60
AUD-4544,Audífonos Sennheiser Momentum 4 Max,Diadema ergonómica con graves profundos y batería de más de 30 horas.,527.57,15
MON-4545,Monitor BenQ EW3270U Max,Monitor gaming con tasa de refresco rápida y tiempo de respuesta de 1ms.,1696.66,76
REL-4546,Reloj Huawei Watch GT 3 Max,Smartwatch deportivo resistente al agua con sensores de salud avanzados.,1659.04,37
TECL-4547,Teclado Redragon Kumara K552 Max,Teclado mecánico compacto hot-swappable ideal para programación y oficina.,1448.73,10
RAT-4548,Ratón Microsoft Bluetooth Ergonomic Max,Ratón óptico ultraligero con cable mallado suave y deslizamiento perfecto.,920.49,7
TAB-4549,Tableta Huawei MatePad 11 Max,Tableta versátil con pantalla de alta resolución ideal para estudio y entretenimiento.,30.19,66
ACC-4550,Webcam Logitech C920 HD Pro v1,Dispositivo de almacenamiento rápido y confiable para respaldos de datos.,201.76,75
CAM-4551,Cámara Canon EOS M50 v1,Cámara de acción resistente al agua con estabilización de imagen avanzada.,1404.86,25
LAP-4552,Laptop Lenovo ThinkPad X1 Carbon v1,"Equipo portátil para trabajo pesado, edición de video y multitarea.",1651.00,12
TEL-4553,Teléfono Xiaomi 13 Pro v1,Smartphone de gama alta con pantalla AMOLED y cámara de alta resolución.,282.17,8
AUD-4554,Audífonos Sennheiser Momentum 4 v1,Auriculares in-ear con audio espacial y estuche de carga inalámbrica.,1670.36,35
MON-4555,Monitor BenQ EW3270U v1,Monitor curvo e inmersivo con panel IPS e iluminación de baja fatiga visual.,1344.37,89
REL-4556,Reloj Huawei Watch GT 3 v1,Reloj inteligente elegante con control de notificaciones y seguimiento fit.,350.20,24
TECL-4557,Teclado Redragon Kumara K552 v1,Teclado mecánico gamer con retroiluminación RGB configurable.,691.68,44
RAT-4558,Ratón Microsoft Bluetooth Ergonomic v1,Ratón gamer ligero de alta precisión con sensor óptico de alta definición.,656.98,75
TAB-4559,Tableta Huawei MatePad 11 v1,Dispositivo multimedia portátil con altavoces estéreo y gran autonomía.,610.93,20
ACC-4560,Webcam Logitech C920 HD Pro v2,Componente de conectividad portátil para expandir los puertos de tus dispositivos.,140.92,31
CAM-4561,Cámara Canon EOS M50 v2,Cámara mirrorless compacta con resolución 4K y sensor APS-C.,1241.25,63
LAP-4562,Laptop Lenovo ThinkPad X1 Carbon v2,Laptop gamer de última generación con tarjeta gráfica dedicada y pantalla 144Hz.,1273.36,70
TEL-4563,Teléfono Xiaomi 13 Pro v2,"Dispositivo con carga superrápida, batería de larga duración y pantalla de 120Hz.",463.27,38
AUD-4564,Audífonos Sennheiser Momentum 4 v2,Diadema ergonómica con graves profundos y batería de más de 30 horas.,1381.88,71
MON-4565,Monitor BenQ EW3270U v2,Monitor gaming con tasa de refresco rápida y tiempo de respuesta de 1ms.,1255.75,21
REL-4566,Reloj Huawei Watch GT 3 v2,Smartwatch deportivo resistente al agua con sensores de salud avanzados.,1889.72,59
TECL-4567,Teclado Redragon Kumara K552 v2,Teclado mecánico compacto hot-swappable ideal para programación y oficina.,1642.20,70
RAT-4568,Ratón Microsoft Bluetooth Ergonomic v2,Ratón óptico ultraligero con cable mallado suave y deslizamiento perfecto.,103.97,74
TAB-4569,Tableta Huawei MatePad 11 v2,Tableta versátil con pantalla de alta resolución ideal para estudio y entretenimiento.,1578.04,77
ACC-4570,Webcam Logitech C920 HD Pro Pro,Dispositivo de almacenamiento rápido y confiable para respaldos de datos.,705.79,19
CAM-4571,Cámara Canon EOS M50 Pro,Cámara de acción resistente al agua con estabilización de imagen avanzada.,1258.74,43
LAP-4572,Laptop Lenovo ThinkPad X1 Carbon Pro,"Equipo portátil para trabajo pesado, edición de video y multitarea.",1114.35,4
TEL-4573,Teléfono Xiaomi 13 Pro Pro,Smartphone de gama alta con pantalla AMOLED y cámara de alta resolución.,777.90,46
AUD-4574,Audífonos Sennheiser Momentum 4 Pro,Auriculares in-ear con audio espacial y estuche de carga inalámbrica.,412.80,27
MON-4575,Monitor BenQ EW3270U Pro,Monitor curvo e inmersivo con panel IPS e iluminación de baja fatiga visual.,632.26,45
REL-4576,Reloj Huawei Watch GT 3 Pro,Reloj inteligente elegante con control de notificaciones y seguimiento fit.,1724.02,54
TECL-4577,Teclado Redragon Kumara K552 Pro,Teclado mecánico gamer con retroiluminación RGB configurable.,586.64,48
RAT-4578,Ratón Microsoft Bluetooth Ergonomic Pro,Ratón gamer ligero de alta precisión con sensor óptico de alta definición.,1795.28,91
TAB-4579,Tableta Huawei MatePad 11 Pro,Dispositivo multimedia portátil con altavoces estéreo y gran autonomía.,530.28,19
ACC-4580,Webcam Logitech C920 HD Pro Plus,Componente de conectividad portátil para expandir los puertos de tus dispositivos.,1671.39,2
CAM-4581,Cámara Canon EOS M50 Plus,Cámara mirrorless compacta con resolución 4K y sensor APS-C.,1405.71,25
LAP-4582,Laptop Lenovo ThinkPad X1 Carbon Plus,Laptop gamer de última generación con tarjeta gráfica dedicada y pantalla 144Hz.,1427.68,87
TEL-4583,Teléfono Xiaomi 13 Pro Plus,"Dispositivo con carga superrápida, batería de larga duración y pantalla de 120Hz.",1688.15,65
AUD-4584,Audífonos Sennheiser Momentum 4 Plus,Diadema ergonómica con graves profundos y batería de más de 30 horas.,1795.42,3
MON-4585,Monitor BenQ EW3270U Plus,Monitor gaming con tasa de refresco rápida y tiempo de respuesta de 1ms.,1441.01,23
REL-4586,Reloj Huawei Watch GT 3 Plus,Smartwatch deportivo resistente al agua con sensores de salud avanzados.,1875.30,47
TECL-4587,Teclado Redragon Kumara K552 Plus,Teclado mecánico compacto hot-swappable ideal para programación y oficina.,1301.81,75
RAT-4588,Ratón Microsoft Bluetooth Ergonomic Plus,Ratón óptico ultraligero con cable mallado suave y deslizamiento perfecto.,986.24,94
TAB-4589,Tableta Huawei MatePad 11 Plus,Tableta versátil con pantalla de alta resolución ideal para estudio y entretenimiento.,132.58,46
ACC-4590,Webcam Logitech C920 HD Pro Ultra,Dispositivo de almacenamiento rápido y confiable para respaldos de datos.,1370.31,72
CAM-4591,Cámara Canon EOS M50 Ultra,Cámara de acción resistente al agua con estabilización de imagen avanzada.,1747.81,39
LAP-4592,Laptop Lenovo ThinkPad X1 Carbon Ultra,"Equipo portátil para trabajo pesado, edición de video y multitarea.",931.89,90
TEL-4593,Teléfono Xiaomi 13 Pro Ultra,Smartphone de gama alta con pantalla AMOLED y cámara de alta resolución.,1315.55,98
AUD-4594,Audífonos Sennheiser Momentum 4 Ultra,Auriculares in-ear con audio espacial y estuche de carga inalámbrica.,207.53,13
MON-4595,Monitor BenQ EW3270U Ultra,Monitor curvo e inmersivo con panel IPS e iluminación de baja fatiga visual.,55.32,38
REL-4596,Reloj Huawei Watch GT 3 Ultra,Reloj inteligente elegante con control de notificaciones y seguimiento fit.,1352.13,40
TECL-4597,Teclado Redragon Kumara K552 Ultra,Teclado mecánico gamer con retroiluminación RGB configurable.,360.29,41
RAT-4598,Ratón Microsoft Bluetooth Ergonomic Ultra,Ratón gamer ligero de alta precisión con sensor óptico de alta definición.,1869.85,50
TAB-4599,Tableta Huawei MatePad 11 Ultra,Dispositivo multimedia portátil con altavoces estéreo y gran autonomía.,1377.46,82
ACC-4600,Webcam Logitech C920 HD Pro Lite,Componente de conectividad portátil para expandir los puertos de tus dispositivos.,1389.77,96
CAM-4601,Cámara Canon EOS M50 Lite,Cámara mirrorless compacta con resolución 4K y sensor APS-C.,327.80,66
LAP-4602,Laptop Lenovo ThinkPad X1 Carbon Lite,Laptop gamer de última generación con tarjeta gráfica dedicada y pantalla 144Hz.,1123.66,92
TEL-4603,Teléfono Xiaomi 13 Pro Lite,"Dispositivo con carga superrápida, batería de larga duración y pantalla de 120Hz.",1066.63,67
AUD-4604,Audífonos Sennheiser Momentum 4 Lite,Diadema ergonómica con graves profundos y batería de más de 30 horas.,91.89,71
MON-4605,Monitor BenQ EW3270U Lite,Monitor gaming con tasa de refresco rápida y tiempo de respuesta de 1ms.,1050.36,31
REL-4606,Reloj Huawei Watch GT 3 Lite,Smartwatch deportivo resistente al agua con sensores de salud avanzados.,1047.44,2
TECL-4607,Teclado Redragon Kumara K552 Lite,Teclado mecánico compacto hot-swappable ideal para programación y oficina.,533.90,24
RAT-4608,Ratón Microsoft Bluetooth Ergonomic Lite,Ratón óptico ultraligero con cable mallado suave y deslizamiento perfecto.,1869.28,75
TAB-4609,Tableta Huawei MatePad 11 Lite,Tableta versátil con pantalla de alta resolución ideal para estudio y entretenimiento.,160.55,41
ACC-4610,Webcam Logitech C920 HD Pro Edition 2024,Dispositivo de almacenamiento rápido y confiable para respaldos de datos.,744.74,60
CAM-4611,Cámara Canon EOS M50 Edition 2024,Cámara de acción resistente al agua con estabilización de imagen avanzada.,446.57,14
LAP-4612,Laptop Lenovo ThinkPad X1 Carbon Edition 2024,"Equipo portátil para trabajo pesado, edición de video y multitarea.",639.55,23
TEL-4613,Teléfono Xiaomi 13 Pro Edition 2024,Smartphone de gama alta con pantalla AMOLED y cámara de alta resolución.,85.87,44
AUD-4614,Audífonos Sennheiser Momentum 4 Edition 2024,Auriculares in-ear con audio espacial y estuche de carga inalámbrica.,1493.44,99
MON-4615,Monitor BenQ EW3270U Edition 2024,Monitor curvo e inmersivo con panel IPS e iluminación de baja fatiga visual.,1465.44,42
REL-4616,Reloj Huawei Watch GT 3 Edition 2024,Reloj inteligente elegante con control de notificaciones y seguimiento fit.,1889.84,81
TECL-4617,Teclado Redragon Kumara K552 Edition 2024,Teclado mecánico gamer con retroiluminación RGB configurable.,797.61,93
RAT-4618,Ratón Microsoft Bluetooth Ergonomic Edition 2024,Ratón gamer ligero de alta precisión con sensor óptico de alta definición.,1877.79,10
TAB-4619,Tableta Huawei MatePad 11 Edition 2024,Dispositivo multimedia portátil con altavoces estéreo y gran autonomía.,563.18,79
ACC-4620,Webcam Logitech C920 HD Pro Special Edition,Componente de conectividad portátil para expandir los puertos de tus dispositivos.,1112.85,55
CAM-4621,Cámara Canon EOS M50 Special Edition,Cámara mirrorless compacta con resolución 4K y sensor APS-C.,1634.80,76
LAP-4622,Laptop Lenovo ThinkPad X1 Carbon Special Edition,Laptop gamer de última generación con tarjeta gráfica dedicada y pantalla 144Hz.,184.23,60
TEL-4623,Teléfono Xiaomi 13 Pro Special Edition,"Dispositivo con carga superrápida, batería de larga duración y pantalla de 120Hz.",328.37,49
AUD-4624,Audífonos Sennheiser Momentum 4 Special Edition,Diadema ergonómica con graves profundos y batería de más de 30 horas.,1292.35,7
MON-4625,Monitor BenQ EW3270U Special Edition,Monitor gaming con tasa de refresco rápida y tiempo de respuesta de 1ms.,1012.83,69
REL-4626,Reloj Huawei Watch GT 3 Special Edition,Smartwatch deportivo resistente al agua con sensores de salud avanzados.,1558.78,51
TECL-4627,Teclado Redragon Kumara K552 Special Edition,Teclado mecánico compacto hot-swappable ideal para programación y oficina.,1177.75,69
RAT-4628,Ratón Microsoft Bluetooth Ergonomic Special Edition,Ratón óptico ultraligero con cable mallado suave y deslizamiento perfecto.,215.09,81
TAB-4629,Tableta Huawei MatePad 11 Special Edition,Tableta versátil con pantalla de alta resolución ideal para estudio y entretenimiento.,1389.71,70
ACC-4630,Webcam Logitech C920 HD Pro Edición Negra,Dispositivo de almacenamiento rápido y confiable para respaldos de datos.,122.18,27
CAM-4631,Cámara Canon EOS M50 Edición Negra,Cámara de acción resistente al agua con estabilización de imagen avanzada.,707.97,55
LAP-4632,Laptop Lenovo ThinkPad X1 Carbon Edición Negra,"Equipo portátil para trabajo pesado, edición de video y multitarea.",1070.24,57
TEL-4633,Teléfono Xiaomi 13 Pro Edición Negra,Smartphone de gama alta con pantalla AMOLED y cámara de alta resolución.,139.23,5
AUD-4634,Audífonos Sennheiser Momentum 4 Edición Negra,Auriculares in-ear con audio espacial y estuche de carga inalámbrica.,264.18,29
MON-4635,Monitor BenQ EW3270U Edición Negra,Monitor curvo e inmersivo con panel IPS e iluminación de baja fatiga visual.,1201.81,63
REL-4636,Reloj Huawei Watch GT 3 Edición Negra,Reloj inteligente elegante con control de notificaciones y seguimiento fit.,1383.38,93
TECL-4637,Teclado Redragon Kumara K552 Edición Negra,Teclado mecánico gamer con retroiluminación RGB configurable.,1492.92,50
RAT-4638,Ratón Microsoft Bluetooth Ergonomic Edición Negra,Ratón gamer ligero de alta precisión con sensor óptico de alta definición.,98.93,7
TAB-4639,Tableta Huawei MatePad 11 Edición Negra,Dispositivo multimedia portátil con altavoces estéreo y gran autonomía.,1140.91,67
ACC-4640,Webcam Logitech C920 HD Pro Edición Plata,Componente de conectividad portátil para expandir los puertos de tus dispositivos.,1707.57,11
CAM-4641,Cámara Canon EOS M50 Edición Plata,Cámara mirrorless compacta con resolución 4K y sensor APS-C.,1091.01,8
LAP-4642,Laptop Lenovo ThinkPad X1 Carbon Edición Plata,Laptop gamer de última generación con tarjeta gráfica dedicada y pantalla 144Hz.,75.15,76
TEL-4643,Teléfono Xiaomi 13 Pro Edición Plata,"Dispositivo con carga superrápida, batería de larga duración y pantalla de 120Hz.",310.41,3
AUD-4644,Audífonos Sennheiser Momentum 4 Edición Plata,Diadema ergonómica con graves profundos y batería de más de 30 horas.,514.32,36
MON-4645,Monitor BenQ EW3270U Edición Plata,Monitor gaming con tasa de refresco rápida y tiempo de respuesta de 1ms.,1291.02,94
REL-4646,Reloj Huawei Watch GT 3 Edición Plata,Smartwatch deportivo resistente al agua con sensores de salud avanzados.,667.02,59
TECL-4647,Teclado Redragon Kumara K552 Edición Plata,Teclado mecánico compacto hot-swappable ideal para programación y oficina.,181.60,55
RAT-4648,Ratón Microsoft Bluetooth Ergonomic Edición Plata,Ratón óptico ultraligero con cable mallado suave y deslizamiento perfecto.,1516.73,45
TAB-4649,Tableta Huawei MatePad 11 Edición Plata,Tableta versátil con pantalla de alta resolución ideal para estudio y entretenimiento.,1866.85,46
ACC-4650,Webcam Logitech C920 HD Pro S,Dispositivo de almacenamiento rápido y confiable para respaldos de datos.,689.04,89
CAM-4651,Cámara Canon EOS M50 S,Cámara de acción resistente al agua con estabilización de imagen avanzada.,1320.19,67
LAP-4652,Laptop Lenovo ThinkPad X1 Carbon S,"Equipo portátil para trabajo pesado, edición de video y multitarea.",475.26,21
TEL-4653,Teléfono Xiaomi 13 Pro S,Smartphone de gama alta con pantalla AMOLED y cámara de alta resolución.,468.18,52
AUD-4654,Audífonos Sennheiser Momentum 4 S,Auriculares in-ear con audio espacial y estuche de carga inalámbrica.,798.52,44
MON-4655,Monitor BenQ EW3270U S,Monitor curvo e inmersivo con panel IPS e iluminación de baja fatiga visual.,608.07,76
REL-4656,Reloj Huawei Watch GT 3 S,Reloj inteligente elegante con control de notificaciones y seguimiento fit.,623.90,55
TECL-4657,Teclado Redragon Kumara K552 S,Teclado mecánico gamer con retroiluminación RGB configurable.,1693.64,30
RAT-4658,Ratón Microsoft Bluetooth Ergonomic S,Ratón gamer ligero de alta precisión con sensor óptico de alta definición.,1115.74,51
TAB-4659,Tableta Huawei MatePad 11 S,Dispositivo multimedia portátil con altavoces estéreo y gran autonomía.,1784.32,47
ACC-4660,Webcam Logitech C920 HD Pro SE,Componente de conectividad portátil para expandir los puertos de tus dispositivos.,1764.56,49
CAM-4661,Cámara Canon EOS M50 SE,Cámara mirrorless compacta con resolución 4K y sensor APS-C.,1836.07,51
LAP-4662,Laptop Lenovo ThinkPad X1 Carbon SE,Laptop gamer de última generación con tarjeta gráfica dedicada y pantalla 144Hz.,1029.74,28
TEL-4663,Teléfono Xiaomi 13 Pro SE,"Dispositivo con carga superrápida, batería de larga duración y pantalla de 120Hz.",391.97,33
AUD-4664,Audífonos Sennheiser Momentum 4 SE,Diadema ergonómica con graves profundos y batería de más de 30 horas.,1599.62,63
MON-4665,Monitor BenQ EW3270U SE,Monitor gaming con tasa de refresco rápida y tiempo de respuesta de 1ms.,504.80,11
REL-4666,Reloj Huawei Watch GT 3 SE,Smartwatch deportivo resistente al agua con sensores de salud avanzados.,115.06,1
TECL-4667,Teclado Redragon Kumara K552 SE,Teclado mecánico compacto hot-swappable ideal para programación y oficina.,1830.58,6
RAT-4668,Ratón Microsoft Bluetooth Ergonomic SE,Ratón óptico ultraligero con cable mallado suave y deslizamiento perfecto.,244.85,85
TAB-4669,Tableta Huawei MatePad 11 SE,Tableta versátil con pantalla de alta resolución ideal para estudio y entretenimiento.,128.75,17
ACC-4670,Webcam Logitech C920 HD Pro Max,Dispositivo de almacenamiento rápido y confiable para respaldos de datos.,829.05,1
CAM-4671,Cámara Canon EOS M50 Max,Cámara de acción resistente al agua con estabilización de imagen avanzada.,198.25,3
LAP-4672,Laptop Lenovo ThinkPad X1 Carbon Max,"Equipo portátil para trabajo pesado, edición de video y multitarea.",827.97,39
TEL-4673,Teléfono Xiaomi 13 Pro Max,Smartphone de gama alta con pantalla AMOLED y cámara de alta resolución.,501.41,64
AUD-4674,Audífonos Sennheiser Momentum 4 Max,Auriculares in-ear con audio espacial y estuche de carga inalámbrica.,1071.61,62
MON-4675,Monitor BenQ EW3270U Max,Monitor curvo e inmersivo con panel IPS e iluminación de baja fatiga visual.,1220.10,46
REL-4676,Reloj Huawei Watch GT 3 Max,Reloj inteligente elegante con control de notificaciones y seguimiento fit.,1433.28,14
TECL-4677,Teclado Redragon Kumara K552 Max,Teclado mecánico gamer con retroiluminación RGB configurable.,1578.91,27
RAT-4678,Ratón Microsoft Bluetooth Ergonomic Max,Ratón gamer ligero de alta precisión con sensor óptico de alta definición.,1630.92,93
TAB-4679,Tableta Huawei MatePad 11 Max,Dispositivo multimedia portátil con altavoces estéreo y gran autonomía.,1482.19,97
ACC-4680,Webcam Logitech C920 HD Pro v1,Componente de conectividad portátil para expandir los puertos de tus dispositivos.,1756.02,99
CAM-4681,Cámara Canon EOS M50 v1,Cámara mirrorless compacta con resolución 4K y sensor APS-C.,175.20,65
LAP-4682,Laptop Lenovo ThinkPad X1 Carbon v1,Laptop gamer de última generación con tarjeta gráfica dedicada y pantalla 144Hz.,47.99,85
TEL-4683,Teléfono Xiaomi 13 Pro v1,"Dispositivo con carga superrápida, batería de larga duración y pantalla de 120Hz.",1731.28,18
AUD-4684,Audífonos Sennheiser Momentum 4 v1,Diadema ergonómica con graves profundos y batería de más de 30 horas.,1420.99,12
MON-4685,Monitor BenQ EW3270U v1,Monitor gaming con tasa de refresco rápida y tiempo de respuesta de 1ms.,738.69,27
REL-4686,Reloj Huawei Watch GT 3 v1,Smartwatch deportivo resistente al agua con sensores de salud avanzados.,923.01,30
TECL-4687,Teclado Redragon Kumara K552 v1,Teclado mecánico compacto hot-swappable ideal para programación y oficina.,1177.85,43
RAT-4688,Ratón Microsoft Bluetooth Ergonomic v1,Ratón óptico ultraligero con cable mallado suave y deslizamiento perfecto.,1680.89,86
TAB-4689,Tableta Huawei MatePad 11 v1,Tableta versátil con pantalla de alta resolución ideal para estudio y entretenimiento.,572.04,7
ACC-4690,Webcam Logitech C920 HD Pro v2,Dispositivo de almacenamiento rápido y confiable para respaldos de datos.,30.04,58
CAM-4691,Cámara Canon EOS M50 v2,Cámara de acción resistente al agua con estabilización de imagen avanzada.,899.07,89
LAP-4692,Laptop Lenovo ThinkPad X1 Carbon v2,"Equipo portátil para trabajo pesado, edición de video y multitarea.",529.46,23
TEL-4693,Teléfono Xiaomi 13 Pro v2,Smartphone de gama alta con pantalla AMOLED y cámara de alta resolución.,1771.20,69
AUD-4694,Audífonos Sennheiser Momentum 4 v2,Auriculares in-ear con audio espacial y estuche de carga inalámbrica.,85.42,11
MON-4695,Monitor BenQ EW3270U v2,Monitor curvo e inmersivo con panel IPS e iluminación de baja fatiga visual.,1639.35,41
REL-4696,Reloj Huawei Watch GT 3 v2,Reloj inteligente elegante con control de notificaciones y seguimiento fit.,571.27,98
TECL-4697,Teclado Redragon Kumara K552 v2,Teclado mecánico gamer con retroiluminación RGB configurable.,1516.83,30
RAT-4698,Ratón Microsoft Bluetooth Ergonomic v2,Ratón gamer ligero de alta precisión con sensor óptico de alta definición.,661.36,19
TAB-4699,Tableta Huawei MatePad 11 v2,Dispositivo multimedia portátil con altavoces estéreo y gran autonomía.,937.58,51
ACC-4700,Webcam Logitech C920 HD Pro Pro,Componente de conectividad portátil para expandir los puertos de tus dispositivos.,153.56,52
CAM-4701,Cámara Canon EOS M50 Pro,Cámara mirrorless compacta con resolución 4K y sensor APS-C.,771.80,43
LAP-4702,Laptop Lenovo ThinkPad X1 Carbon Pro,Laptop gamer de última generación con tarjeta gráfica dedicada y pantalla 144Hz.,1853.87,12
TEL-4703,Teléfono Xiaomi 13 Pro Pro,"Dispositivo con carga superrápida, batería de larga duración y pantalla de 120Hz.",1312.62,51
AUD-4704,Audífonos Sennheiser Momentum 4 Pro,Diadema ergonómica con graves profundos y batería de más de 30 horas.,1241.48,11
MON-4705,Monitor BenQ EW3270U Pro,Monitor gaming con tasa de refresco rápida y tiempo de respuesta de 1ms.,1127.60,94
REL-4706,Reloj Huawei Watch GT 3 Pro,Smartwatch deportivo resistente al agua con sensores de salud avanzados.,1321.32,26
TECL-4707,Teclado Redragon Kumara K552 Pro,Teclado mecánico compacto hot-swappable ideal para programación y oficina.,1109.47,31
RAT-4708,Ratón Microsoft Bluetooth Ergonomic Pro,Ratón óptico ultraligero con cable mallado suave y deslizamiento perfecto.,969.64,50
TAB-4709,Tableta Huawei MatePad 11 Pro,Tableta versátil con pantalla de alta resolución ideal para estudio y entretenimiento.,29.51,96
ACC-4710,Webcam Logitech C920 HD Pro Plus,Dispositivo de almacenamiento rápido y confiable para respaldos de datos.,56.40,98
CAM-4711,Cámara Canon EOS M50 Plus,Cámara de acción resistente al agua con estabilización de imagen avanzada.,272.19,63
LAP-4712,Laptop Lenovo ThinkPad X1 Carbon Plus,"Equipo portátil para trabajo pesado, edición de video y multitarea.",953.88,5
TEL-4713,Teléfono Xiaomi 13 Pro Plus,Smartphone de gama alta con pantalla AMOLED y cámara de alta resolución.,305.23,27
AUD-4714,Audífonos Sennheiser Momentum 4 Plus,Auriculares in-ear con audio espacial y estuche de carga inalámbrica.,1407.86,51
MON-4715,Monitor BenQ EW3270U Plus,Monitor curvo e inmersivo con panel IPS e iluminación de baja fatiga visual.,220.52,91
REL-4716,Reloj Huawei Watch GT 3 Plus,Reloj inteligente elegante con control de notificaciones y seguimiento fit.,545.16,88
TECL-4717,Teclado Redragon Kumara K552 Plus,Teclado mecánico gamer con retroiluminación RGB configurable.,950.97,77
RAT-4718,Ratón Microsoft Bluetooth Ergonomic Plus,Ratón gamer ligero de alta precisión con sensor óptico de alta definición.,84.38,24
TAB-4719,Tableta Huawei MatePad 11 Plus,Dispositivo multimedia portátil con altavoces estéreo y gran autonomía.,1573.20,9
ACC-4720,Webcam Logitech C920 HD Pro Ultra,Componente de conectividad portátil para expandir los puertos de tus dispositivos.,1808.20,8
CAM-4721,Cámara Canon EOS M50 Ultra,Cámara mirrorless compacta con resolución 4K y sensor APS-C.,686.74,22
LAP-4722,Laptop Lenovo ThinkPad X1 Carbon Ultra,Laptop gamer de última generación con tarjeta gráfica dedicada y pantalla 144Hz.,198.78,80
TEL-4723,Teléfono Xiaomi 13 Pro Ultra,"Dispositivo con carga superrápida, batería de larga duración y pantalla de 120Hz.",967.81,33
AUD-4724,Audífonos Sennheiser Momentum 4 Ultra,Diadema ergonómica con graves profundos y batería de más de 30 horas.,374.13,33
MON-4725,Monitor BenQ EW3270U Ultra,Monitor gaming con tasa de refresco rápida y tiempo de respuesta de 1ms.,1689.47,48
REL-4726,Reloj Huawei Watch GT 3 Ultra,Smartwatch deportivo resistente al agua con sensores de salud avanzados.,582.72,99
TECL-4727,Teclado Redragon Kumara K552 Ultra,Teclado mecánico compacto hot-swappable ideal para programación y oficina.,741.14,53
RAT-4728,Ratón Microsoft Bluetooth Ergonomic Ultra,Ratón óptico ultraligero con cable mallado suave y deslizamiento perfecto.,959.42,18
TAB-4729,Tableta Huawei MatePad 11 Ultra,Tableta versátil con pantalla de alta resolución ideal para estudio y entretenimiento.,169.56,77
ACC-4730,Webcam Logitech C920 HD Pro Lite,Dispositivo de almacenamiento rápido y confiable para respaldos de datos.,1383.65,47
CAM-4731,Cámara Canon EOS M50 Lite,Cámara de acción resistente al agua con estabilización de imagen avanzada.,856.04,86
LAP-4732,Laptop Lenovo ThinkPad X1 Carbon Lite,"Equipo portátil para trabajo pesado, edición de video y multitarea.",1568.76,61
TEL-4733,Teléfono Xiaomi 13 Pro Lite,Smartphone de gama alta con pantalla AMOLED y cámara de alta resolución.,61.86,43
AUD-4734,Audífonos Sennheiser Momentum 4 Lite,Auriculares in-ear con audio espacial y estuche de carga inalámbrica.,1540.41,55
MON-4735,Monitor BenQ EW3270U Lite,Monitor curvo e inmersivo con panel IPS e iluminación de baja fatiga visual.,1010.15,33
REL-4736,Reloj Huawei Watch GT 3 Lite,Reloj inteligente elegante con control de notificaciones y seguimiento fit.,1011.52,90
TECL-4737,Teclado Redragon Kumara K552 Lite,Teclado mecánico gamer con retroiluminación RGB configurable.,686.75,51
RAT-4738,Ratón Microsoft Bluetooth Ergonomic Lite,Ratón gamer ligero de alta precisión con sensor óptico de alta definición.,1058.22,75
TAB-4739,Tableta Huawei MatePad 11 Lite,Dispositivo multimedia portátil con altavoces estéreo y gran autonomía.,334.48,42
ACC-4740,Webcam Logitech C920 HD Pro Edition 2024,Componente de conectividad portátil para expandir los puertos de tus dispositivos.,261.27,80
CAM-4741,Cámara Canon EOS M50 Edition 2024,Cámara mirrorless compacta con resolución 4K y sensor APS-C.,86.36,37
LAP-4742,Laptop Lenovo ThinkPad X1 Carbon Edition 2024,Laptop gamer de última generación con tarjeta gráfica dedicada y pantalla 144Hz.,1217.77,71
TEL-4743,Teléfono Xiaomi 13 Pro Edition 2024,"Dispositivo con carga superrápida, batería de larga duración y pantalla de 120Hz.",1472.31,49
AUD-4744,Audífonos Sennheiser Momentum 4 Edition 2024,Diadema ergonómica con graves profundos y batería de más de 30 horas.,367.46,3
MON-4745,Monitor BenQ EW3270U Edition 2024,Monitor gaming con tasa de refresco rápida y tiempo de respuesta de 1ms.,1644.58,71
REL-4746,Reloj Huawei Watch GT 3 Edition 2024,Smartwatch deportivo resistente al agua con sensores de salud avanzados.,1051.39,64
TECL-4747,Teclado Redragon Kumara K552 Edition 2024,Teclado mecánico compacto hot-swappable ideal para programación y oficina.,1640.80,18
RAT-4748,Ratón Microsoft Bluetooth Ergonomic Edition 2024,Ratón óptico ultraligero con cable mallado suave y deslizamiento perfecto.,1195.28,4
TAB-4749,Tableta Huawei MatePad 11 Edition 2024,Tableta versátil con pantalla de alta resolución ideal para estudio y entretenimiento.,1666.40,14
ACC-4750,Webcam Logitech C920 HD Pro Special Edition,Dispositivo de almacenamiento rápido y confiable para respaldos de datos.,1131.44,29
CAM-4751,Cámara Canon EOS M50 Special Edition,Cámara de acción resistente al agua con estabilización de imagen avanzada.,857.82,21
LAP-4752,Laptop Lenovo ThinkPad X1 Carbon Special Edition,"Equipo portátil para trabajo pesado, edición de video y multitarea.",1328.75,80
TEL-4753,Teléfono Xiaomi 13 Pro Special Edition,Smartphone de gama alta con pantalla AMOLED y cámara de alta resolución.,1702.07,99
AUD-4754,Audífonos Sennheiser Momentum 4 Special Edition,Auriculares in-ear con audio espacial y estuche de carga inalámbrica.,710.77,72
MON-4755,Monitor BenQ EW3270U Special Edition,Monitor curvo e inmersivo con panel IPS e iluminación de baja fatiga visual.,401.93,31
REL-4756,Reloj Huawei Watch GT 3 Special Edition,Reloj inteligente elegante con control de notificaciones y seguimiento fit.,1460.52,60
TECL-4757,Teclado Redragon Kumara K552 Special Edition,Teclado mecánico gamer con retroiluminación RGB configurable.,1147.98,9
RAT-4758,Ratón Microsoft Bluetooth Ergonomic Special Edition,Ratón gamer ligero de alta precisión con sensor óptico de alta definición.,1020.91,55
TAB-4759,Tableta Huawei MatePad 11 Special Edition,Dispositivo multimedia portátil con altavoces estéreo y gran autonomía.,1409.16,97
ACC-4760,Webcam Logitech C920 HD Pro Edición Negra,Componente de conectividad portátil para expandir los puertos de tus dispositivos.,1329.00,4
CAM-4761,Cámara Canon EOS M50 Edición Negra,Cámara mirrorless compacta con resolución 4K y sensor APS-C.,1872.42,82
LAP-4762,Laptop Lenovo ThinkPad X1 Carbon Edición Negra,Laptop gamer de última generación con tarjeta gráfica dedicada y pantalla 144Hz.,926.22,43
TEL-4763,Teléfono Xiaomi 13 Pro Edición Negra,"Dispositivo con carga superrápida, batería de larga duración y pantalla de 120Hz.",211.85,82
AUD-4764,Audífonos Sennheiser Momentum 4 Edición Negra,Diadema ergonómica con graves profundos y batería de más de 30 horas.,1431.52,79
MON-4765,Monitor BenQ EW3270U Edición Negra,Monitor gaming con tasa de refresco rápida y tiempo de respuesta de 1ms.,872.50,77
REL-4766,Reloj Huawei Watch GT 3 Edición Negra,Smartwatch deportivo resistente al agua con sensores de salud avanzados.,1463.02,18
TECL-4767,Teclado Redragon Kumara K552 Edición Negra,Teclado mecánico compacto hot-swappable ideal para programación y oficina.,326.08,9
RAT-4768,Ratón Microsoft Bluetooth Ergonomic Edición Negra,Ratón óptico ultraligero con cable mallado suave y deslizamiento perfecto.,1464.56,42
TAB-4769,Tableta Huawei MatePad 11 Edición Negra,Tableta versátil con pantalla de alta resolución ideal para estudio y entretenimiento.,192.29,23
ACC-4770,Webcam Logitech C920 HD Pro Edición Plata,Dispositivo de almacenamiento rápido y confiable para respaldos de datos.,1411.29,89
CAM-4771,Cámara Canon EOS M50 Edición Plata,Cámara de acción resistente al agua con estabilización de imagen avanzada.,492.51,18
LAP-4772,Laptop Lenovo ThinkPad X1 Carbon Edición Plata,"Equipo portátil para trabajo pesado, edición de video y multitarea.",1718.39,91
TEL-4773,Teléfono Xiaomi 13 Pro Edición Plata,Smartphone de gama alta con pantalla AMOLED y cámara de alta resolución.,123.20,14
AUD-4774,Audífonos Sennheiser Momentum 4 Edición Plata,Auriculares in-ear con audio espacial y estuche de carga inalámbrica.,1273.81,7
MON-4775,Monitor BenQ EW3270U Edición Plata,Monitor curvo e inmersivo con panel IPS e iluminación de baja fatiga visual.,267.67,59
REL-4776,Reloj Huawei Watch GT 3 Edición Plata,Reloj inteligente elegante con control de notificaciones y seguimiento fit.,717.60,94
TECL-4777,Teclado Redragon Kumara K552 Edición Plata,Teclado mecánico gamer con retroiluminación RGB configurable.,1226.50,74
RAT-4778,Ratón Microsoft Bluetooth Ergonomic Edición Plata,Ratón gamer ligero de alta precisión con sensor óptico de alta definición.,528.44,22
TAB-4779,Tableta Huawei MatePad 11 Edición Plata,Dispositivo multimedia portátil con altavoces estéreo y gran autonomía.,546.30,19
ACC-4780,Webcam Logitech C920 HD Pro S,Componente de conectividad portátil para expandir los puertos de tus dispositivos.,1680.05,27
CAM-4781,Cámara Canon EOS M50 S,Cámara mirrorless compacta con resolución 4K y sensor APS-C.,1554.67,56
LAP-4782,Laptop Lenovo ThinkPad X1 Carbon S,Laptop gamer de última generación con tarjeta gráfica dedicada y pantalla 144Hz.,516.36,52
TEL-4783,Teléfono Xiaomi 13 Pro S,"Dispositivo con carga superrápida, batería de larga duración y pantalla de 120Hz.",252.22,3
AUD-4784,Audífonos Sennheiser Momentum 4 S,Diadema ergonómica con graves profundos y batería de más de 30 horas.,928.91,49
MON-4785,Monitor BenQ EW3270U S,Monitor gaming con tasa de refresco rápida y tiempo de respuesta de 1ms.,1890.26,84
REL-4786,Reloj Huawei Watch GT 3 S,Smartwatch deportivo resistente al agua con sensores de salud avanzados.,1584.76,56
TECL-4787,Teclado Redragon Kumara K552 S,Teclado mecánico compacto hot-swappable ideal para programación y oficina.,172.69,86
RAT-4788,Ratón Microsoft Bluetooth Ergonomic S,Ratón óptico ultraligero con cable mallado suave y deslizamiento perfecto.,264.47,57
TAB-4789,Tableta Huawei MatePad 11 S,Tableta versátil con pantalla de alta resolución ideal para estudio y entretenimiento.,1283.72,1
ACC-4790,Webcam Logitech C920 HD Pro SE,Dispositivo de almacenamiento rápido y confiable para respaldos de datos.,1647.83,19
CAM-4791,Cámara Canon EOS M50 SE,Cámara de acción resistente al agua con estabilización de imagen avanzada.,1179.25,40
LAP-4792,Laptop Lenovo ThinkPad X1 Carbon SE,"Equipo portátil para trabajo pesado, edición de video y multitarea.",869.15,11
TEL-4793,Teléfono Xiaomi 13 Pro SE,Smartphone de gama alta con pantalla AMOLED y cámara de alta resolución.,240.19,49
AUD-4794,Audífonos Sennheiser Momentum 4 SE,Auriculares in-ear con audio espacial y estuche de carga inalámbrica.,1627.76,89
MON-4795,Monitor BenQ EW3270U SE,Monitor curvo e inmersivo con panel IPS e iluminación de baja fatiga visual.,333.70,57
REL-4796,Reloj Huawei Watch GT 3 SE,Reloj inteligente elegante con control de notificaciones y seguimiento fit.,1041.48,70
TECL-4797,Teclado Redragon Kumara K552 SE,Teclado mecánico gamer con retroiluminación RGB configurable.,244.42,1
RAT-4798,Ratón Microsoft Bluetooth Ergonomic SE,Ratón gamer ligero de alta precisión con sensor óptico de alta definición.,1579.54,37
TAB-4799,Tableta Huawei MatePad 11 SE,Dispositivo multimedia portátil con altavoces estéreo y gran autonomía.,870.02,37
ACC-4800,Webcam Logitech C920 HD Pro Max,Componente de conectividad portátil para expandir los puertos de tus dispositivos.,1267.11,29
CAM-4801,Cámara Canon EOS M50 Max,Cámara mirrorless compacta con resolución 4K y sensor APS-C.,489.49,34
LAP-4802,Laptop Lenovo ThinkPad X1 Carbon Max,Laptop gamer de última generación con tarjeta gráfica dedicada y pantalla 144Hz.,1853.76,79
TEL-4803,Teléfono Xiaomi 13 Pro Max,"Dispositivo con carga superrápida, batería de larga duración y pantalla de 120Hz.",1600.01,74
AUD-4804,Audífonos Sennheiser Momentum 4 Max,Diadema ergonómica con graves profundos y batería de más de 30 horas.,1732.64,52
MON-4805,Monitor BenQ EW3270U Max,Monitor gaming con tasa de refresco rápida y tiempo de respuesta de 1ms.,231.27,41
REL-4806,Reloj Huawei Watch GT 3 Max,Smartwatch deportivo resistente al agua con sensores de salud avanzados.,800.28,73
TECL-4807,Teclado Redragon Kumara K552 Max,Teclado mecánico compacto hot-swappable ideal para programación y oficina.,1862.38,57
RAT-4808,Ratón Microsoft Bluetooth Ergonomic Max,Ratón óptico ultraligero con cable mallado suave y deslizamiento perfecto.,1550.93,57
TAB-4809,Tableta Huawei MatePad 11 Max,Tableta versátil con pantalla de alta resolución ideal para estudio y entretenimiento.,1843.77,36
ACC-4810,Webcam Logitech C920 HD Pro v1,Dispositivo de almacenamiento rápido y confiable para respaldos de datos.,495.11,45
CAM-4811,Cámara Canon EOS M50 v1,Cámara de acción resistente al agua con estabilización de imagen avanzada.,976.54,58
LAP-4812,Laptop Lenovo ThinkPad X1 Carbon v1,"Equipo portátil para trabajo pesado, edición de video y multitarea.",97.66,62
TEL-4813,Teléfono Xiaomi 13 Pro v1,Smartphone de gama alta con pantalla AMOLED y cámara de alta resolución.,1057.09,45
AUD-4814,Audífonos Sennheiser Momentum 4 v1,Auriculares in-ear con audio espacial y estuche de carga inalámbrica.,1891.69,55
MON-4815,Monitor BenQ EW3270U v1,Monitor curvo e inmersivo con panel IPS e iluminación de baja fatiga visual.,923.61,67
REL-4816,Reloj Huawei Watch GT 3 v1,Reloj inteligente elegante con control de notificaciones y seguimiento fit.,582.59,63
TECL-4817,Teclado Redragon Kumara K552 v1,Teclado mecánico gamer con retroiluminación RGB configurable.,45.18,19
RAT-4818,Ratón Microsoft Bluetooth Ergonomic v1,Ratón gamer ligero de alta precisión con sensor óptico de alta definición.,573.87,68
TAB-4819,Tableta Huawei MatePad 11 v1,Dispositivo multimedia portátil con altavoces estéreo y gran autonomía.,674.57,8
ACC-4820,Webcam Logitech C920 HD Pro v2,Componente de conectividad portátil para expandir los puertos de tus dispositivos.,228.86,13
CAM-4821,Cámara Canon EOS M50 v2,Cámara mirrorless compacta con resolución 4K y sensor APS-C.,842.42,41
LAP-4822,Laptop Lenovo ThinkPad X1 Carbon v2,Laptop gamer de última generación con tarjeta gráfica dedicada y pantalla 144Hz.,1664.94,59
TEL-4823,Teléfono Xiaomi 13 Pro v2,"Dispositivo con carga superrápida, batería de larga duración y pantalla de 120Hz.",1416.90,79
AUD-4824,Audífonos Sennheiser Momentum 4 v2,Diadema ergonómica con graves profundos y batería de más de 30 horas.,815.19,59
MON-4825,Monitor BenQ EW3270U v2,Monitor gaming con tasa de refresco rápida y tiempo de respuesta de 1ms.,1063.45,64
REL-4826,Reloj Huawei Watch GT 3 v2,Smartwatch deportivo resistente al agua con sensores de salud avanzados.,1136.70,84
TECL-4827,Teclado Redragon Kumara K552 v2,Teclado mecánico compacto hot-swappable ideal para programación y oficina.,35.74,30
RAT-4828,Ratón Microsoft Bluetooth Ergonomic v2,Ratón óptico ultraligero con cable mallado suave y deslizamiento perfecto.,890.51,45
TAB-4829,Tableta Huawei MatePad 11 v2,Tableta versátil con pantalla de alta resolución ideal para estudio y entretenimiento.,1853.27,28
ACC-4830,Webcam Logitech C920 HD Pro Pro,Dispositivo de almacenamiento rápido y confiable para respaldos de datos.,152.87,8
CAM-4831,Cámara Canon EOS M50 Pro,Cámara de acción resistente al agua con estabilización de imagen avanzada.,1196.02,80
LAP-4832,Laptop Lenovo ThinkPad X1 Carbon Pro,"Equipo portátil para trabajo pesado, edición de video y multitarea.",974.54,16
TEL-4833,Teléfono Xiaomi 13 Pro Pro,Smartphone de gama alta con pantalla AMOLED y cámara de alta resolución.,770.61,37
AUD-4834,Audífonos Sennheiser Momentum 4 Pro,Auriculares in-ear con audio espacial y estuche de carga inalámbrica.,1255.36,49
MON-4835,Monitor BenQ EW3270U Pro,Monitor curvo e inmersivo con panel IPS e iluminación de baja fatiga visual.,1255.38,74
REL-4836,Reloj Huawei Watch GT 3 Pro,Reloj inteligente elegante con control de notificaciones y seguimiento fit.,613.88,25
TECL-4837,Teclado Redragon Kumara K552 Pro,Teclado mecánico gamer con retroiluminación RGB configurable.,1544.00,15
RAT-4838,Ratón Microsoft Bluetooth Ergonomic Pro,Ratón gamer ligero de alta precisión con sensor óptico de alta definición.,1444.66,64
TAB-4839,Tableta Huawei MatePad 11 Pro,Dispositivo multimedia portátil con altavoces estéreo y gran autonomía.,336.35,97
ACC-4840,Webcam Logitech C920 HD Pro Plus,Componente de conectividad portátil para expandir los puertos de tus dispositivos.,1707.93,48
CAM-4841,Cámara Canon EOS M50 Plus,Cámara mirrorless compacta con resolución 4K y sensor APS-C.,154.66,81
LAP-4842,Laptop Lenovo ThinkPad X1 Carbon Plus,Laptop gamer de última generación con tarjeta gráfica dedicada y pantalla 144Hz.,133.34,79
TEL-4843,Teléfono Xiaomi 13 Pro Plus,"Dispositivo con carga superrápida, batería de larga duración y pantalla de 120Hz.",1387.39,36
AUD-4844,Audífonos Sennheiser Momentum 4 Plus,Diadema ergonómica con graves profundos y batería de más de 30 horas.,485.95,39
MON-4845,Monitor BenQ EW3270U Plus,Monitor gaming con tasa de refresco rápida y tiempo de respuesta de 1ms.,652.46,24
REL-4846,Reloj Huawei Watch GT 3 Plus,Smartwatch deportivo resistente al agua con sensores de salud avanzados.,854.88,58
TECL-4847,Teclado Redragon Kumara K552 Plus,Teclado mecánico compacto hot-swappable ideal para programación y oficina.,629.00,57
RAT-4848,Ratón Microsoft Bluetooth Ergonomic Plus,Ratón óptico ultraligero con cable mallado suave y deslizamiento perfecto.,1160.22,39
TAB-4849,Tableta Huawei MatePad 11 Plus,Tableta versátil con pantalla de alta resolución ideal para estudio y entretenimiento.,1151.92,63
ACC-4850,Webcam Logitech C920 HD Pro Ultra,Dispositivo de almacenamiento rápido y confiable para respaldos de datos.,1771.51,3
CAM-4851,Cámara Canon EOS M50 Ultra,Cámara de acción resistente al agua con estabilización de imagen avanzada.,1377.95,42
LAP-4852,Laptop Lenovo ThinkPad X1 Carbon Ultra,"Equipo portátil para trabajo pesado, edición de video y multitarea.",197.90,45
TEL-4853,Teléfono Xiaomi 13 Pro Ultra,Smartphone de gama alta con pantalla AMOLED y cámara de alta resolución.,547.38,25
AUD-4854,Audífonos Sennheiser Momentum 4 Ultra,Auriculares in-ear con audio espacial y estuche de carga inalámbrica.,1436.49,80
MON-4855,Monitor BenQ EW3270U Ultra,Monitor curvo e inmersivo con panel IPS e iluminación de baja fatiga visual.,1251.27,72
REL-4856,Reloj Huawei Watch GT 3 Ultra,Reloj inteligente elegante con control de notificaciones y seguimiento fit.,1637.77,52
TECL-4857,Teclado Redragon Kumara K552 Ultra,Teclado mecánico gamer con retroiluminación RGB configurable.,1417.15,6
RAT-4858,Ratón Microsoft Bluetooth Ergonomic Ultra,Ratón gamer ligero de alta precisión con sensor óptico de alta definición.,1647.76,42
TAB-4859,Tableta Huawei MatePad 11 Ultra,Dispositivo multimedia portátil con altavoces estéreo y gran autonomía.,89.02,38
ACC-4860,Webcam Logitech C920 HD Pro Lite,Componente de conectividad portátil para expandir los puertos de tus dispositivos.,798.24,53
CAM-4861,Cámara Canon EOS M50 Lite,Cámara mirrorless compacta con resolución 4K y sensor APS-C.,1763.18,21
LAP-4862,Laptop Lenovo ThinkPad X1 Carbon Lite,Laptop gamer de última generación con tarjeta gráfica dedicada y pantalla 144Hz.,87.84,8
TEL-4863,Teléfono Xiaomi 13 Pro Lite,"Dispositivo con carga superrápida, batería de larga duración y pantalla de 120Hz.",1026.27,63
AUD-4864,Audífonos Sennheiser Momentum 4 Lite,Diadema ergonómica con graves profundos y batería de más de 30 horas.,60.04,36
MON-4865,Monitor BenQ EW3270U Lite,Monitor gaming con tasa de refresco rápida y tiempo de respuesta de 1ms.,115.03,88
REL-4866,Reloj Huawei Watch GT 3 Lite,Smartwatch deportivo resistente al agua con sensores de salud avanzados.,465.73,55
TECL-4867,Teclado Redragon Kumara K552 Lite,Teclado mecánico compacto hot-swappable ideal para programación y oficina.,1022.76,85
RAT-4868,Ratón Microsoft Bluetooth Ergonomic Lite,Ratón óptico ultraligero con cable mallado suave y deslizamiento perfecto.,1754.74,86
TAB-4869,Tableta Huawei MatePad 11 Lite,Tableta versátil con pantalla de alta resolución ideal para estudio y entretenimiento.,143.63,67
ACC-4870,Webcam Logitech C920 HD Pro Edition 2024,Dispositivo de almacenamiento rápido y confiable para respaldos de datos.,600.79,30
CAM-4871,Cámara Canon EOS M50 Edition 2024,Cámara de acción resistente al agua con estabilización de imagen avanzada.,748.39,38
LAP-4872,Laptop Lenovo ThinkPad X1 Carbon Edition 2024,"Equipo portátil para trabajo pesado, edición de video y multitarea.",552.96,5
TEL-4873,Teléfono Xiaomi 13 Pro Edition 2024,Smartphone de gama alta con pantalla AMOLED y cámara de alta resolución.,1299.36,71
AUD-4874,Audífonos Sennheiser Momentum 4 Edition 2024,Auriculares in-ear con audio espacial y estuche de carga inalámbrica.,1403.47,9
MON-4875,Monitor BenQ EW3270U Edition 2024,Monitor curvo e inmersivo con panel IPS e iluminación de baja fatiga visual.,845.09,52
REL-4876,Reloj Huawei Watch GT 3 Edition 2024,Reloj inteligente elegante con control de notificaciones y seguimiento fit.,909.75,74
TECL-4877,Teclado Redragon Kumara K552 Edition 2024,Teclado mecánico gamer con retroiluminación RGB configurable.,1603.24,73
RAT-4878,Ratón Microsoft Bluetooth Ergonomic Edition 2024,Ratón gamer ligero de alta precisión con sensor óptico de alta definición.,760.20,99
TAB-4879,Tableta Huawei MatePad 11 Edition 2024,Dispositivo multimedia portátil con altavoces estéreo y gran autonomía.,875.86,83
ACC-4880,Webcam Logitech C920 HD Pro Special Edition,Componente de conectividad portátil para expandir los puertos de tus dispositivos.,997.11,19
CAM-4881,Cámara Canon EOS M50 Special Edition,Cámara mirrorless compacta con resolución 4K y sensor APS-C.,94.36,97
LAP-4882,Laptop Lenovo ThinkPad X1 Carbon Special Edition,Laptop gamer de última generación con tarjeta gráfica dedicada y pantalla 144Hz.,788.34,28
TEL-4883,Teléfono Xiaomi 13 Pro Special Edition,"Dispositivo con carga superrápida, batería de larga duración y pantalla de 120Hz.",1409.46,72
AUD-4884,Audífonos Sennheiser Momentum 4 Special Edition,Diadema ergonómica con graves profundos y batería de más de 30 horas.,103.83,28
MON-4885,Monitor BenQ EW3270U Special Edition,Monitor gaming con tasa de refresco rápida y tiempo de respuesta de 1ms.,433.16,42
REL-4886,Reloj Huawei Watch GT 3 Special Edition,Smartwatch deportivo resistente al agua con sensores de salud avanzados.,1147.03,63
TECL-4887,Teclado Redragon Kumara K552 Special Edition,Teclado mecánico compacto hot-swappable ideal para programación y oficina.,1783.25,59
RAT-4888,Ratón Microsoft Bluetooth Ergonomic Special Edition,Ratón óptico ultraligero con cable mallado suave y deslizamiento perfecto.,629.98,8
TAB-4889,Tableta Huawei MatePad 11 Special Edition,Tableta versátil con pantalla de alta resolución ideal para estudio y entretenimiento.,463.13,7
ACC-4890,Webcam Logitech C920 HD Pro Edición Negra,Dispositivo de almacenamiento rápido y confiable para respaldos de datos.,706.89,25
CAM-4891,Cámara Canon EOS M50 Edición Negra,Cámara de acción resistente al agua con estabilización de imagen avanzada.,1101.30,36
LAP-4892,Laptop Lenovo ThinkPad X1 Carbon Edición Negra,"Equipo portátil para trabajo pesado, edición de video y multitarea.",1265.40,65
TEL-4893,Teléfono Xiaomi 13 Pro Edición Negra,Smartphone de gama alta con pantalla AMOLED y cámara de alta resolución.,1251.12,83
AUD-4894,Audífonos Sennheiser Momentum 4 Edición Negra,Auriculares in-ear con audio espacial y estuche de carga inalámbrica.,414.92,1
MON-4895,Monitor BenQ EW3270U Edición Negra,Monitor curvo e inmersivo con panel IPS e iluminación de baja fatiga visual.,1266.19,83
REL-4896,Reloj Huawei Watch GT 3 Edición Negra,Reloj inteligente elegante con control de notificaciones y seguimiento fit.,1373.63,47
TECL-4897,Teclado Redragon Kumara K552 Edición Negra,Teclado mecánico gamer con retroiluminación RGB configurable.,849.62,29
RAT-4898,Ratón Microsoft Bluetooth Ergonomic Edición Negra,Ratón gamer ligero de alta precisión con sensor óptico de alta definición.,1790.36,73
TAB-4899,Tableta Huawei MatePad 11 Edición Negra,Dispositivo multimedia portátil con altavoces estéreo y gran autonomía.,835.54,87
ACC-4900,Webcam Logitech C920 HD Pro Edición Plata,Componente de conectividad portátil para expandir los puertos de tus dispositivos.,1498.66,33
CAM-4901,Cámara Canon EOS M50 Edición Plata,Cámara mirrorless compacta con resolución 4K y sensor APS-C.,1193.67,76
LAP-4902,Laptop Lenovo ThinkPad X1 Carbon Edición Plata,Laptop gamer de última generación con tarjeta gráfica dedicada y pantalla 144Hz.,146.88,49
TEL-4903,Teléfono Xiaomi 13 Pro Edición Plata,"Dispositivo con carga superrápida, batería de larga duración y pantalla de 120Hz.",1764.69,95
AUD-4904,Audífonos Sennheiser Momentum 4 Edición Plata,Diadema ergonómica con graves profundos y batería de más de 30 horas.,1339.61,88
MON-4905,Monitor BenQ EW3270U Edición Plata,Monitor gaming con tasa de refresco rápida y tiempo de respuesta de 1ms.,125.44,94
REL-4906,Reloj Huawei Watch GT 3 Edición Plata,Smartwatch deportivo resistente al agua con sensores de salud avanzados.,296.14,34
TECL-4907,Teclado Redragon Kumara K552 Edición Plata,Teclado mecánico compacto hot-swappable ideal para programación y oficina.,1276.37,96
RAT-4908,Ratón Microsoft Bluetooth Ergonomic Edición Plata,Ratón óptico ultraligero con cable mallado suave y deslizamiento perfecto.,1564.37,4
TAB-4909,Tableta Huawei MatePad 11 Edición Plata,Tableta versátil con pantalla de alta resolución ideal para estudio y entretenimiento.,1489.00,55
ACC-4910,Webcam Logitech C920 HD Pro S,Dispositivo de almacenamiento rápido y confiable para respaldos de datos.,173.12,49
CAM-4911,Cámara Canon EOS M50 S,Cámara de acción resistente al agua con estabilización de imagen avanzada.,975.14,82
LAP-4912,Laptop Lenovo ThinkPad X1 Carbon S,"Equipo portátil para trabajo pesado, edición de video y multitarea.",150.80,23
TEL-4913,Teléfono Xiaomi 13 Pro S,Smartphone de gama alta con pantalla AMOLED y cámara de alta resolución.,1752.59,59
AUD-4914,Audífonos Sennheiser Momentum 4 S,Auriculares in-ear con audio espacial y estuche de carga inalámbrica.,1625.33,81
MON-4915,Monitor BenQ EW3270U S,Monitor curvo e inmersivo con panel IPS e iluminación de baja fatiga visual.,1828.76,65
REL-4916,Reloj Huawei Watch GT 3 S,Reloj inteligente elegante con control de notificaciones y seguimiento fit.,1552.02,1
TECL-4917,Teclado Redragon Kumara K552 S,Teclado mecánico gamer con retroiluminación RGB configurable.,819.73,75
RAT-4918,Ratón Microsoft Bluetooth Ergonomic S,Ratón gamer ligero de alta precisión con sensor óptico de alta definición.,1399.57,61
TAB-4919,Tableta Huawei MatePad 11 S,Dispositivo multimedia portátil con altavoces estéreo y gran autonomía.,1513.43,87
ACC-4920,Webcam Logitech C920 HD Pro SE,Componente de conectividad portátil para expandir los puertos de tus dispositivos.,1733.31,34
CAM-4921,Cámara Canon EOS M50 SE,Cámara mirrorless compacta con resolución 4K y sensor APS-C.,698.86,98
LAP-4922,Laptop Lenovo ThinkPad X1 Carbon SE,Laptop gamer de última generación con tarjeta gráfica dedicada y pantalla 144Hz.,1206.20,37
TEL-4923,Teléfono Xiaomi 13 Pro SE,"Dispositivo con carga superrápida, batería de larga duración y pantalla de 120Hz.",444.37,89
AUD-4924,Audífonos Sennheiser Momentum 4 SE,Diadema ergonómica con graves profundos y batería de más de 30 horas.,1391.81,96
MON-4925,Monitor BenQ EW3270U SE,Monitor gaming con tasa de refresco rápida y tiempo de respuesta de 1ms.,1833.66,92
REL-4926,Reloj Huawei Watch GT 3 SE,Smartwatch deportivo resistente al agua con sensores de salud avanzados.,776.18,68
TECL-4927,Teclado Redragon Kumara K552 SE,Teclado mecánico compacto hot-swappable ideal para programación y oficina.,77.74,68
RAT-4928,Ratón Microsoft Bluetooth Ergonomic SE,Ratón óptico ultraligero con cable mallado suave y deslizamiento perfecto.,1627.63,64
TAB-4929,Tableta Huawei MatePad 11 SE,Tableta versátil con pantalla de alta resolución ideal para estudio y entretenimiento.,1639.49,20
ACC-4930,Webcam Logitech C920 HD Pro Max,Dispositivo de almacenamiento rápido y confiable para respaldos de datos.,1185.51,40
CAM-4931,Cámara Canon EOS M50 Max,Cámara de acción resistente al agua con estabilización de imagen avanzada.,952.11,35
LAP-4932,Laptop Lenovo ThinkPad X1 Carbon Max,"Equipo portátil para trabajo pesado, edición de video y multitarea.",740.30,13
TEL-4933,Teléfono Xiaomi 13 Pro Max,Smartphone de gama alta con pantalla AMOLED y cámara de alta resolución.,803.00,81
AUD-4934,Audífonos Sennheiser Momentum 4 Max,Auriculares in-ear con audio espacial y estuche de carga inalámbrica.,848.59,27
MON-4935,Monitor BenQ EW3270U Max,Monitor curvo e inmersivo con panel IPS e iluminación de baja fatiga visual.,447.30,24
REL-4936,Reloj Huawei Watch GT 3 Max,Reloj inteligente elegante con control de notificaciones y seguimiento fit.,829.07,75
TECL-4937,Teclado Redragon Kumara K552 Max,Teclado mecánico gamer con retroiluminación RGB configurable.,210.86,14
RAT-4938,Ratón Microsoft Bluetooth Ergonomic Max,Ratón gamer ligero de alta precisión con sensor óptico de alta definición.,583.32,82
TAB-4939,Tableta Huawei MatePad 11 Max,Dispositivo multimedia portátil con altavoces estéreo y gran autonomía.,112.44,68
ACC-4940,Webcam Logitech C920 HD Pro v1,Componente de conectividad portátil para expandir los puertos de tus dispositivos.,533.46,36
CAM-4941,Cámara Canon EOS M50 v1,Cámara mirrorless compacta con resolución 4K y sensor APS-C.,209.32,17
LAP-4942,Laptop Lenovo ThinkPad X1 Carbon v1,Laptop gamer de última generación con tarjeta gráfica dedicada y pantalla 144Hz.,1730.70,39
TEL-4943,Teléfono Xiaomi 13 Pro v1,"Dispositivo con carga superrápida, batería de larga duración y pantalla de 120Hz.",1515.65,26
AUD-4944,Audífonos Sennheiser Momentum 4 v1,Diadema ergonómica con graves profundos y batería de más de 30 horas.,1880.92,63
MON-4945,Monitor BenQ EW3270U v1,Monitor gaming con tasa de refresco rápida y tiempo de respuesta de 1ms.,933.01,22
REL-4946,Reloj Huawei Watch GT 3 v1,Smartwatch deportivo resistente al agua con sensores de salud avanzados.,508.62,10
TECL-4947,Teclado Redragon Kumara K552 v1,Teclado mecánico compacto hot-swappable ideal para programación y oficina.,1759.23,51
RAT-4948,Ratón Microsoft Bluetooth Ergonomic v1,Ratón óptico ultraligero con cable mallado suave y deslizamiento perfecto.,255.35,84
TAB-4949,Tableta Huawei MatePad 11 v1,Tableta versátil con pantalla de alta resolución ideal para estudio y entretenimiento.,1107.75,62
ACC-4950,Webcam Logitech C920 HD Pro v2,Dispositivo de almacenamiento rápido y confiable para respaldos de datos.,403.08,55
CAM-4951,Cámara Canon EOS M50 v2,Cámara de acción resistente al agua con estabilización de imagen avanzada.,833.89,13
LAP-4952,Laptop Lenovo ThinkPad X1 Carbon v2,"Equipo portátil para trabajo pesado, edición de video y multitarea.",885.02,68
TEL-4953,Teléfono Xiaomi 13 Pro v2,Smartphone de gama alta con pantalla AMOLED y cámara de alta resolución.,722.49,76
AUD-4954,Audífonos Sennheiser Momentum 4 v2,Auriculares in-ear con audio espacial y estuche de carga inalámbrica.,920.94,42
MON-4955,Monitor BenQ EW3270U v2,Monitor curvo e inmersivo con panel IPS e iluminación de baja fatiga visual.,1434.19,93
REL-4956,Reloj Huawei Watch GT 3 v2,Reloj inteligente elegante con control de notificaciones y seguimiento fit.,749.53,10
TECL-4957,Teclado Redragon Kumara K552 v2,Teclado mecánico gamer con retroiluminación RGB configurable.,1580.49,44
RAT-4958,Ratón Microsoft Bluetooth Ergonomic v2,Ratón gamer ligero de alta precisión con sensor óptico de alta definición.,1751.31,92
TAB-4959,Tableta Huawei MatePad 11 v2,Dispositivo multimedia portátil con altavoces estéreo y gran autonomía.,665.80,25
ACC-4960,Webcam Logitech C920 HD Pro Pro,Componente de conectividad portátil para expandir los puertos de tus dispositivos.,985.39,19
CAM-4961,Cámara Canon EOS M50 Pro,Cámara mirrorless compacta con resolución 4K y sensor APS-C.,1236.95,1
LAP-4962,Laptop Lenovo ThinkPad X1 Carbon Pro,Laptop gamer de última generación con tarjeta gráfica dedicada y pantalla 144Hz.,807.54,23
TEL-4963,Teléfono Xiaomi 13 Pro Pro,"Dispositivo con carga superrápida, batería de larga duración y pantalla de 120Hz.",483.41,15
AUD-4964,Audífonos Sennheiser Momentum 4 Pro,Diadema ergonómica con graves profundos y batería de más de 30 horas.,200.13,55
MON-4965,Monitor BenQ EW3270U Pro,Monitor gaming con tasa de refresco rápida y tiempo de respuesta de 1ms.,702.39,7
REL-4966,Reloj Huawei Watch GT 3 Pro,Smartwatch deportivo resistente al agua con sensores de salud avanzados.,1381.18,3
TECL-4967,Teclado Redragon Kumara K552 Pro,Teclado mecánico compacto hot-swappable ideal para programación y oficina.,525.41,55
RAT-4968,Ratón Microsoft Bluetooth Ergonomic Pro,Ratón óptico ultraligero con cable mallado suave y deslizamiento perfecto.,1262.26,100
TAB-4969,Tableta Huawei MatePad 11 Pro,Tableta versátil con pantalla de alta resolución ideal para estudio y entretenimiento.,1746.18,19
ACC-4970,Webcam Logitech C920 HD Pro Plus,Dispositivo de almacenamiento rápido y confiable para respaldos de datos.,648.47,18
CAM-4971,Cámara Canon EOS M50 Plus,Cámara de acción resistente al agua con estabilización de imagen avanzada.,926.77,2
LAP-4972,Laptop Lenovo ThinkPad X1 Carbon Plus,"Equipo portátil para trabajo pesado, edición de video y multitarea.",1593.58,57
TEL-4973,Teléfono Xiaomi 13 Pro Plus,Smartphone de gama alta con pantalla AMOLED y cámara de alta resolución.,1009.70,60
AUD-4974,Audífonos Sennheiser Momentum 4 Plus,Auriculares in-ear con audio espacial y estuche de carga inalámbrica.,1337.19,95
MON-4975,Monitor BenQ EW3270U Plus,Monitor curvo e inmersivo con panel IPS e iluminación de baja fatiga visual.,1869.20,14
REL-4976,Reloj Huawei Watch GT 3 Plus,Reloj inteligente elegante con control de notificaciones y seguimiento fit.,1581.49,33
TECL-4977,Teclado Redragon Kumara K552 Plus,Teclado mecánico gamer con retroiluminación RGB configurable.,597.23,82
RAT-4978,Ratón Microsoft Bluetooth Ergonomic Plus,Ratón gamer ligero de alta precisión con sensor óptico de alta definición.,1840.58,76
TAB-4979,Tableta Huawei MatePad 11 Plus,Dispositivo multimedia portátil con altavoces estéreo y gran autonomía.,1617.10,69
ACC-4980,Webcam Logitech C920 HD Pro Ultra,Componente de conectividad portátil para expandir los puertos de tus dispositivos.,850.09,98
CAM-4981,Cámara Canon EOS M50 Ultra,Cámara mirrorless compacta con resolución 4K y sensor APS-C.,1457.43,96
LAP-4982,Laptop Lenovo ThinkPad X1 Carbon Ultra,Laptop gamer de última generación con tarjeta gráfica dedicada y pantalla 144Hz.,1683.51,86
TEL-4983,Teléfono Xiaomi 13 Pro Ultra,"Dispositivo con carga superrápida, batería de larga duración y pantalla de 120Hz.",904.40,11
AUD-4984,Audífonos Sennheiser Momentum 4 Ultra,Diadema ergonómica con graves profundos y batería de más de 30 horas.,402.12,61
MON-4985,Monitor BenQ EW3270U Ultra,Monitor gaming con tasa de refresco rápida y tiempo de respuesta de 1ms.,931.64,18
REL-4986,Reloj Huawei Watch GT 3 Ultra,Smartwatch deportivo resistente al agua con sensores de salud avanzados.,1855.15,58
TECL-4987,Teclado Redragon Kumara K552 Ultra,Teclado mecánico compacto hot-swappable ideal para programación y oficina.,535.83,92
RAT-4988,Ratón Microsoft Bluetooth Ergonomic Ultra,Ratón óptico ultraligero con cable mallado suave y deslizamiento perfecto.,1749.81,97
TAB-4989,Tableta Huawei MatePad 11 Ultra,Tableta versátil con pantalla de alta resolución ideal para estudio y entretenimiento.,1365.35,46
ACC-4990,Webcam Logitech C920 HD Pro Lite,Dispositivo de almacenamiento rápido y confiable para respaldos de datos.,1046.89,91
CAM-4991,Cámara Canon EOS M50 Lite,Cámara de acción resistente al agua con estabilización de imagen avanzada.,423.73,77
LAP-4992,Laptop Lenovo ThinkPad X1 Carbon Lite,"Equipo portátil para trabajo pesado, edición de video y multitarea.",475.23,89
TEL-4993,Teléfono Xiaomi 13 Pro Lite,Smartphone de gama alta con pantalla AMOLED y cámara de alta resolución.,1157.25,61
AUD-4994,Audífonos Sennheiser Momentum 4 Lite,Auriculares in-ear con audio espacial y estuche de carga inalámbrica.,176.13,66
MON-4995,Monitor BenQ EW3270U Lite,Monitor curvo e inmersivo con panel IPS e iluminación de baja fatiga visual.,1309.27,30
REL-4996,Reloj Huawei Watch GT 3 Lite,Reloj inteligente elegante con control de notificaciones y seguimiento fit.,1572.60,67
TECL-4997,Teclado Redragon Kumara K552 Lite,Teclado mecánico gamer con retroiluminación RGB configurable.,1717.21,24
RAT-4998,Ratón Microsoft Bluetooth Ergonomic Lite,Ratón gamer ligero de alta precisión con sensor óptico de alta definición.,1199.00,11
TAB-4999,Tableta Huawei MatePad 11 Lite,Dispositivo multimedia portátil con altavoces estéreo y gran autonomía.,1119.96,24
ACC-5000,Webcam Logitech C920 HD Pro Edition 2024,Componente de conectividad portátil para expandir los puertos de tus dispositivos.,455.09,51
